{"type": "FeatureCollection", "features": [{"type": "Feature", "properties": {"OBJECTID": 427, "Entidad": 0, "Objeto": "Provincia", "FNA": "Ciudad Autónoma de Buenos Aires", "GNA": "Ciudad Autónoma", "NAM": "Ciudad Autónoma de Buenos Aires", "SAG": "IGN", "FDC": "Geografía", "IN1": "02", "SHAPE_STAr": 0.0202417882723, "SHAPE_STLe": 0.743806468471}, "geometry": {"type": "Polygon", "coordinates": [[[-58.34188739699994, -34.631096716999934, 0.0], [-58.46139007099998, -34.705314975999954, 0.0], [-58.53146519599994, -34.61596621699994, 0.0], [-58.457476274999976, -34.526525524999954, 0.0], [-58.34188739699994, -34.631096716999934, 0.0]]]}}, {"type": "Feature", "properties": {"OBJECTID": 428, "Entidad": 0, "Objeto": "Provincia", "FNA": "Provincia del Neuquén", "GNA": "Provincia", "NAM": "Neuquén", "SAG": "IGN", "FDC": "Geografía", "IN1": "58", "SHAPE_STAr": 9.77181087612, "SHAPE_STLe": 21.5159845829}, "geometry": {"type": "Polygon", "coordinates": [[[-70.39345041599995, -36.15525721499995, 0.0], [-70.34392298599994, -36.33333333099995, 0.0], [-70.22535430699998, -36.32711963999998, 0.0], [-70.12257020799996, -36.57104769199998, 0.0], [-69.75965228399997, -36.87151955899998, 0.0], [-69.71154104699997, -37.10148297899997, 0.0], [-69.52957314999998, -37.17443591299997, 0.0], [-69.26831822599996, -37.144500955999945, 0.0], [-69.06413051699997, -37.22364668499995, 0.0], [-69.02604058699995, -37.364793100999975, 0.0], [-68.76608739399995, -37.36648458999997, 0.0], [-68.25000574099994, -37.57477676599996, 0.0], [-68.24999999999994, -38.68199999999996, 0.0], [-68.12060830099995, -38.747279584999944, 0.0], [-67.99808848499998, -38.995763539999984, 0.0], [-68.30159195799996, -38.975430236999955, 0.0], [-68.55987395199998, -39.07582661499998, 0.0], [-68.99987792999997, -39.515197753999985, 0.0], [-69.27709960899995, -39.596374511999954, 0.0], [-69.50699653699996, -39.81542319099998, 0.0], [-69.93175359299994, -39.94358289999997, 0.0], [-70.00537211199998, -40.04743376499994, 0.0], [-69.95027805499996, -40.17898488099996, 0.0], [-70.17056874199994, -40.48300863199995, 0.0], [-70.54248046899994, -40.50360107399996, 0.0], [-70.97650146499996, -40.64868164099994, 0.0], [-71.12079056999994, -40.75821976699996, 0.0], [-71.03202253999996, -40.93314543899993, 0.0], [-71.14164804499995, -41.055975854999986, 0.0], [-71.86107654499995, -41.03102405499993, 0.0], [-71.85818396399998, -40.87947887299998, 0.0], [-71.96504576499996, -40.727575582999975, 0.0], [-71.84395026699997, -40.62794305199998, 0.0], [-71.89042006899996, -40.556052499999964, 0.0], [-71.82495742899994, -40.42189823099994, 0.0], [-71.65682366099998, -40.36379605099995, 0.0], [-71.82448707699996, -40.23168591799998, 0.0], [-71.83113194799995, -40.10573530399995, 0.0], [-71.67356818799993, -40.10372540999998, 0.0], [-71.59268500399997, -39.91138050899997, 0.0], [-71.69153955299998, -39.84142098399997, 0.0], [-71.69868260599998, -39.58735606699997, 0.0], [-71.50240857399996, -39.63779735099996, 0.0], [-71.46111944399996, -39.58286111099994, 0.0], [-71.53438058499995, -39.53040786899993, 0.0], [-71.37409313199998, -39.28315856399996, 0.0], [-71.43360417199995, -38.92894357799997, 0.0], [-71.09381808499995, -38.75487805199998, 0.0], [-70.92672975599999, -38.76319724199993, 0.0], [-70.82641056899996, -38.59135336099996, 0.0], [-70.98401833299994, -38.430662489999975, 0.0], [-71.04296226199995, -38.12277177699997, 0.0], [-70.98799048799998, -38.08775190299997, 0.0], [-71.18299435099993, -37.858429917999956, 0.0], [-71.12643753699996, -37.820729737999955, 0.0], [-71.20630747699994, -37.647682722999946, 0.0], [-71.11817959799998, -37.468945305999966, 0.0], [-71.22104166699995, -37.27510555599997, 0.0], [-71.09229126099996, -37.11465407099996, 0.0], [-71.22239582599997, -36.97824551999997, 0.0], [-71.08801333699995, -36.93801934399994, 0.0], [-71.18001067599994, -36.841420840999945, 0.0], [-71.11325489699993, -36.67944458599993, 0.0], [-71.00920582599997, -36.69123719399994, 0.0], [-71.03691663199999, -36.47554571699993, 0.0], [-70.89388425699997, -36.47127180799998, 0.0], [-70.88377547399995, -36.396241215999964, 0.0], [-70.71297907199994, -36.42776764699994, 0.0], [-70.70620296199996, -36.27258514799996, 0.0], [-70.57642656299998, -36.13804804399996, 0.0], [-70.39345041599995, -36.15525721499995, 0.0]]]}}, {"type": "Feature", "properties": {"OBJECTID": 429, "Entidad": 0, "Objeto": "Provincia", "FNA": "Provincia de La Pampa", "GNA": "Provincia", "NAM": "La Pampa", "SAG": "IGN", "FDC": "Geografía", "IN1": "42", "SHAPE_STAr": 14.5530193016, "SHAPE_STLe": 19.665614461}, "geometry": {"type": "MultiPolygon", "coordinates": [[[[-64.76547241199995, -40.78351211499995, 0.0], [-64.75997924799998, -40.77439117399996, 0.0], [-64.75535583499993, -40.77439117399996, 0.0], [-64.75412750199996, -40.777545928999984, 0.0], [-64.76547241199995, -40.78351211499995, 0.0]]], [[[-64.83967590299994, -40.756069182999966, 0.0], [-64.84327697799995, -40.75620651199995, 0.0], [-64.83683013899997, -40.751445769999975, 0.0], [-64.83658599899996, -40.75222396899994, 0.0], [-64.83967590299994, -40.756069182999966, 0.0]]], [[[-64.90510559099994, -40.74242782599998, 0.0], [-64.90686798099995, -40.74135589599996, 0.0], [-64.90687560999999, -40.739185332999966, 0.0], [-64.90498352099996, -40.74000930799997, 0.0], [-64.90510559099994, -40.74242782599998, 0.0]]], [[[-64.46428512299997, -35.00005223299996, 0.0], [-63.385750460999986, -35.00013465599994, 0.0], [-63.383269419999976, -39.32849159699998, 0.0], [-64.39739990199996, -38.87322997999996, 0.0], [-65.11138915999999, -38.799499511999954, 0.0], [-65.37451171899994, -38.85571289099994, 0.0], [-65.58251953099995, -38.774291991999974, 0.0], [-65.69409179699994, -38.83319091799996, 0.0], [-66.08477783199999, -38.72558593799994, 0.0], [-66.53861539199994, -38.720852710999964, 0.0], [-66.63617329099998, -38.542393137999966, 0.0], [-67.15299221199996, -38.356795182999974, 0.0], [-67.18761336899996, -38.214503417999936, 0.0], [-67.54791259799998, -38.25628662099996, 0.0], [-67.74871826199995, -38.05810546899994, 0.0], [-67.85119628899997, -38.065795897999976, 0.0], [-67.90395009199995, -37.98357673199996, 0.0], [-67.72096954399996, -37.80642586299996, 0.0], [-67.79339599599996, -37.64630126999998, 0.0], [-68.24999999999994, -37.57669176599995, 0.0], [-68.29614532799997, -35.99955157199997, 0.0], [-65.11694529499994, -35.99952964299996, 0.0], [-65.11754591399995, -35.00000234799995, 0.0], [-64.46428512299997, -35.00005223299996, 0.0]]]]}}, {"type": "Feature", "properties": {"OBJECTID": 430, "Entidad": 0, "Objeto": "Provincia", "FNA": "Provincia de Mendoza", "GNA": "Provincia", "NAM": "Mendoza", "SAG": "IGN", "FDC": "Geografía", "IN1": "50", "SHAPE_STAr": 14.6583879434, "SHAPE_STLe": 23.2599861838}, "geometry": {"type": "Polygon", "coordinates": [[[-69.12569695099995, -32.002834984999936, 0.0], [-68.91761523299994, -32.11464642599998, 0.0], [-68.91761308999997, -32.33804154799998, 0.0], [-68.66571305899998, -32.33709716799996, 0.0], [-68.46289810099995, -32.237747268999954, 0.0], [-68.46304086799995, -32.137845599999935, 0.0], [-68.05139421199993, -32.07189941399997, 0.0], [-67.84588883999999, -32.223510741999974, 0.0], [-67.52118180899998, -32.22149658199993, 0.0], [-67.33130781899996, -32.35091821699996, 0.0], [-67.16685275099996, -32.75887219699996, 0.0], [-67.23246263999994, -32.88796644299998, 0.0], [-67.14589680799997, -33.43998313499998, 0.0], [-66.87425754899994, -33.83150636299996, 0.0], [-66.66661648199994, -33.95764548099993, 0.0], [-66.81306010799995, -34.34381642599993, 0.0], [-66.47857719999996, -35.14041758299993, 0.0], [-66.63626012699996, -35.99920144599997, 0.0], [-68.29614532799997, -35.99955157199997, 0.0], [-68.24997891199996, -37.57481355699997, 0.0], [-68.76608739399995, -37.36648458999997, 0.0], [-69.02604058699995, -37.364793100999975, 0.0], [-69.06413051699997, -37.22364668499995, 0.0], [-69.26831822599996, -37.144500955999945, 0.0], [-69.52957314999998, -37.17443591299997, 0.0], [-69.75446803999995, -37.07005702199996, 0.0], [-69.75965228399997, -36.87151955899998, 0.0], [-70.12257020799996, -36.57104769199998, 0.0], [-70.22535430699998, -36.32711963999998, 0.0], [-70.35906095299998, -36.30937426599996, 0.0], [-70.42547356099993, -36.09533625499995, 0.0], [-70.36477253599998, -35.92419521499994, 0.0], [-70.42196554899994, -35.87658585499997, 0.0], [-70.31196374899997, -35.813163575999965, 0.0], [-70.42379762299998, -35.64106470699994, 0.0], [-70.36827059699993, -35.51950323999995, 0.0], [-70.44652906099998, -35.46322768999994, 0.0], [-70.43189274799994, -35.318291504999934, 0.0], [-70.58331441099995, -35.270165264999946, 0.0], [-70.37502015999996, -35.17022201799995, 0.0], [-70.24819531899993, -34.79886821599996, 0.0], [-70.30626344099994, -34.747333881999964, 0.0], [-70.01229932699994, -34.411949909999976, 0.0], [-70.03084114699993, -34.28772523999993, 0.0], [-69.79671542199998, -34.210481124999944, 0.0], [-69.87329201699998, -34.13107342899997, 0.0], [-69.82141742599998, -34.015193496999984, 0.0], [-69.90618426299994, -33.96330167799994, 0.0], [-69.85552109499997, -33.892096210999966, 0.0], [-69.90467331699995, -33.771287135999955, 0.0], [-69.76906471699994, -33.34321277899994, 0.0], [-69.91663379199997, -33.244252382999946, 0.0], [-70.00090817299997, -33.32287496999993, 0.0], [-70.03825895699998, -33.27039684299996, 0.0], [-70.09374048699993, -33.050967442999934, 0.0], [-69.98938236799995, -32.89895752299998, 0.0], [-70.11035855199998, -32.80291153899998, 0.0], [-70.16324581399994, -32.59826420699994, 0.0], [-69.79085942799998, -32.546767530999944, 0.0], [-69.70496088699997, -32.49644193199998, 0.0], [-69.72887446999994, -32.33083144899996, 0.0], [-69.59169854499999, -32.139165867999964, 0.0], [-69.12569695099995, -32.002834984999936, 0.0]]]}}, {"type": "Feature", "properties": {"OBJECTID": 431, "Entidad": 0, "Objeto": "Provincia", "FNA": "Provincia de San Luis", "GNA": "Provincia", "NAM": "San Luis", "SAG": "IGN", "FDC": "Geografía", "IN1": "74", "SHAPE_STAr": 7.33377055086, "SHAPE_STLe": 14.490195786}, "geometry": {"type": "Polygon", "coordinates": [[[-67.05547011299996, -31.85605263599996, 0.0], [-66.36843645199997, -31.997309335999944, 0.0], [-66.29963433899997, -31.931065142999955, 0.0], [-66.07949850799997, -31.971349416999942, 0.0], [-65.97902576899997, -31.88916283499998, 0.0], [-65.62847645599999, -31.898297267999965, 0.0], [-65.24490734899996, -32.09014130799994, 0.0], [-65.21141643599998, -32.325588969999956, 0.0], [-64.92534574199993, -32.32546999699997, 0.0], [-64.88275339099994, -32.570792421999954, 0.0], [-64.99970389699996, -33.00266458599998, 0.0], [-65.14272943199995, -33.19452774299998, 0.0], [-65.11694529499994, -35.99952964299996, 0.0], [-66.63787518899994, -35.999503982999954, 0.0], [-66.47857719999996, -35.14041758299993, 0.0], [-66.81306010799995, -34.34381642599993, 0.0], [-66.66661648199994, -33.95764548099993, 0.0], [-66.87425754899994, -33.83150636299996, 0.0], [-67.14589680799997, -33.43998313499998, 0.0], [-67.23246263999994, -32.88796644299998, 0.0], [-67.16685275099996, -32.75887219699996, 0.0], [-67.29692460899997, -32.536218738999935, 0.0], [-67.27800789399998, -32.29232398999994, 0.0], [-67.38197033299997, -32.211264325999934, 0.0], [-67.37924421599996, -31.86811593899995, 0.0], [-67.05547011299996, -31.85605263599996, 0.0]]]}}, {"type": "Feature", "properties": {"OBJECTID": 432, "Entidad": 0, "Objeto": "Provincia", "FNA": "Provincia de Córdoba", "GNA": "Provincia", "NAM": "Córdoba", "SAG": "IGN", "FDC": "Geografía", "IN1": "14", "SHAPE_STAr": 15.7483284893, "SHAPE_STLe": 18.4531148919}, "geometry": {"type": "Polygon", "coordinates": [[[-63.870349001999955, -29.623873034999974, 0.0], [-63.81164886499994, -29.579161324999973, 0.0], [-63.72367300099995, -29.659162373999948, 0.0], [-63.46519934899999, -29.664821918999962, 0.0], [-63.45901275099993, -29.757145004999984, 0.0], [-62.80700951399996, -29.815858203999937, 0.0], [-62.79133600499995, -29.96058891699994, 0.0], [-62.556483207999975, -30.06278676499994, 0.0], [-62.59361800499994, -30.259582673999944, 0.0], [-62.52007745499998, -30.341897535999976, 0.0], [-62.17379362599996, -30.345314363999933, 0.0], [-62.13060252599996, -30.47992768699993, 0.0], [-61.84147593399996, -30.744956007999974, 0.0], [-62.12579002999996, -31.615565697999955, 0.0], [-62.241074682999965, -31.70017505499993, 0.0], [-62.196757220999984, -32.11432024299995, 0.0], [-61.914315199999976, -32.494558111999936, 0.0], [-61.94643792299996, -32.67843096099995, 0.0], [-61.795699068999966, -32.77396632099993, 0.0], [-61.787668387999986, -33.006201714999975, 0.0], [-62.87973016999996, -34.383487988999946, 0.0], [-63.385080237999944, -34.38332481599997, 0.0], [-63.385750460999986, -35.00013465599994, 0.0], [-65.11749267599998, -35.00000231299998, 0.0], [-65.14272943199995, -33.19452774299998, 0.0], [-64.99970389699996, -33.00266458599998, 0.0], [-64.89549615899995, -32.48518045199995, 0.0], [-64.94140710299996, -32.29834414199996, 0.0], [-65.21141643599998, -32.325588969999956, 0.0], [-65.31301941899994, -32.04154081799993, 0.0], [-65.77008022799998, -31.88863661199997, 0.0], [-65.77198379699996, -31.044522835999942, 0.0], [-65.42298521599997, -30.119602484999973, 0.0], [-65.15827018399995, -30.047266871999966, 0.0], [-64.93793209899997, -29.847511123999936, 0.0], [-64.96405219299999, -29.596091497999964, 0.0], [-64.34231148999999, -29.500422581999942, 0.0], [-63.870349001999955, -29.623873034999974, 0.0]]]}}, {"type": "Feature", "properties": {"OBJECTID": 433, "Entidad": 0, "Objeto": "Provincia", "FNA": "Provincia de Santa Fe", "GNA": "Provincia", "NAM": "Santa Fe", "SAG": "IGN", "FDC": "Geografía", "IN1": "82", "SHAPE_STAr": 12.5528384103, "SHAPE_STLe": 20.8522796644}, "geometry": {"type": "Polygon", "coordinates": [[[-60.272714108999935, -33.26386310199996, 0.0], [-60.45957222699997, -33.63146457999994, 0.0], [-60.87993599499998, -33.55553228699995, 0.0], [-61.717601436999985, -34.38360696199993, 0.0], [-62.87973016999996, -34.383487988999946, 0.0], [-61.787668387999986, -33.006201714999975, 0.0], [-61.795699068999966, -32.77396632099993, 0.0], [-61.94643792299996, -32.67843096099995, 0.0], [-61.914315199999976, -32.494558111999936, 0.0], [-62.196757220999984, -32.11432024299995, 0.0], [-62.241074682999965, -31.70017505499993, 0.0], [-62.12579002999996, -31.615565697999955, 0.0], [-61.84147593399996, -30.744956007999974, 0.0], [-62.13060252599996, -30.47992768699993, 0.0], [-61.71125637399996, -27.999420649999934, 0.0], [-58.88392236899995, -27.99944444399995, 0.0], [-58.94511298599997, -28.133774296999945, 0.0], [-59.06241250099998, -28.12810873999996, 0.0], [-59.10786811599996, -28.22276613599996, 0.0], [-59.04885748399994, -28.493310847999965, 0.0], [-59.19971530899994, -29.031544916999962, 0.0], [-59.60428319099998, -29.39474316299993, 0.0], [-59.65966511299996, -29.843179050999936, 0.0], [-59.566390242999944, -30.008075695999935, 0.0], [-59.71201325399994, -30.276240945999973, 0.0], [-59.633300780999946, -30.713928222999982, 0.0], [-60.105590819999975, -31.289916991999974, 0.0], [-60.14349365199996, -31.44360351599994, 0.0], [-60.467590331999986, -31.698303222999982, 0.0], [-60.638793944999975, -31.74200439499998, 0.0], [-60.72184857599996, -31.96617926999994, 0.0], [-60.65600585899995, -32.067077636999954, 0.0], [-60.679018277999944, -32.31952922299996, 0.0], [-60.776184081999986, -32.50701904299996, 0.0], [-60.67620849599996, -32.89959716799996, 0.0], [-60.272714108999935, -33.26386310199996, 0.0]]]}}, {"type": "Feature", "properties": {"OBJECTID": 434, "Entidad": 0, "Objeto": "Provincia", "FNA": "Provincia de Entre Ríos", "GNA": "Provincia", "NAM": "Entre Ríos", "SAG": "IGN", "FDC": "Geografía", "IN1": "30", "SHAPE_STAr": 7.48648662083, "SHAPE_STLe": 14.3590911819}, "geometry": {"type": "Polygon", "coordinates": [[[-58.58137670599996, -30.16010098199996, 0.0], [-58.208336713999984, -30.28758060299998, 0.0], [-58.07193411399999, -30.42541087899997, 0.0], [-58.033624792999944, -30.598040771999933, 0.0], [-57.79739717099994, -30.78270737799994, 0.0], [-57.824487372999954, -30.911630026999944, 0.0], [-57.91489911999997, -30.92056442599994, 0.0], [-57.861724797999955, -31.043471393999937, 0.0], [-57.97934843199994, -31.388398688999928, 0.0], [-58.082394068999974, -31.457827067999972, 0.0], [-57.980639002999965, -31.58104773399998, 0.0], [-58.038147683999966, -31.75906383299997, 0.0], [-58.206810307999945, -31.87164523299998, 0.0], [-58.13829995399993, -32.00184250199993, 0.0], [-58.183326346999934, -32.15919991199996, 0.0], [-58.09988221899994, -32.26001172599996, 0.0], [-58.20458785699998, -32.46200266699998, 0.0], [-58.16058269999996, -32.570779725999955, 0.0], [-58.14962944599995, -32.73487943499998, 0.0], [-58.11557642399998, -32.91976841999997, 0.0], [-58.08713142299996, -32.95941734199994, 0.0], [-58.084792412999946, -33.003593819999935, 0.0], [-58.10523519499998, -33.02512211299995, 0.0], [-58.14035032899994, -33.041367168999955, 0.0], [-58.17596324599998, -33.07689299799995, 0.0], [-58.36181818599994, -33.120989168999984, 0.0], [-58.40357058799998, -33.17783449299998, 0.0], [-58.49477283799996, -33.585578994999935, 0.0], [-58.387390136999954, -33.98541259799998, 0.0], [-58.630488783999965, -34.03977485299998, 0.0], [-58.992880681999964, -33.84180370399997, 0.0], [-59.242309569999975, -33.807495116999974, 0.0], [-59.24700927699996, -33.72497558599997, 0.0], [-59.44897460899995, -33.72448730499997, 0.0], [-59.50421142599998, -33.63360595699993, 0.0], [-59.61877441399997, -33.69219970699993, 0.0], [-60.05578587699995, -33.43967480799995, 0.0], [-60.30306344699994, -33.18351149799997, 0.0], [-60.493408202999944, -33.13140869099993, 0.0], [-60.67620849599996, -32.89959716799996, 0.0], [-60.776184081999986, -32.50701904299996, 0.0], [-60.679018277999944, -32.31952922299996, 0.0], [-60.67578124999994, -31.811706542999957, 0.0], [-60.14349365199996, -31.44360351599994, 0.0], [-60.105590819999975, -31.289916991999974, 0.0], [-59.734848168999974, -30.876624095999944, 0.0], [-59.63269042999997, -30.71130371099997, 0.0], [-59.67167210699995, -30.338662073999956, 0.0], [-59.58776876999997, -30.434821907999947, 0.0], [-59.55743159299993, -30.333147279999935, 0.0], [-59.229839304999985, -30.36419924599994, 0.0], [-59.06369344299998, -30.23077097199996, 0.0], [-58.58137670599996, -30.16010098199996, 0.0]], [[-58.11495452999998, -32.974192278999965, 0.0], [-58.10858920599998, -32.96181384399995, 0.0], [-58.10143458099998, -32.954353683999955, 0.0], [-58.112484784999936, -32.93115844099998, 0.0], [-58.11495452999998, -32.974192278999965, 0.0]], [[-58.11034542099998, -32.971331163999935, 0.0], [-58.10765579399998, -33.00166715599994, 0.0], [-58.10911683499995, -33.010382635999974, 0.0], [-58.11455008299998, -33.02469832999998, 0.0], [-58.08891003499997, -32.95785106099993, 0.0], [-58.11034542099998, -32.971331163999935, 0.0]], [[-58.114037923999945, -33.02106228599996, 0.0], [-58.108105440999964, -33.001482546999966, 0.0], [-58.11574038799995, -32.990353539999944, 0.0], [-58.128754553999954, -33.02539070599994, 0.0], [-58.114037923999945, -33.02106228599996, 0.0]], [[-58.125537519999966, -33.02881158799994, 0.0], [-58.12983006799993, -33.02886012899995, 0.0], [-58.133199384999955, -33.03462794199993, 0.0], [-58.12548993099995, -33.029677711999966, 0.0], [-58.125537519999966, -33.02881158799994, 0.0]], [[-58.12447705599993, -33.00466520899994, 0.0], [-58.126437575999944, -33.00784787199996, 0.0], [-58.12574199299996, -33.011395799999946, 0.0], [-58.12440090499996, -33.00855668799994, 0.0], [-58.12447705599993, -33.00466520899994, 0.0]], [[-58.114383277999934, -32.99014098099997, 0.0], [-58.11133902599994, -32.98001867199997, 0.0], [-58.11197555899997, -32.97166736699995, 0.0], [-58.11807778299993, -32.982034358999954, 0.0], [-58.114383277999934, -32.99014098099997, 0.0]]]}}, {"type": "Feature", "properties": {"OBJECTID": 435, "Entidad": 0, "Objeto": "Provincia", "FNA": "Provincia de San Juan", "GNA": "Provincia", "NAM": "San Juan", "SAG": "IGN", "FDC": "Geografía", "IN1": "70", "SHAPE_STAr": 8.32844121046, "SHAPE_STLe": 19.4456057212}, "geometry": {"type": "Polygon", "coordinates": [[[-69.62981019099993, -28.39369204999997, 0.0], [-69.31604130799997, -28.411711510999965, 0.0], [-69.16197120999993, -28.76113535299993, 0.0], [-68.90820169899996, -28.861013226999944, 0.0], [-69.01408771199993, -29.63909696099995, 0.0], [-68.46771240199996, -29.644287108999947, 0.0], [-68.19900335899996, -29.781091293999964, 0.0], [-68.15879046899994, -29.885430656999972, 0.0], [-67.59087262399999, -30.298148160999972, 0.0], [-67.49480188799998, -30.536332202999972, 0.0], [-67.08529665599997, -30.91419060399994, 0.0], [-67.10909126599995, -31.382825439999976, 0.0], [-66.66178829699999, -31.920536027999958, 0.0], [-67.13672870499994, -31.833804675999943, 0.0], [-67.37924421599996, -31.86811593899995, 0.0], [-67.38018573699998, -32.223756495999964, 0.0], [-67.26379929999996, -32.38185943199994, 0.0], [-67.52118180899998, -32.22149658199993, 0.0], [-67.84588883999999, -32.223510741999974, 0.0], [-68.05139421199993, -32.07189941399997, 0.0], [-68.46304086799995, -32.137845599999935, 0.0], [-68.46289810099995, -32.237747268999954, 0.0], [-68.66571305899998, -32.33709716799996, 0.0], [-68.91761308999997, -32.33804154799998, 0.0], [-68.91761523299994, -32.11464642599998, 0.0], [-69.18399374499995, -31.99938476699998, 0.0], [-69.59645746699994, -32.14309197899996, 0.0], [-69.72887446999994, -32.33083144899996, 0.0], [-69.70496088699997, -32.49644193199998, 0.0], [-69.83511740199998, -32.56794473399998, 0.0], [-70.00417810299996, -32.52832670899994, 0.0], [-70.08995767099998, -32.62231541699998, 0.0], [-70.23664895199994, -32.429292343999975, 0.0], [-70.21818363199998, -32.33273322399998, 0.0], [-70.32305093799994, -32.26704894799997, 0.0], [-70.30387705099997, -32.136321890999966, 0.0], [-70.38823329699994, -32.04389640599993, 0.0], [-70.20931642299996, -31.96041078899998, 0.0], [-70.46044249699997, -31.843865536999942, 0.0], [-70.46817202699998, -31.69847675699998, 0.0], [-70.56738439399999, -31.600134380999975, 0.0], [-70.54715711699998, -31.314852817999963, 0.0], [-70.49722329999997, -31.12209417899993, 0.0], [-70.45583766799996, -31.084302459999947, 0.0], [-70.40137795899994, -31.167071564999958, 0.0], [-70.26909918099994, -31.04309315699993, 0.0], [-70.32282095099998, -30.92802609299997, 0.0], [-70.11750054599997, -30.43212581599994, 0.0], [-70.15466854499994, -30.346666453999944, 0.0], [-69.95534154299997, -30.385504535999928, 0.0], [-69.81938416199995, -30.188724673999957, 0.0], [-69.81743967099999, -30.12794129699995, 0.0], [-69.96486957899998, -30.085445612999933, 0.0], [-69.87867088799999, -29.72580849299993, 0.0], [-70.02092793399999, -29.329782318999946, 0.0], [-69.95268884699993, -29.189165129999935, 0.0], [-69.78828454899997, -29.133139857999936, 0.0], [-69.62981019099993, -28.39369204999997, 0.0]]]}}, {"type": "Feature", "properties": {"OBJECTID": 436, "Entidad": 0, "Objeto": "Provincia", "FNA": "Provincia de La Rioja", "GNA": "Provincia", "NAM": "La Rioja", "SAG": "IGN", "FDC": "Geografía", "IN1": "46", "SHAPE_STAr": 8.52921551759, "SHAPE_STLe": 16.4261323025}, "geometry": {"type": "Polygon", "coordinates": [[[-68.52082545399998, -27.81988008299993, 0.0], [-68.44028070099995, -27.87365590099995, 0.0], [-68.44242221599995, -28.024275779999982, 0.0], [-68.28619384799998, -28.02648925799997, 0.0], [-68.10731105199994, -28.17346334399997, 0.0], [-67.91493163399997, -28.114095792999933, 0.0], [-67.84482059499999, -28.375186784999983, 0.0], [-67.69146433599997, -28.31183363699995, 0.0], [-67.15544316499995, -28.384407195999984, 0.0], [-67.01624469899997, -28.254250681999963, 0.0], [-66.57080960699994, -28.28863389199995, 0.0], [-66.49621653399998, -28.622293807999938, 0.0], [-66.35245539799996, -28.721848964999936, 0.0], [-66.39630126999998, -28.86602783199993, 0.0], [-66.09951869699995, -28.94409061899995, 0.0], [-65.74815856899994, -29.26968564699996, 0.0], [-65.42298521599997, -30.119602484999973, 0.0], [-65.77198379699996, -31.044522835999942, 0.0], [-65.77008022799998, -31.88863661199997, 0.0], [-65.97902576899997, -31.88916283499998, 0.0], [-66.07949850799997, -31.971349416999942, 0.0], [-66.29963433899997, -31.931065142999955, 0.0], [-66.34978147799995, -31.99769004999996, 0.0], [-66.72266680599995, -31.883820945999958, 0.0], [-67.10909126599995, -31.382825439999976, 0.0], [-67.08529665599997, -30.91419060399994, 0.0], [-67.49480188799998, -30.536332202999972, 0.0], [-67.59087262399999, -30.298148160999972, 0.0], [-68.44128417999997, -29.650512694999975, 0.0], [-69.02015533699995, -29.631839604999982, 0.0], [-68.90820169899996, -28.861013226999944, 0.0], [-69.16197120999993, -28.76113535299993, 0.0], [-69.31604130799997, -28.411711510999965, 0.0], [-69.42547607399996, -28.451782226999967, 0.0], [-69.60571289099994, -28.419006347999982, 0.0], [-69.63497275599997, -28.384080168999958, 0.0], [-69.45626769899997, -28.183596662999946, 0.0], [-69.39138190099999, -28.22644322499997, 0.0], [-69.09526410599995, -27.79479030599998, 0.0], [-68.79901122999996, -27.75567626999998, 0.0], [-68.58233451999996, -27.819761109999945, 0.0], [-68.54339599599996, -27.70977783199993, 0.0], [-68.52082545399998, -27.81988008299993, 0.0]]]}}, {"type": "Feature", "properties": {"OBJECTID": 437, "Entidad": 0, "Objeto": "Provincia", "FNA": "Provincia de Catamarca", "GNA": "Provincia", "NAM": "Catamarca", "SAG": "IGN", "FDC": "Geografía", "IN1": "10", "SHAPE_STAr": 9.25694486638, "SHAPE_STLe": 21.7060822144}, "geometry": {"type": "Polygon", "coordinates": [[[-68.10861958199996, -25.211782720999963, 0.0], [-66.55819123499998, -25.300653718999968, 0.0], [-66.56390194199997, -25.621761981999953, 0.0], [-66.64857721499993, -25.71203184899997, 0.0], [-66.85048009299999, -25.721144135999964, 0.0], [-66.84346327199995, -25.977340329999947, 0.0], [-66.58418918299998, -26.15983016699994, 0.0], [-66.53987674699994, -26.35316249899995, 0.0], [-66.38202389799994, -26.41679934399997, 0.0], [-66.23057120799996, -26.14922895899997, 0.0], [-66.09922496299998, -26.216567703999942, 0.0], [-66.17123985899997, -26.631212371999936, 0.0], [-66.04218983799996, -26.60037242599998, 0.0], [-65.83016143299994, -26.744222176999983, 0.0], [-65.90047450499998, -26.863790089999952, 0.0], [-65.85778963499996, -26.92919634499998, 0.0], [-66.14082043199994, -27.261054034999972, 0.0], [-65.97197386799996, -27.332926132999944, 0.0], [-65.83231405999999, -27.851193197999976, 0.0], [-65.75323549099994, -27.769969593999974, 0.0], [-65.66626619199997, -27.973235046999946, 0.0], [-65.56917674999994, -28.01278689299994, 0.0], [-65.37037781199996, -27.84597006399997, 0.0], [-65.17079821899995, -27.946464540999955, 0.0], [-65.09689804699997, -28.471008283999936, 0.0], [-65.18711493799998, -28.622788149999963, 0.0], [-64.90112789699998, -28.84131189599998, 0.0], [-64.78596949399997, -29.40549701799995, 0.0], [-64.82462822699995, -29.574304844999972, 0.0], [-64.96405219299999, -29.596091497999964, 0.0], [-64.93793209899997, -29.847511123999936, 0.0], [-65.15827018399995, -30.047266871999966, 0.0], [-65.42298521599997, -30.119602484999973, 0.0], [-65.74815856899994, -29.26968564699996, 0.0], [-66.09951869699995, -28.94409061899995, 0.0], [-66.39630126999998, -28.86602783199993, 0.0], [-66.35245539799996, -28.721848964999936, 0.0], [-66.49621653399998, -28.622293807999938, 0.0], [-66.57080960699994, -28.28863389199995, 0.0], [-67.01624469899997, -28.254250681999963, 0.0], [-67.15544316499995, -28.384407195999984, 0.0], [-67.69146433599997, -28.31183363699995, 0.0], [-67.84482059499999, -28.375186784999983, 0.0], [-67.91493163399997, -28.114095792999933, 0.0], [-68.10731105199994, -28.17346334399997, 0.0], [-68.28619384799998, -28.02648925799997, 0.0], [-68.45669898099999, -28.015590746999976, 0.0], [-68.44028070099995, -27.87365590099995, 0.0], [-68.54339599599996, -27.70977783199993, 0.0], [-68.58233451999996, -27.819761109999945, 0.0], [-68.79901122999996, -27.75567626999998, 0.0], [-69.09526410599995, -27.79479030599998, 0.0], [-68.94251477499995, -27.525931094999976, 0.0], [-68.98031766899999, -27.43190599999997, 0.0], [-68.80843569499996, -27.300832783999965, 0.0], [-68.87084851599997, -27.246378767999943, 0.0], [-68.78738165399994, -27.104369417999976, 0.0], [-68.57532396699997, -27.177627793999932, 0.0], [-68.48390357399995, -27.058253933999936, 0.0], [-68.29392762199996, -27.037982460999956, 0.0], [-68.26245546099994, -26.918431599999963, 0.0], [-68.58809214799999, -26.492428185999984, 0.0], [-68.55835536599994, -26.287368629999946, 0.0], [-68.38143282599998, -26.177834019999977, 0.0], [-68.58988373799997, -25.41442668899998, 0.0], [-68.52386598899994, -25.378916801999935, 0.0], [-68.50717170199994, -25.168312800999956, 0.0], [-68.10861958199996, -25.211782720999963, 0.0]]]}}, {"type": "Feature", "properties": {"OBJECTID": 438, "Entidad": 0, "Objeto": "Provincia", "FNA": "Provincia de Tucumán", "GNA": "Provincia", "NAM": "Tucumán", "SAG": "IGN", "FDC": "Geografía", "IN1": "90", "SHAPE_STAr": 2.05338789856, "SHAPE_STLe": 8.40337286742}, "geometry": {"type": "Polygon", "coordinates": [[[-65.35915425199994, -26.059437688999935, 0.0], [-65.27576807199995, -26.17138053599996, 0.0], [-64.95118208799994, -26.306848083999967, 0.0], [-64.49752310799994, -26.21614505699995, 0.0], [-64.49876362199996, -26.673464965999983, 0.0], [-64.58751751499994, -26.65811744299998, 0.0], [-64.61788942499999, -26.80269319699994, 0.0], [-64.70720071199997, -26.819510167999965, 0.0], [-64.85406414499994, -27.317308912999977, 0.0], [-64.97428640999993, -27.350621366999974, 0.0], [-65.03896808999997, -27.879238447999967, 0.0], [-65.15907449199995, -27.87720386199993, 0.0], [-65.17079821899995, -27.946464540999955, 0.0], [-65.37037781199996, -27.84597006399997, 0.0], [-65.57655307899995, -28.013679190999937, 0.0], [-65.75323549099994, -27.769969593999974, 0.0], [-65.83231405999999, -27.851193197999976, 0.0], [-65.97197386799996, -27.332926132999944, 0.0], [-66.14082043199994, -27.261054034999972, 0.0], [-65.85778963499996, -26.92919634499998, 0.0], [-65.90047450499998, -26.863790089999952, 0.0], [-65.83016143299994, -26.744222176999983, 0.0], [-66.04218983799996, -26.60037242599998, 0.0], [-66.17123985899997, -26.631212371999936, 0.0], [-66.17766440399998, -26.471669514999974, 0.0], [-66.09975697299996, -26.220485676999942, 0.0], [-65.71775866999997, -26.352467385999944, 0.0], [-65.68851522299997, -26.117262024999945, 0.0], [-65.35915425199994, -26.059437688999935, 0.0]]]}}, {"type": "Feature", "properties": {"OBJECTID": 439, "Entidad": 0, "Objeto": "Provincia", "FNA": "Provincia de Jujuy", "GNA": "Provincia", "NAM": "Jujuy", "SAG": "IGN", "FDC": "Geografía", "IN1": "38", "SHAPE_STAr": 4.70083616412, "SHAPE_STLe": 13.8947547895}, "geometry": {"type": "Polygon", "coordinates": [[[-65.18656669899997, -22.08534968799995, 0.0], [-65.35069368299997, -22.602261704999933, 0.0], [-65.27166158299997, -22.648230418999958, 0.0], [-65.25168932799994, -22.927957033999974, 0.0], [-65.06682963699996, -23.047260988999938, 0.0], [-65.07197455799997, -23.22031834099994, 0.0], [-64.91017718699999, -23.31081230999996, 0.0], [-64.86422373999994, -23.484962767999946, 0.0], [-64.68253278399993, -23.452432534999957, 0.0], [-64.44497461599997, -23.640091724999934, 0.0], [-64.35705062499994, -23.517923002999964, 0.0], [-64.15705693099994, -23.51804197599995, 0.0], [-64.16184118699994, -24.22106069199998, 0.0], [-64.28877696599994, -24.40711561699993, 0.0], [-64.42165196399998, -24.40220558599998, 0.0], [-64.64754777199994, -24.613357166999947, 0.0], [-64.84197568599996, -24.467358727999965, 0.0], [-64.92740747999994, -24.59977254499995, 0.0], [-65.19411898599998, -24.45986030499995, 0.0], [-65.54042019299993, -24.451516408999964, 0.0], [-65.65633148899997, -24.37741999399998, 0.0], [-65.74626835499998, -24.062438553999982, 0.0], [-65.99257311699995, -23.979954834999944, 0.0], [-65.98721932999996, -23.509654375999958, 0.0], [-66.16374467599996, -23.41543576099997, 0.0], [-66.36757960499995, -23.69462483199993, 0.0], [-66.36228728699996, -24.08735685399995, 0.0], [-66.48335545299994, -24.212997677999965, 0.0], [-66.83737151199995, -24.070738560999928, 0.0], [-67.21304744099996, -23.694916735999982, 0.0], [-66.99050277799995, -23.000005555999962, 0.0], [-67.18049999999994, -22.814127777999943, 0.0], [-67.01408333299997, -22.654813888999968, 0.0], [-67.02724999999998, -22.540883332999954, 0.0], [-66.78247222199997, -22.43807499999997, 0.0], [-66.73927777799997, -22.238458332999983, 0.0], [-66.28860427799998, -22.08695494699998, 0.0], [-66.24110120199998, -21.78889337499993, 0.0], [-66.07630555599997, -21.83497499999993, 0.0], [-65.74826351099995, -22.109144739999977, 0.0], [-65.18656669899997, -22.08534968799995, 0.0]]]}}, {"type": "Feature", "properties": {"OBJECTID": 440, "Entidad": 0, "Objeto": "Provincia", "FNA": "Provincia del Chaco", "GNA": "Provincia", "NAM": "Chaco", "SAG": "IGN", "FDC": "Geografía", "IN1": "22", "SHAPE_STAr": 9.02488881377, "SHAPE_STLe": 19.2394191953}, "geometry": {"type": "Polygon", "coordinates": [[[-62.24919160899998, -24.140751786999942, 0.0], [-61.71988198499997, -24.336048200999983, 0.0], [-61.46105734699995, -24.61088495799993, 0.0], [-61.20156662699998, -24.65579091099994, 0.0], [-60.93195472499997, -25.013125670999955, 0.0], [-60.52964797499993, -25.171783645999938, 0.0], [-60.31912847199993, -25.364100443999973, 0.0], [-60.189202345999945, -25.64812284599998, 0.0], [-59.87669768099994, -25.801151380999954, 0.0], [-59.671167828999955, -26.003304008999976, 0.0], [-59.66045641399995, -26.14340154699994, 0.0], [-59.43830118699998, -26.14913192199998, 0.0], [-59.35750553699995, -26.33796960099994, 0.0], [-59.14611998999993, -26.29997670599994, 0.0], [-58.98571501499998, -26.379998829999977, 0.0], [-58.39589252799993, -26.83572927199998, 0.0], [-58.50230126399998, -27.05603137999998, 0.0], [-58.65220730699997, -27.130556098999932, 0.0], [-58.61648800499995, -27.31863248299993, 0.0], [-58.88140232899997, -27.497892072999946, 0.0], [-58.80970753199995, -27.78340708099995, 0.0], [-58.86529877799995, -28.05665345899996, 0.0], [-58.88392236899995, -27.99944444399995, 0.0], [-61.71125637399996, -27.999420649999934, 0.0], [-61.71113444599996, -25.65466902199995, 0.0], [-63.422473701999934, -25.64903445799996, 0.0], [-62.34173286699996, -24.39247127599998, 0.0], [-62.33385008699997, -24.086661354999933, 0.0], [-62.24919160899998, -24.140751786999942, 0.0]]]}}, {"type": "Feature", "properties": {"OBJECTID": 441, "Entidad": 0, "Objeto": "Provincia", "FNA": "Provincia de Formosa", "GNA": "Provincia", "NAM": "Formosa", "SAG": "IGN", "FDC": "Geografía", "IN1": "34", "SHAPE_STAr": 6.74572052174, "SHAPE_STLe": 21.8497108589}, "geometry": {"type": "Polygon", "coordinates": [[[-62.312005271999965, -22.48665958999993, 0.0], [-61.997119950999945, -23.01017533399994, 0.0], [-61.49412175499998, -23.424435504999963, 0.0], [-61.12188972299998, -23.58490435799996, 0.0], [-60.98680912899994, -23.812866534999955, 0.0], [-60.29506944399998, -24.041430555999966, 0.0], [-60.03900555599995, -24.011655555999937, 0.0], [-59.12780587199995, -24.61795233899994, 0.0], [-58.47370362199996, -24.86090565799998, 0.0], [-58.33367709999993, -25.000018465999972, 0.0], [-58.22465257699997, -24.92710583199994, 0.0], [-57.75350406899997, -25.176473345999966, 0.0], [-57.56060157199994, -25.45271443699994, 0.0], [-57.572647038999946, -25.556052474999944, 0.0], [-57.82654504599998, -25.75444241499997, 0.0], [-57.85475593599995, -26.008454636999943, 0.0], [-58.15900928599996, -26.18118684899997, 0.0], [-58.104226955999934, -26.22989441599998, 0.0], [-58.22172711999997, -26.399495257999945, 0.0], [-58.19129619299997, -26.64634530199993, 0.0], [-58.26022441899994, -26.645088946999977, 0.0], [-58.32527162699995, -26.869673874999933, 0.0], [-58.477745984999956, -26.824545805999946, 0.0], [-58.98571501499998, -26.379998829999977, 0.0], [-59.14611998999993, -26.29997670599994, 0.0], [-59.35750553699995, -26.33796960099994, 0.0], [-59.43830118699998, -26.14913192199998, 0.0], [-59.66045641399995, -26.14340154699994, 0.0], [-59.671167828999955, -26.003304008999976, 0.0], [-59.87669768099994, -25.801151380999954, 0.0], [-60.189202345999945, -25.64812284599998, 0.0], [-60.31912847199993, -25.364100443999973, 0.0], [-60.52964797499993, -25.171783645999938, 0.0], [-60.93195472499997, -25.013125670999955, 0.0], [-61.20156662699998, -24.65579091099994, 0.0], [-61.46105734699995, -24.61088495799993, 0.0], [-61.71988198499997, -24.336048200999983, 0.0], [-62.34187320299998, -24.107934676999946, 0.0], [-62.312005271999965, -22.48665958999993, 0.0]]]}}, {"type": "Feature", "properties": {"OBJECTID": 442, "Entidad": 0, "Objeto": "Provincia", "FNA": "Provincia de Santiago del Estero", "GNA": "Provincia", "NAM": "Santiago del Estero", "SAG": "IGN", "FDC": "Geografía", "IN1": "86", "SHAPE_STAr": 12.5402243248, "SHAPE_STLe": 16.3530914888}, "geometry": {"type": "Polygon", "coordinates": [[[-62.04552627399994, -25.65356804099997, 0.0], [-61.71113444599996, -25.65466902199995, 0.0], [-61.71125637399996, -27.999420649999934, 0.0], [-62.13060252599996, -30.47992768699993, 0.0], [-62.17379362599996, -30.345314363999933, 0.0], [-62.52007745499998, -30.341897535999976, 0.0], [-62.59361800499994, -30.259582673999944, 0.0], [-62.556483207999975, -30.06278676499994, 0.0], [-62.79133600499995, -29.96058891699994, 0.0], [-62.80700951399996, -29.815858203999937, 0.0], [-63.45901275099993, -29.757145004999984, 0.0], [-63.46519934899999, -29.664821918999962, 0.0], [-64.34231148999999, -29.500422581999942, 0.0], [-64.82462822699995, -29.574304844999972, 0.0], [-64.84229418999996, -29.31274849099998, 0.0], [-64.78096511799998, -29.26759232699993, 0.0], [-64.85449046199994, -29.19739822799994, 0.0], [-64.90112789699998, -28.84131189599998, 0.0], [-65.18818569499996, -28.618415889999937, 0.0], [-65.09689804699997, -28.471008283999936, 0.0], [-65.17822971499999, -27.916016439999964, 0.0], [-65.03896808999997, -27.879238447999967, 0.0], [-64.97428640999993, -27.350621366999974, 0.0], [-64.85406414499994, -27.317308912999977, 0.0], [-64.70720071199997, -26.819510167999965, 0.0], [-64.61788942499999, -26.80269319699994, 0.0], [-64.58751751499994, -26.65811744299998, 0.0], [-64.49876362199996, -26.673464965999983, 0.0], [-64.50227936299996, -26.239006288999974, 0.0], [-64.26806003899998, -25.700007020999976, 0.0], [-64.02541450699994, -25.75348540599998, 0.0], [-64.00774700999995, -25.673357057999965, 0.0], [-62.04552627399994, -25.65356804099997, 0.0]]]}}, {"type": "Feature", "properties": {"OBJECTID": 443, "Entidad": 0, "Objeto": "Provincia", "FNA": "Provincia de Tierra del Fuego, Antártida e Islas del Atlántico Sur", "GNA": "Provincia", "NAM": "Tierra del Fuego, Antártida e Islas del Atlántico Sur", "SAG": "IGN", "FDC": "Geografía", "IN1": "94", "SHAPE_STAr": 566.267611798, "SHAPE_STLe": 749.983159084}, "geometry": {"type": "MultiPolygon", "coordinates": [[[[-24.999999999999943, -75.87686964799997, 0.0], [-24.999999999999943, -89.99999999999994, 0.0], [-73.99999999999994, -90.00000002899998, 0.0], [-73.99999999999994, -80.82877901399996, 0.0], [-72.59950722399998, -80.96341657699998, 0.0], [-72.61996009599994, -80.85640745099994, 0.0], [-72.43897374199997, -80.74236370999995, 0.0], [-70.79244424999996, -80.61576584199997, 0.0], [-70.41156662599997, -80.67463215399994, 0.0], [-70.39991061599994, -80.83298973299998, 0.0], [-70.03161672599998, -80.90042132799994, 0.0], [-70.10437698899995, -80.93663898799997, 0.0], [-69.99143719199998, -80.97788193799994, 0.0], [-68.67294857199994, -81.01989385099995, 0.0], [-68.38932565699997, -81.11633618199994, 0.0], [-65.24444445499995, -81.52904980799997, 0.0], [-62.756434732999935, -81.54327518399998, 0.0], [-62.302046975999986, -81.56371936799997, 0.0], [-62.09379510699995, -81.65123615099998, 0.0], [-63.047799200999975, -81.72262225699995, 0.0], [-63.342920136999965, -81.70449106599995, 0.0], [-63.39641021699998, -81.67920747799997, 0.0], [-63.30357845399993, -81.64548444899998, 0.0], [-63.35976127699996, -81.63820557099996, 0.0], [-64.08640462299996, -81.68860640299994, 0.0], [-63.88805591199997, -81.60914481999998, 0.0], [-64.24111214599998, -81.68817949399994, 0.0], [-64.70480767999999, -81.69788474999996, 0.0], [-64.53953582099996, -81.63723610299996, 0.0], [-64.76239552499999, -81.63609220199999, 0.0], [-65.21463471699997, -81.76411501199993, 0.0], [-64.91409764099996, -81.82248326799998, 0.0], [-63.468710990999966, -81.78933093799998, 0.0], [-63.59129288199995, -81.82982934799998, 0.0], [-63.53883438199995, -81.86071286599997, 0.0], [-64.00648200099994, -81.90569605599995, 0.0], [-65.66844623299994, -81.87185893299994, 0.0], [-66.25743131599995, -81.94915402699996, 0.0], [-65.63480268899997, -81.99054901699998, 0.0], [-66.11539807999998, -82.19021545899994, 0.0], [-65.92185650499994, -82.22161651099998, 0.0], [-66.06803947799995, -82.31306765099998, 0.0], [-65.22109504499997, -82.27234041799994, 0.0], [-65.10552191199997, -82.40552684299996, 0.0], [-64.49666659199994, -82.35886870099995, 0.0], [-64.40397570799996, -82.41915140199995, 0.0], [-63.80209824099995, -82.30708035799995, 0.0], [-63.34201946199994, -82.34340551199995, 0.0], [-63.070452057999944, -82.25251740299996, 0.0], [-62.135403880999945, -82.29701411299999, 0.0], [-60.41528307999994, -82.17693947599997, 0.0], [-61.13534015999994, -82.34959552999999, 0.0], [-62.817223688999945, -82.52366997099995, 0.0], [-61.96329933699997, -82.96954309099993, 0.0], [-62.23429982299996, -83.02952092399994, 0.0], [-61.59334397899994, -83.03995578399997, 0.0], [-61.34937906799996, -82.92226999399998, 0.0], [-61.09157576299998, -82.90663217899998, 0.0], [-60.96369201299996, -83.00276081399994, 0.0], [-61.19660767899995, -83.19649106999998, 0.0], [-61.844027653999945, -83.37641478399996, 0.0], [-59.24189863199996, -83.45117237499994, 0.0], [-58.71602258299998, -83.33927032399998, 0.0], [-57.745328495999956, -82.92025101799999, 0.0], [-56.473374354999976, -82.67506952299999, 0.0], [-55.900440972999945, -82.47160316499998, 0.0], [-55.15538480099997, -82.51771507899997, 0.0], [-55.18472782099997, -82.45705824599997, 0.0], [-55.09025476199997, -82.42872591599996, 0.0], [-55.15242808499994, -82.39398944699997, 0.0], [-55.03605752799996, -82.35073068399998, 0.0], [-53.959759359999964, -82.20278454999999, 0.0], [-54.28808146999995, -82.19440512299997, 0.0], [-54.23652479799995, -82.18395256899998, 0.0], [-52.70117857499997, -82.16229876299997, 0.0], [-50.75583663699996, -81.96244150999996, 0.0], [-48.375161625999965, -81.89803966199997, 0.0], [-47.544897112999934, -81.93036988899996, 0.0], [-47.302198259999955, -81.97921536899997, 0.0], [-47.596463642999936, -82.03118649099997, 0.0], [-47.29289755599996, -82.07142142899994, 0.0], [-46.23864991299996, -81.91592107999998, 0.0], [-46.27870202799994, -81.97312149999993, 0.0], [-45.985403248999944, -82.13373883099996, 0.0], [-46.67402531899995, -82.41676466599995, 0.0], [-46.191165446999946, -82.54771082899998, 0.0], [-45.80976483599994, -82.45389616699998, 0.0], [-45.67862026299997, -82.45292417299999, 0.0], [-45.71956197399993, -82.50450773699998, 0.0], [-45.641496176999965, -82.52277772999997, 0.0], [-44.78105041699996, -82.39251424499997, 0.0], [-44.057813875999955, -82.40003735199997, 0.0], [-43.12683613499996, -82.11600729099996, 0.0], [-43.27402857399994, -82.03910673399997, 0.0], [-43.17041879899995, -82.01603201599994, 0.0], [-43.22945727899997, -81.94384934599998, 0.0], [-43.16926029499996, -81.89706370399995, 0.0], [-41.92022382099998, -81.61118600599997, 0.0], [-41.937903871999936, -81.54113412399994, 0.0], [-41.786419671999965, -81.41447609299996, 0.0], [-41.06123654899994, -81.18867947999996, 0.0], [-40.29307507599998, -81.16316206799996, 0.0], [-38.804488592999974, -80.86394957299996, 0.0], [-37.621579020999945, -80.97682535999996, 0.0], [-37.28767982199997, -81.08491170799994, 0.0], [-35.18386816999998, -80.72219037899998, 0.0], [-35.48337118099994, -80.64757084499996, 0.0], [-35.211024607999946, -80.59877630799997, 0.0], [-34.000558275999936, -80.64909832899997, 0.0], [-33.167037800999935, -80.55346840099998, 0.0], [-33.48069439899996, -80.49960041499997, 0.0], [-32.888117389999934, -80.53442308099994, 0.0], [-31.953444155999932, -80.42549583799996, 0.0], [-30.642848982999965, -80.48088490399994, 0.0], [-31.31460589699998, -80.36234268399994, 0.0], [-30.992173821999984, -80.26910013699995, 0.0], [-29.746356769999977, -80.25899965399998, 0.0], [-29.833858713999973, -80.20873100499995, 0.0], [-29.742368315999954, -80.15424936299996, 0.0], [-26.019609498999955, -80.09483529199997, 0.0], [-26.20228755599993, -80.01508111999993, 0.0], [-27.365169051999942, -79.96834203999998, 0.0], [-30.163137780999932, -80.04595498399993, 0.0], [-30.95842726999996, -79.89883347499995, 0.0], [-31.980563363999977, -79.84830652799997, 0.0], [-32.125014619999945, -79.80525746199999, 0.0], [-31.757350077999945, -79.73649438999996, 0.0], [-32.149335511999936, -79.66421404399995, 0.0], [-30.746878568999932, -79.57811758099996, 0.0], [-29.542989202999934, -79.27800806899995, 0.0], [-30.577895013999978, -79.28209731699997, 0.0], [-29.945631945999935, -79.12694116499995, 0.0], [-30.26506858399995, -79.04318916999995, 0.0], [-32.64263538999995, -79.25717282899996, 0.0], [-33.72257017199996, -79.22156133699997, 0.0], [-34.64837364299996, -79.01758872799996, 0.0], [-36.27046740199995, -78.84527018199998, 0.0], [-36.53438870399998, -78.63008115899999, 0.0], [-35.98473625599996, -78.22989843199997, 0.0], [-35.59800697899993, -78.15890417599996, 0.0], [-35.652689959999975, -78.09502916299994, 0.0], [-35.509029564999935, -78.04727351899999, 0.0], [-35.352855975999944, -77.85397279899996, 0.0], [-34.47840160399994, -77.85000721399996, 0.0], [-34.433824182999956, -77.82721447799997, 0.0], [-34.661847190999936, -77.79313794299998, 0.0], [-34.61639906999994, -77.76523412599994, 0.0], [-34.78124822999996, -77.67804493399996, 0.0], [-34.37853403799994, -77.47722578799994, 0.0], [-33.718476661999944, -77.31016917399995, 0.0], [-32.62522472799998, -77.12752693399995, 0.0], [-31.924484667999934, -77.15384433799994, 0.0], [-31.720617251999954, -76.98085761199997, 0.0], [-30.49045134399995, -76.80933325599995, 0.0], [-30.406869034999943, -76.70002572399994, 0.0], [-30.15413710399997, -76.62745938099994, 0.0], [-29.629780221999965, -76.57811811299996, 0.0], [-29.51533128099993, -76.49054506399995, 0.0], [-28.86008168199993, -76.35075539799999, 0.0], [-26.709333254999933, -76.15032776399994, 0.0], [-26.59104242999996, -76.04925681299994, 0.0], [-25.93025580899996, -75.92540394299994, 0.0], [-24.999999999999943, -75.87686964799997, 0.0]]], [[[-57.27635139499995, -63.22390831499996, 0.0], [-57.041060054999946, -63.26396234499998, 0.0], [-56.98023420199996, -63.373948318999965, 0.0], [-57.05876745099994, -63.41300102599996, 0.0], [-56.94175954699995, -63.40190937799997, 0.0], [-57.007735209999964, -63.47232300099995, 0.0], [-56.775668447999976, -63.53859070699997, 0.0], [-56.765422229999956, -63.601905656999975, 0.0], [-57.13347019699995, -63.65591067699995, 0.0], [-57.14055360699996, -63.48425740399995, 0.0], [-57.43975447099996, -63.44696164599998, 0.0], [-57.468621009999936, -63.52559156399997, 0.0], [-57.37444993299994, -63.556626731999984, 0.0], [-57.723772192999945, -63.55807481399995, 0.0], [-57.74521490999996, -63.60900621099995, 0.0], [-57.589297295999984, -63.605042175999984, 0.0], [-58.27644611599993, -63.728723790999936, 0.0], [-58.47580272999994, -63.91567780899999, 0.0], [-58.705733556999974, -63.99332497499995, 0.0], [-58.692484725999975, -64.10094637799995, 0.0], [-58.803971107999985, -64.21693378399993, 0.0], [-59.150655513999936, -64.23228510599995, 0.0], [-58.756747865999955, -64.28717189899999, 0.0], [-58.93182343099994, -64.37131794699997, 0.0], [-58.75405288799993, -64.45484022399995, 0.0], [-58.81533992599998, -64.55898568299995, 0.0], [-58.996632201999944, -64.51964747999995, 0.0], [-59.002899335999984, -64.42639585599994, 0.0], [-59.37317355299996, -64.43114860599997, 0.0], [-59.480678188999946, -64.30861610799997, 0.0], [-59.649645730999964, -64.40381588499997, 0.0], [-59.542760741999984, -64.54269347399998, 0.0], [-59.65164582699998, -64.60420680099998, 0.0], [-59.801523274999965, -64.55928663799995, 0.0], [-59.75479693199998, -64.43130061499994, 0.0], [-59.97808036199996, -64.39057845399998, 0.0], [-60.24527049899996, -64.57448811099994, 0.0], [-60.37870424799996, -64.55877752499998, 0.0], [-60.359764120999955, -64.65391566099998, 0.0], [-60.69152302899994, -64.72725228599995, 0.0], [-61.054961222999964, -65.03027120599995, 0.0], [-61.693536363999954, -64.99784245699993, 0.0], [-61.701848592999966, -65.08275920099999, 0.0], [-61.52246798799996, -65.12801421799998, 0.0], [-61.626202871999965, -65.18039908999998, 0.0], [-61.602150741999935, -65.23968087899993, 0.0], [-61.96771906199996, -65.18571069499995, 0.0], [-62.10074754799996, -65.20898108199998, 0.0], [-62.009412158999965, -65.26022088899998, 0.0], [-62.31732164599998, -65.33352822199998, 0.0], [-61.99686538999998, -65.38595133399997, 0.0], [-62.21987177899996, -65.45431560299994, 0.0], [-61.69760876199996, -65.53446899399995, 0.0], [-62.084412089999944, -65.60093552599994, 0.0], [-62.05981845699995, -65.69816649899997, 0.0], [-62.416787144999944, -65.85570801099993, 0.0], [-62.04506256199994, -66.10597277299996, 0.0], [-61.847604574999934, -66.12790711999997, 0.0], [-61.62047037899998, -66.01471212699994, 0.0], [-61.31711741299995, -66.08952454299998, 0.0], [-61.34165173699995, -65.91892542899996, 0.0], [-61.07133011299999, -66.04818446199994, 0.0], [-61.01796832799994, -65.91092533599993, 0.0], [-60.53150755799999, -65.96176730899998, 0.0], [-60.60037533199994, -66.06199887599996, 0.0], [-60.706855649999966, -66.04057256699997, 0.0], [-60.703340701999934, -66.13421088699994, 0.0], [-60.91535036499994, -66.03769173999996, 0.0], [-61.04595071399996, -66.08909599199995, 0.0], [-60.87917571299994, -66.18980286399994, 0.0], [-61.00777317099994, -66.28918717499994, 0.0], [-60.98035961299996, -66.34801904299997, 0.0], [-61.13972164499995, -66.34178151699996, 0.0], [-61.13529052299998, -66.22432084899998, 0.0], [-61.301235900999984, -66.15085302999995, 0.0], [-61.494256839999935, -66.16558277299998, 0.0], [-61.49213710399994, -66.26202353799994, 0.0], [-61.73970714899997, -66.23239241999994, 0.0], [-61.66219877699996, -66.40079096699998, 0.0], [-61.760337628999935, -66.47605435299994, 0.0], [-61.98679016199998, -66.26546270199998, 0.0], [-61.96583806199993, -66.20952280099993, 0.0], [-62.71755493599994, -66.24550534699995, 0.0], [-62.757586827999944, -66.32234229399995, 0.0], [-62.515196998999954, -66.47441167599999, 0.0], [-62.72290787299994, -66.58005013499996, 0.0], [-62.42687111399994, -66.65401057899999, 0.0], [-62.62681258599997, -66.74331591499998, 0.0], [-63.19872091199994, -66.27263069699995, 0.0], [-63.79840616299998, -66.19127157799994, 0.0], [-63.65668486199996, -66.27011836099996, 0.0], [-63.777813987999934, -66.32915713199998, 0.0], [-63.554914794999945, -66.39465503999998, 0.0], [-63.86814726199998, -66.38461519099997, 0.0], [-63.755352708999965, -66.43843405199993, 0.0], [-63.93348799499995, -66.48823174899997, 0.0], [-63.795183100999964, -66.59940357099998, 0.0], [-64.01856709199996, -66.56210368199999, 0.0], [-64.14534484299998, -66.64471013999997, 0.0], [-63.77294071199998, -66.77027669899996, 0.0], [-63.735000240999966, -66.89929789999997, 0.0], [-64.10139824599997, -66.93735444499998, 0.0], [-64.30916750399996, -66.83608935299998, 0.0], [-64.36801328299998, -66.91357305799994, 0.0], [-64.50928910899995, -66.89971954599997, 0.0], [-64.54178948899994, -66.75642939799997, 0.0], [-64.74784878399998, -66.84133739799995, 0.0], [-64.68497708499996, -66.98795285299997, 0.0], [-64.97921071599995, -67.03340260999994, 0.0], [-64.72497907399998, -67.09898724299995, 0.0], [-64.69340092599998, -67.15009254999995, 0.0], [-65.02870956099997, -67.22050390299995, 0.0], [-64.75478647599994, -67.32093115599997, 0.0], [-64.98216484099999, -67.30219444699998, 0.0], [-65.30428146699995, -67.39864234999999, 0.0], [-65.44736946199998, -67.29895283499997, 0.0], [-65.52298541099998, -67.37110920299995, 0.0], [-65.49190896499994, -67.47249895399995, 0.0], [-65.63346391199997, -67.49790507899996, 0.0], [-65.32147570799998, -67.66555952399995, 0.0], [-65.57399970599994, -67.73060444899994, 0.0], [-65.52525151299994, -67.84372877899995, 0.0], [-65.69736704499996, -67.87689867799998, 0.0], [-65.31174780699996, -67.98970666799994, 0.0], [-65.61279349799997, -68.04365812099996, 0.0], [-65.76128998399997, -68.16301458299995, 0.0], [-65.26473629299994, -68.17643122399994, 0.0], [-64.93577737699997, -68.02367994299993, 0.0], [-64.98320674499996, -68.09268817099996, 0.0], [-64.75383420699995, -68.11337316599997, 0.0], [-64.96147782599996, -68.22373631799996, 0.0], [-65.50987114599997, -68.32157408999996, 0.0], [-64.97695908299994, -68.40331697999994, 0.0], [-65.35232811999998, -68.55879067199999, 0.0], [-65.27210941399994, -68.63016657299994, 0.0], [-64.68109114199996, -68.66368699599997, 0.0], [-64.51040478699997, -68.78116048899994, 0.0], [-64.35080104299993, -68.78289960899997, 0.0], [-64.40581115299995, -68.72942401299997, 0.0], [-64.03665959599994, -68.83541951999996, 0.0], [-64.17998266399997, -68.74496982099998, 0.0], [-63.99965210299996, -68.74732716699998, 0.0], [-64.33291335699994, -68.63421713299994, 0.0], [-64.15337880499993, -68.65185656699998, 0.0], [-64.26288421099997, -68.57426269599995, 0.0], [-63.96736928499996, -68.48363530399996, 0.0], [-63.427519346999986, -68.41373614699995, 0.0], [-62.84865185199993, -68.43580116499999, 0.0], [-62.92494896499994, -68.51122686899998, 0.0], [-63.29033518199998, -68.45439204099995, 0.0], [-63.45856473799995, -68.55265236699995, 0.0], [-63.76171282299998, -68.57953207699995, 0.0], [-63.84107484799995, -68.64137855199994, 0.0], [-63.750201764999986, -68.67883828599997, 0.0], [-63.85661801899994, -68.69777702799996, 0.0], [-63.19722768699995, -68.85357371699996, 0.0], [-63.52669575899995, -68.80815686399995, 0.0], [-63.37167024499996, -68.89690243799998, 0.0], [-63.48721754199994, -68.92073742999997, 0.0], [-63.38590238499995, -68.94164629599999, 0.0], [-63.92422195499995, -68.97248212299996, 0.0], [-63.323070488999974, -69.04930212099998, 0.0], [-63.44073792399996, -69.16648593599996, 0.0], [-63.18491701299996, -69.15607809099998, 0.0], [-63.01975879499997, -69.35879666499994, 0.0], [-62.77057460899994, -69.34609132799994, 0.0], [-62.405589487999976, -69.50649084399998, 0.0], [-62.38656287599997, -69.70965673499995, 0.0], [-62.56110372099994, -69.84638007099994, 0.0], [-61.999601893999966, -70.07560803899997, 0.0], [-61.86243842099998, -70.21521693299997, 0.0], [-62.057097141999975, -70.30433891999996, 0.0], [-62.38780185899998, -70.21772522999999, 0.0], [-62.32409962799994, -70.27990370999999, 0.0], [-62.43632975799994, -70.30172876099994, 0.0], [-62.43616716899999, -70.39990870299994, 0.0], [-62.13471154399997, -70.42911187099998, 0.0], [-62.215210120999984, -70.56518349599997, 0.0], [-61.47265234399998, -70.49285272499998, 0.0], [-61.35480079399997, -70.57835430099993, 0.0], [-61.62300244199997, -70.60849831799999, 0.0], [-61.64315936299994, -70.68726710399994, 0.0], [-61.82200615199997, -70.73781908399997, 0.0], [-62.12842453899998, -70.72302415499996, 0.0], [-62.07535840899993, -70.76396295399996, 0.0], [-62.148297034999985, -70.77602385399996, 0.0], [-62.00579496199998, -70.79487663599997, 0.0], [-62.06250203899998, -70.89830874399996, 0.0], [-61.29003102299998, -70.85882994399998, 0.0], [-61.27674632199995, -70.96750758699994, 0.0], [-61.37467265999999, -71.01841862899994, 0.0], [-61.17209936599994, -71.03556068399996, 0.0], [-61.208468805999985, -71.10330004799994, 0.0], [-60.92086532199994, -71.19917982199996, 0.0], [-61.282988090999936, -71.22913247199995, 0.0], [-60.999717629999964, -71.29036363799997, 0.0], [-60.928018718999965, -71.33215797399998, 0.0], [-60.968461143999946, -71.37049037099996, 0.0], [-61.392861369999935, -71.31757710199997, 0.0], [-61.132603217999986, -71.41650324199998, 0.0], [-61.55189986299996, -71.45606242899999, 0.0], [-61.594650555999976, -71.53677626299998, 0.0], [-61.74596606499995, -71.53754684199998, 0.0], [-61.73664181699996, -71.60989583299994, 0.0], [-62.128323354999964, -71.65512971699997, 0.0], [-61.587727202999986, -71.69078645699994, 0.0], [-61.15786872099994, -71.53240844099997, 0.0], [-60.947521062999954, -71.61765931799994, 0.0], [-61.00929706499994, -71.65717238299999, 0.0], [-60.78460867599995, -71.68002319599998, 0.0], [-60.78950832099997, -71.78036941899995, 0.0], [-61.114480491999984, -71.72378103499994, 0.0], [-61.04588897599996, -71.80454313199994, 0.0], [-61.12285716399998, -71.81643693999996, 0.0], [-61.02949211699996, -71.85226840199994, 0.0], [-62.49483337099997, -71.92907472999997, 0.0], [-62.09900971299999, -72.01502638099998, 0.0], [-62.37383670999998, -72.10145093699998, 0.0], [-62.254508975999954, -72.12997540299995, 0.0], [-61.70788240599995, -72.04170384599996, 0.0], [-61.156639086999974, -72.16628282899995, 0.0], [-61.160367819999976, -72.05896498999994, 0.0], [-60.675574049999966, -71.99572366699994, 0.0], [-60.674619259999986, -72.11470377199998, 0.0], [-61.09281003199993, -72.18602696699998, 0.0], [-60.69362243599994, -72.22964710399998, 0.0], [-60.650835308999945, -72.33056856499996, 0.0], [-61.00221489799998, -72.36046347899997, 0.0], [-60.640362454999945, -72.43081327999994, 0.0], [-61.03594483399996, -72.47335175199999, 0.0], [-61.47682919799996, -72.40885160299996, 0.0], [-61.354308222999975, -72.47294659599999, 0.0], [-61.461497677999944, -72.52446235699995, 0.0], [-61.27045952999998, -72.52890503399993, 0.0], [-61.17725328399996, -72.65849147999995, 0.0], [-61.39468611399997, -72.67134733899996, 0.0], [-61.12588322499994, -72.78889545899995, 0.0], [-61.02156009199996, -72.69393223399999, 0.0], [-60.52643499299995, -72.65778320799996, 0.0], [-60.48926143299997, -72.81445828699998, 0.0], [-60.705305399999986, -72.92092977199997, 0.0], [-60.618594272999985, -72.94578329899997, 0.0], [-60.762348688999964, -73.07238437899997, 0.0], [-60.53483048299995, -72.98093972399994, 0.0], [-60.31042672999996, -73.05619853799993, 0.0], [-60.09454200999994, -72.87634060699997, 0.0], [-59.94399923699996, -72.89699959099994, 0.0], [-59.900783984999975, -73.00737810399994, 0.0], [-60.04461223399994, -73.15911728299994, 0.0], [-59.99574295699995, -73.26066770499995, 0.0], [-60.36584313099996, -73.32752407799995, 0.0], [-60.59051968499995, -73.19157490099997, 0.0], [-60.69669633899997, -73.39645122499996, 0.0], [-60.83200666699997, -73.39100599299996, 0.0], [-60.869060255999955, -73.25392134399993, 0.0], [-61.05503372199996, -73.35095673999996, 0.0], [-61.277164073999984, -73.20213104099997, 0.0], [-62.07052554799998, -73.13549135599999, 0.0], [-61.603026274999934, -73.28286572899998, 0.0], [-61.84071338799998, -73.24862611099996, 0.0], [-61.72762172299997, -73.30869480599995, 0.0], [-61.765628824999965, -73.34359057599994, 0.0], [-61.52274669199994, -73.38896740799998, 0.0], [-61.94453095799997, -73.38006369699997, 0.0], [-61.67458411299998, -73.45481077499994, 0.0], [-61.69362952299997, -73.53410634999994, 0.0], [-61.586106152999946, -73.54756991199997, 0.0], [-61.54923748999994, -73.45608684099994, 0.0], [-60.760422062999965, -73.59047846999994, 0.0], [-61.10542500399998, -73.73666410499999, 0.0], [-60.72964607599994, -73.69610062199996, 0.0], [-60.98276039799998, -73.95992463199997, 0.0], [-61.247591832999944, -73.95801753899997, 0.0], [-61.41190088299999, -73.87018570499998, 0.0], [-61.83239697199997, -73.91894768299994, 0.0], [-61.59290534199994, -73.97405774099997, 0.0], [-61.85166393399999, -74.04265927899996, 0.0], [-61.034363482999936, -74.08643711899998, 0.0], [-61.64462089099993, -74.29122893599998, 0.0], [-61.38510525099997, -74.33686020299996, 0.0], [-60.78311581799994, -74.24167152499996, 0.0], [-60.62271554399996, -74.26443902299997, 0.0], [-60.67069125499995, -74.32326938699998, 0.0], [-61.03435468199996, -74.40470715099997, 0.0], [-60.90415809599995, -74.44988401299997, 0.0], [-61.00343983799996, -74.50431593699994, 0.0], [-61.33967407799997, -74.54918591199998, 0.0], [-62.35426852799998, -74.40437522899998, 0.0], [-61.79037230999995, -74.77125691099997, 0.0], [-62.07314190599993, -74.93887636299996, 0.0], [-62.430077996999955, -74.99732930699997, 0.0], [-62.56338802899995, -74.97465247799994, 0.0], [-62.59479895299995, -74.79341719499996, 0.0], [-62.74071774699996, -74.73415130699993, 0.0], [-63.26780935299996, -74.66626088399994, 0.0], [-63.295359933999976, -74.71664750799994, 0.0], [-63.05277804199994, -74.90155531599999, 0.0], [-63.53164160499995, -74.86377031499995, 0.0], [-64.08346451799997, -75.00582754299995, 0.0], [-63.31182265799998, -75.00993990799998, 0.0], [-63.035433996999984, -75.14204562199996, 0.0], [-64.16825736299995, -75.21408111599999, 0.0], [-64.44264312799999, -75.32109941499994, 0.0], [-63.07819368299994, -75.36239240499998, 0.0], [-64.26208360699997, -75.68238968699995, 0.0], [-65.28281143999993, -75.79554135199999, 0.0], [-66.26568762399995, -76.01332003399995, 0.0], [-68.15541988999996, -76.17504152099997, 0.0], [-67.94514396499994, -76.23011427299997, 0.0], [-70.13030759499998, -76.41219429499995, 0.0], [-70.17162092299998, -76.45971511599998, 0.0], [-69.76865732999994, -76.46160910099996, 0.0], [-70.07848320499994, -76.49201137199998, 0.0], [-69.83532041999996, -76.52692179699994, 0.0], [-70.13452066699995, -76.60416790499994, 0.0], [-69.81322876999997, -76.62216880499994, 0.0], [-70.58029799299999, -76.71405134599996, 0.0], [-70.46947723699998, -76.74318070699996, 0.0], [-73.99999999999994, -76.69134555199997, 0.0], [-73.99999999999994, -73.64257516099997, 0.0], [-73.25010663199998, -73.52371183999998, 0.0], [-73.10084347399999, -73.42056369799997, 0.0], [-72.36916297599998, -73.45947493399996, 0.0], [-72.45934060099995, -73.37772114099994, 0.0], [-71.45688676199995, -73.36032427299995, 0.0], [-71.33011278399994, -73.28031815999998, 0.0], [-70.88234896999995, -73.25189582399997, 0.0], [-70.27743698899997, -73.28129366399997, 0.0], [-70.19143610599997, -73.26764686599995, 0.0], [-70.20805498899995, -73.21305868199994, 0.0], [-68.66332852399995, -73.09339633899998, 0.0], [-68.46200637899994, -73.03805971299994, 0.0], [-68.51649841399995, -73.00791650899998, 0.0], [-67.51021299599995, -72.83637228999999, 0.0], [-67.60495671599995, -72.77390049199994, 0.0], [-67.21163201399997, -72.59352009899999, 0.0], [-67.20717054499994, -72.44782952299994, 0.0], [-66.75144010299994, -72.13284713299998, 0.0], [-66.83117996899995, -72.09871579399999, 0.0], [-66.74749554599998, -72.07251326199997, 0.0], [-66.85143021899995, -71.89891736499999, 0.0], [-67.62453481799997, -71.53169972799998, 0.0], [-67.64190149699994, -71.38085848099996, 0.0], [-67.46381838799994, -71.16943239399995, 0.0], [-67.56861771099994, -71.08167974399998, 0.0], [-67.39122053899996, -71.07101878399999, 0.0], [-67.38796924599995, -71.00792836299996, 0.0], [-67.64765197799994, -70.86401859299997, 0.0], [-67.70990476699995, -70.76006090899995, 0.0], [-67.65916718599993, -70.70459007299996, 0.0], [-67.81162938199998, -70.64621694899995, 0.0], [-67.70196705299998, -70.60758148299993, 0.0], [-67.86972663699999, -70.49352379799996, 0.0], [-67.95815466499994, -70.30422424299996, 0.0], [-68.48913444399994, -70.04911077699995, 0.0], [-68.50354298699995, -69.92856986999993, 0.0], [-68.38481746399998, -69.87624191299994, 0.0], [-68.42082427799994, -69.76324586899995, 0.0], [-68.33217683099997, -69.69545529299995, 0.0], [-68.83976882699994, -69.42501999799998, 0.0], [-68.30747008199995, -69.40378390299998, 0.0], [-68.35087311399997, -69.30792845999997, 0.0], [-68.27147944899997, -69.27916470099996, 0.0], [-68.01117372399995, -69.33184713399999, 0.0], [-68.01016623799995, -69.39966206799994, 0.0], [-67.78251901099998, -69.37131099699997, 0.0], [-67.31692733099999, -69.51964440599994, 0.0], [-67.27513154699994, -69.30027796499996, 0.0], [-66.89605067099995, -69.22224898999997, 0.0], [-66.96835828799993, -69.11546136699997, 0.0], [-66.76220716599994, -69.06135753699994, 0.0], [-66.96000898199998, -69.04297481299994, 0.0], [-66.83914020499998, -68.99410814799995, 0.0], [-66.88494866699995, -68.96741924399998, 0.0], [-67.33285290699996, -68.93402857599995, 0.0], [-67.48981013199995, -68.83126939899995, 0.0], [-67.39332475999998, -68.78980114299998, 0.0], [-66.96373187399996, -68.75652465499996, 0.0], [-67.03572865799998, -68.60862151099997, 0.0], [-67.20172230999998, -68.50831003799993, 0.0], [-66.95135898999996, -68.46013268199994, 0.0], [-66.94177435199998, -68.34942921299995, 0.0], [-67.14258182799995, -68.34540916399999, 0.0], [-67.18023054199995, -68.27999094799998, 0.0], [-66.78093892999993, -68.31617386999994, 0.0], [-66.62091956499995, -68.23689931199993, 0.0], [-66.95339695899997, -68.22198728399997, 0.0], [-67.23259600699998, -68.06071125199998, 0.0], [-67.07582663299996, -68.04423836899997, 0.0], [-67.29328777599994, -67.95980990199996, 0.0], [-66.83814097599998, -67.91334663699996, 0.0], [-66.89613959599995, -67.83268929799993, 0.0], [-66.76145609899999, -67.77624611699997, 0.0], [-67.09939519899996, -67.77376389799997, 0.0], [-66.73381559899997, -67.72822437499997, 0.0], [-66.97276119099996, -67.68640969899997, 0.0], [-66.77592189899997, -67.58731716699998, 0.0], [-66.54958710099999, -67.58587204599996, 0.0], [-66.49013528299997, -67.48863935799994, 0.0], [-66.63927371699998, -67.54203466799999, 0.0], [-66.96515853099999, -67.47379776399998, 0.0], [-67.12338867399995, -67.47604882499996, 0.0], [-67.63399741899997, -67.55488268699997, 0.0], [-67.53289321699998, -67.49586191199995, 0.0], [-67.64920250299997, -67.45220151899997, 0.0], [-67.49000951299996, -67.33932554399996, 0.0], [-67.58859030599996, -67.28462840199995, 0.0], [-67.46291110199996, -67.18128176799996, 0.0], [-67.62545186399996, -67.18431855399996, 0.0], [-67.48593071499994, -67.08414935599995, 0.0], [-67.50973328199996, -67.04904984999996, 0.0], [-67.31269491299997, -67.10974784699994, 0.0], [-67.22130957799993, -66.96253447299995, 0.0], [-67.12761311699995, -67.01911454299994, 0.0], [-67.06375330199995, -66.98576524199996, 0.0], [-67.11939015099995, -66.93260818599998, 0.0], [-66.96185896199995, -66.92720415999997, 0.0], [-66.90295680399998, -66.96312407999994, 0.0], [-66.94841930499996, -67.14562755799994, 0.0], [-66.88609265099996, -67.17075283699995, 0.0], [-66.99163737399994, -67.28078793099996, 0.0], [-66.79891060699998, -67.30661301899994, 0.0], [-66.70628738299996, -67.18859812999995, 0.0], [-66.54362860099997, -67.34297563599995, 0.0], [-66.45367989899995, -67.33398597899998, 0.0], [-66.44235357299993, -67.17482353799994, 0.0], [-66.52703470099993, -67.11313276499993, 0.0], [-66.40765719199999, -67.08565572499998, 0.0], [-66.59748365699994, -67.04725898599997, 0.0], [-66.62015838199994, -67.02884579199997, 0.0], [-66.40923258799995, -66.89971519099998, 0.0], [-66.58987290799996, -66.80152058999994, 0.0], [-66.52798253099996, -66.75266478699996, 0.0], [-66.56601874399996, -66.66075176599998, 0.0], [-66.13053372799993, -66.58682378799995, 0.0], [-65.72298462499998, -66.74060462999995, 0.0], [-65.74087093499998, -66.67766583299993, 0.0], [-65.63425249099998, -66.66579011099998, 0.0], [-65.78100072399997, -66.60709842299997, 0.0], [-65.67255288999996, -66.59442299099999, 0.0], [-65.74083361999993, -66.56943973199998, 0.0], [-65.65790949599995, -66.52416905199993, 0.0], [-65.68625500599995, -66.42945463799998, 0.0], [-65.55054376299995, -66.40094885699995, 0.0], [-65.87861280799996, -66.32058992199995, 0.0], [-65.63401745199997, -66.19152250899998, 0.0], [-65.72998788099994, -66.14434473699998, 0.0], [-65.66144997099997, -66.14650495899997, 0.0], [-65.60844221199994, -66.09766529899997, 0.0], [-65.45705276999996, -66.18149466499995, 0.0], [-65.14618325199996, -66.18650896299994, 0.0], [-65.09103881399994, -66.14616321899996, 0.0], [-65.34200298899998, -66.04703521999994, 0.0], [-65.33922026099998, -65.98404139499996, 0.0], [-65.07710457899998, -65.98504871399996, 0.0], [-65.08572350499998, -65.93377097299998, 0.0], [-64.57288122199998, -66.03723651199994, 0.0], [-64.44770296799999, -65.95946151899994, 0.0], [-64.68955797199993, -65.85290513399997, 0.0], [-64.68655501299997, -65.76918541099997, 0.0], [-64.35029466799995, -65.79873229399993, 0.0], [-64.40820152299995, -65.72449851599998, 0.0], [-64.34238118699994, -65.71590573699996, 0.0], [-64.47827679599993, -65.62961755099997, 0.0], [-64.06429183199998, -65.69540179399996, 0.0], [-64.16621852299994, -65.61797107199993, 0.0], [-64.09707736299998, -65.60953980799997, 0.0], [-64.23776064599997, -65.55089720299998, 0.0], [-64.12226448499996, -65.51176442199994, 0.0], [-63.79054471899997, -65.60130666299995, 0.0], [-63.839406086999986, -65.54167313199997, 0.0], [-63.69016289199993, -65.50496332099993, 0.0], [-64.10017026999998, -65.40900350499999, 0.0], [-63.98364519499995, -65.37769418799996, 0.0], [-64.12576573199993, -65.27132900399994, 0.0], [-64.02988468499996, -65.27438866299997, 0.0], [-64.09354706399995, -65.17582466099998, 0.0], [-63.94423560499996, -65.14386328099994, 0.0], [-64.00022094299999, -65.11580441099994, 0.0], [-63.90041397899995, -65.05708776999995, 0.0], [-63.23966896199994, -65.08521514699999, 0.0], [-63.26295413199995, -65.19708154899996, 0.0], [-63.08863238899994, -65.16750403599997, 0.0], [-62.97456862699994, -65.11826022699995, 0.0], [-63.03362654899996, -65.10845016699994, 0.0], [-62.99224530699996, -65.02506409499995, 0.0], [-63.26517510999997, -64.95523828099994, 0.0], [-62.851349924999965, -64.92044618999995, 0.0], [-62.784136398999976, -64.86299816999997, 0.0], [-62.820388571999956, -64.80463631099997, 0.0], [-62.59022455999997, -64.91830146399997, 0.0], [-62.38355544999996, -64.87419938099998, 0.0], [-62.70480092799994, -64.76977702399995, 0.0], [-62.540854975999935, -64.74876551499995, 0.0], [-62.57970390599996, -64.65450275999996, 0.0], [-62.45942192199993, -64.59018607899998, 0.0], [-62.40266166499998, -64.66928281899993, 0.0], [-62.30362304799996, -64.65507353199996, 0.0], [-62.385569085999975, -64.71917736799998, 0.0], [-62.28934287599998, -64.70860616599998, 0.0], [-62.33796466299998, -64.75532860199996, 0.0], [-62.286178329999984, -64.77037858399996, 0.0], [-61.93197560899995, -64.67584298299994, 0.0], [-61.97428070299998, -64.60483431199998, 0.0], [-61.79931917699997, -64.58271454399994, 0.0], [-61.81219797199998, -64.49076419999994, 0.0], [-61.71350340399994, -64.64202550599998, 0.0], [-61.541676507999966, -64.64604311599999, 0.0], [-61.49133666599994, -64.60424246799994, 0.0], [-61.61697458499998, -64.53493229099996, 0.0], [-61.439499645999945, -64.49162240699997, 0.0], [-61.597366620999935, -64.43039412599995, 0.0], [-61.37808312899995, -64.35383581599996, 0.0], [-61.434896305999985, -64.41180519299996, 0.0], [-61.10049491799998, -64.39521971099998, 0.0], [-61.10873504299997, -64.30674453899996, 0.0], [-60.938876827999934, -64.30245854699996, 0.0], [-61.002092079999954, -64.22125900599997, 0.0], [-60.83393085999995, -64.15096337799997, 0.0], [-60.991816951999965, -64.04419720299995, 0.0], [-60.76130798799994, -64.08932647399996, 0.0], [-60.73031046299997, -64.00748517099998, 0.0], [-60.30669044999996, -63.91238712499995, 0.0], [-59.95920052099996, -63.956616319999966, 0.0], [-59.94696736599997, -63.847588895999934, 0.0], [-59.82718825699993, -63.853494738999984, 0.0], [-59.84781459199996, -63.77386711499997, 0.0], [-59.756278151999936, -63.79510908699996, 0.0], [-59.78427910299996, -63.86281255299997, 0.0], [-59.42750733099996, -63.91176022199994, 0.0], [-59.38367609699998, -63.86847423699999, 0.0], [-59.47031067199998, -63.82429431299994, 0.0], [-59.31767972499995, -63.787971019999986, 0.0], [-59.41547119899997, -63.72657311599994, 0.0], [-58.935292663999974, -63.67408017499997, 0.0], [-58.97295577199998, -63.550465987999985, 0.0], [-58.15677005699996, -63.47344187599998, 0.0], [-58.15847815899997, -63.379208054999935, 0.0], [-58.04294668399996, -63.42280769399997, 0.0], [-57.87577302899996, -63.31327000999994, 0.0], [-57.27635139499995, -63.22390831499996, 0.0]]], [[[-46.88215808499996, -77.77797386699996, 0.0], [-44.94052988799996, -77.94258236399997, 0.0], [-43.757982295999966, -78.27938101699993, 0.0], [-43.725084858999935, -78.38805795399998, 0.0], [-43.928328042999965, -78.59667750499995, 0.0], [-44.98787539999995, -78.62756758699999, 0.0], [-45.363730489999966, -78.68207789899998, 0.0], [-45.275514776999955, -78.72768604799995, 0.0], [-45.382893698999965, -78.77697524699994, 0.0], [-43.71174198399996, -78.81239263199996, 0.0], [-43.47855638599998, -78.93082280099998, 0.0], [-43.45169821999997, -79.09913577399999, 0.0], [-43.18850285399998, -79.17307502099999, 0.0], [-43.33339832899998, -79.22921046299996, 0.0], [-43.30736194999997, -79.27406300499996, 0.0], [-42.99442770199994, -79.43962411999996, 0.0], [-43.04575562599996, -79.86630052899994, 0.0], [-43.26203965099995, -79.98850157899994, 0.0], [-43.822218790999955, -79.96981314099997, 0.0], [-43.44250385899994, -80.11043954899998, 0.0], [-43.73631141599998, -80.21870894199998, 0.0], [-46.18540546099996, -80.54592719899995, 0.0], [-48.02862956699994, -80.65318509299993, 0.0], [-49.372646025999984, -80.62927111499994, 0.0], [-49.74534966999994, -80.69813009199999, 0.0], [-49.72221463599993, -80.76580802899997, 0.0], [-49.83535096199995, -80.79156076899994, 0.0], [-51.13316674299995, -80.86421328099993, 0.0], [-53.933392020999975, -80.87944686099996, 0.0], [-54.32683788299994, -80.78220663299999, 0.0], [-53.96120987099994, -80.44487066299996, 0.0], [-53.48672620899998, -80.22063225299996, 0.0], [-52.182852278999974, -80.13716177299995, 0.0], [-50.301988224999945, -79.56601779699997, 0.0], [-50.22880830699995, -79.44430769799999, 0.0], [-50.44723075599995, -79.31200989699994, 0.0], [-50.310093947999974, -79.15823600399995, 0.0], [-50.47522847399995, -79.13151336199996, 0.0], [-50.28484568599998, -78.98584399199996, 0.0], [-50.36044273999994, -78.92486000499997, 0.0], [-50.14663568999998, -78.80102389599995, 0.0], [-50.23136057399995, -78.65105031999997, 0.0], [-49.66793605399994, -78.28306693099995, 0.0], [-49.07756312099997, -78.08961135199996, 0.0], [-49.11509255899995, -78.05403025899994, 0.0], [-47.61890425699994, -77.79616247099995, 0.0], [-46.88215808499996, -77.77797386699996, 0.0]]], [[[-70.33999952199997, -68.81683132699999, 0.0], [-70.10698740899994, -68.88586562499995, 0.0], [-70.10432973899998, -69.00152819799996, 0.0], [-69.99006349099994, -69.09789909899996, 0.0], [-70.10413284999998, -69.12848111899996, 0.0], [-70.02232595899994, -69.17976124799998, 0.0], [-70.11449923999999, -69.27267940499996, 0.0], [-69.74895590999995, -69.27806189399996, 0.0], [-69.50506995199999, -69.45792363399994, 0.0], [-69.48703383299994, -69.56699253699998, 0.0], [-69.32375532099996, -69.62985360799996, 0.0], [-69.33275831199995, -69.82111614799999, 0.0], [-69.18194262099996, -70.05337341099994, 0.0], [-68.73174216099994, -70.34697523599993, 0.0], [-68.33373173999996, -70.79114400099996, 0.0], [-68.21682978299998, -71.17797792299996, 0.0], [-68.24882832199995, -71.45033756099997, 0.0], [-68.12305898999995, -71.58574868399995, 0.0], [-68.20570966299994, -71.67964618499997, 0.0], [-68.20974182899994, -71.86742764099995, 0.0], [-68.43111693399999, -71.98794637699996, 0.0], [-68.33007514699995, -72.06251465899999, 0.0], [-68.41931704699994, -72.22353458499998, 0.0], [-68.77145561599997, -72.22903022599996, 0.0], [-68.94988706099997, -72.37600369899997, 0.0], [-69.11916921499994, -72.37311467199999, 0.0], [-69.24215924399994, -72.42820703299998, 0.0], [-69.14176653399994, -72.49055223099998, 0.0], [-69.23958759699997, -72.54348571299994, 0.0], [-70.54665590299999, -72.68123715699994, 0.0], [-70.69638102799996, -72.66947054199994, 0.0], [-70.78302455199997, -72.56723746399996, 0.0], [-70.92523534499998, -72.65867223499998, 0.0], [-72.39466414999998, -72.66892520999994, 0.0], [-72.51633559099997, -72.63353960599994, 0.0], [-72.45741119499996, -72.56180696399997, 0.0], [-72.75745372699998, -72.60149164499995, 0.0], [-73.16225490399995, -72.44928647599994, 0.0], [-72.70193432699995, -72.27173048699996, 0.0], [-72.33833270199995, -72.28877956499997, 0.0], [-72.14637888499993, -72.38021119099994, 0.0], [-72.09582058899997, -72.31705587799996, 0.0], [-70.92727123099996, -72.39733101099995, 0.0], [-70.16436181799997, -72.26392605699994, 0.0], [-70.42126767799994, -72.13044654399994, 0.0], [-71.12622179499994, -72.27477468099994, 0.0], [-71.97567456499996, -72.18540931099994, 0.0], [-72.04568254499998, -72.12017187699996, 0.0], [-70.84169198399997, -72.00580687499996, 0.0], [-70.70663445799994, -71.87257621299995, 0.0], [-71.13871270699997, -71.90685105999995, 0.0], [-71.37912186399996, -71.83447776699995, 0.0], [-71.79473026499994, -71.89429923799997, 0.0], [-71.86739421299995, -71.86097972499994, 0.0], [-71.85401013799998, -71.77022234599997, 0.0], [-72.18127993299998, -71.71029895499998, 0.0], [-72.27808812199999, -71.62052663999998, 0.0], [-72.56033086599996, -71.74922044899995, 0.0], [-72.70237896399993, -71.73405236899998, 0.0], [-72.71059515699994, -71.86342058599996, 0.0], [-72.87481381699996, -71.92761174299994, 0.0], [-73.90097912099998, -71.83681863999993, 0.0], [-73.50531568599996, -72.00600047099994, 0.0], [-73.99999999999994, -72.16313221199994, 0.0], [-73.99999999999994, -71.41956939699998, 0.0], [-73.48712289199995, -71.60546231499995, 0.0], [-73.32334572299999, -71.54585428599995, 0.0], [-73.69885665699996, -71.35001195699994, 0.0], [-73.35665897999996, -71.30391664799998, 0.0], [-72.73561356899995, -71.40408424199995, 0.0], [-72.20464978499996, -71.32714228499998, 0.0], [-72.94820221899994, -71.22544547099994, 0.0], [-73.12664619499998, -71.14440306699998, 0.0], [-73.07469519999995, -71.11089499699995, 0.0], [-72.38690050999998, -71.04911292599996, 0.0], [-71.90632869799998, -71.14352032799997, 0.0], [-71.63168956899995, -71.15198592399997, 0.0], [-71.36681194099998, -71.05653085599994, 0.0], [-71.36334578899994, -70.96330117299993, 0.0], [-71.17409459399994, -70.99896463399995, 0.0], [-70.73414635999995, -70.99565546499997, 0.0], [-69.81105438399999, -70.92940314399993, 0.0], [-69.82390102799997, -70.83775767799995, 0.0], [-70.11694697999997, -70.89320204899997, 0.0], [-71.20840974999999, -70.75201287199997, 0.0], [-71.25458085899999, -70.64945626599996, 0.0], [-70.97715507599997, -70.45093342999996, 0.0], [-70.14960562499994, -70.31591966099995, 0.0], [-69.74966763899994, -70.34285404399998, 0.0], [-69.98176680899996, -70.25208909799994, 0.0], [-70.47314582599995, -70.23340145599997, 0.0], [-70.74207659799998, -70.12112738099995, 0.0], [-71.06634997299994, -70.24917927199994, 0.0], [-71.83800448999995, -70.01771124399994, 0.0], [-71.93521641299998, -69.93477745599995, 0.0], [-71.84934316699997, -69.81061736699996, 0.0], [-71.59261242699995, -69.76541188899995, 0.0], [-71.75687020399994, -69.62251333499995, 0.0], [-71.63350996099996, -69.44886896499997, 0.0], [-72.00800049199995, -69.32015850399995, 0.0], [-72.21110183299999, -69.09618385199997, 0.0], [-72.01397789599997, -68.95884273699994, 0.0], [-71.59557091299996, -68.85603959899998, 0.0], [-70.33999952199997, -68.81683132699999, 0.0]]], [[[-59.80423500799998, -80.34616066599995, 0.0], [-59.934487280999974, -80.66577266599995, 0.0], [-60.18470179399998, -80.85053332899997, 0.0], [-61.04258670799999, -80.96036600999997, 0.0], [-62.87028282699998, -80.80001408599998, 0.0], [-63.12866316599997, -80.60486310999994, 0.0], [-63.81851923199997, -80.60891064099997, 0.0], [-64.34077073199995, -80.73512434899999, 0.0], [-65.15407552499994, -80.67440545499994, 0.0], [-66.50396114399996, -80.45839643299996, 0.0], [-66.82486409999996, -80.32746751299999, 0.0], [-66.19884170299997, -80.19843012199993, 0.0], [-66.20673290099995, -80.33797948899996, 0.0], [-65.73286161799996, -80.39815112699995, 0.0], [-63.436981264999986, -80.46763932799996, 0.0], [-62.098287691999985, -80.40467217099996, 0.0], [-61.215973737999946, -80.26866290999999, 0.0], [-61.445966477999946, -80.10249508299995, 0.0], [-61.221455832999936, -79.87564205899997, 0.0], [-60.44386817999998, -79.74190986099995, 0.0], [-59.884440421999955, -79.83724378899996, 0.0], [-59.96389734999997, -80.09553947199998, 0.0], [-59.74314873099996, -80.18594591999994, 0.0], [-59.80423500799998, -80.34616066599995, 0.0]]], [[[-68.56934525699995, -52.706937221999965, 0.0], [-68.28767069099996, -52.951427051999985, 0.0], [-68.20150247699996, -53.141958425999974, 0.0], [-68.26674729799998, -53.01610873299995, 0.0], [-68.35954627699994, -53.017893328999946, 0.0], [-68.53815247799997, -53.14440706999994, 0.0], [-68.54844364699994, -53.247521011999936, 0.0], [-68.13707053099995, -53.33133752599997, 0.0], [-67.99016260899998, -53.584512176999965, 0.0], [-67.68173692299996, -53.797174334999966, 0.0], [-67.73629548899999, -53.80532929499998, 0.0], [-67.77533071199997, -53.83573391999994, 0.0], [-67.68144094199994, -53.806221293999954, 0.0], [-67.67308858299998, -53.79332791999997, 0.0], [-67.68359432999995, -53.78789795899996, 0.0], [-67.67431823999993, -53.785253884999975, 0.0], [-67.54567151999998, -53.84044851999994, 0.0], [-67.53520189099999, -53.927108489999966, 0.0], [-66.73396440099998, -54.26034446799997, 0.0], [-66.46499763499997, -54.47873028699996, 0.0], [-65.80278173999994, -54.65190507899996, 0.0], [-65.11675933799995, -54.65822968699996, 0.0], [-65.38213705399994, -54.941071456999964, 0.0], [-65.46828306099997, -54.88859006599995, 0.0], [-65.71901162599994, -54.97135723699995, 0.0], [-65.73911331199997, -54.90985292899995, 0.0], [-65.98238940599998, -54.90260033199996, 0.0], [-65.97136050899996, -54.96837348799994, 0.0], [-66.45025083099995, -55.05750809799997, 0.0], [-67.27844650399999, -54.869992483999965, 0.0], [-68.24853292699999, -54.79502756499994, 0.0], [-68.31520542499999, -54.81080339099998, 0.0], [-68.26059679499997, -54.84071321599998, 0.0], [-68.60941613499995, -54.893957357999966, 0.0], [-68.60623199099996, -52.658268464999935, 0.0], [-68.56934525699995, -52.706937221999965, 0.0]]], [[[-70.72274806299998, -79.70208448599999, 0.0], [-71.48366034999998, -79.63317802599994, 0.0], [-71.82690410199996, -79.45687844399998, 0.0], [-71.42074093199994, -79.13950946799997, 0.0], [-70.82479556799996, -78.95534904099998, 0.0], [-67.98776605199998, -78.47551291299999, 0.0], [-67.34858427299997, -78.45675739799998, 0.0], [-67.16654010299999, -78.51743568299997, 0.0], [-67.63349220399994, -78.73656216499995, 0.0], [-69.51320614299993, -79.30140338999996, 0.0], [-69.82953426299997, -79.44352959099996, 0.0], [-69.76957615299995, -79.52717517099995, 0.0], [-70.26052618599994, -79.66851455299997, 0.0], [-70.72274806299998, -79.70208448599999, 0.0]]], [[[-58.96740100699998, -51.233822301999965, 0.0], [-58.73747394399999, -51.35015149499998, 0.0], [-58.378312566999966, -51.332050756999934, 0.0], [-58.350949743999934, -51.46217389399993, 0.0], [-58.503312566999966, -51.38119550099998, 0.0], [-58.63357684899995, -51.47005124499998, 0.0], [-58.424741246999986, -51.468899205999946, 0.0], [-58.46272800199995, -51.54771085099998, 0.0], [-58.27563527399997, -51.55588400099998, 0.0], [-58.27954417099994, -51.66166008599998, 0.0], [-58.17283417599998, -51.64351454599995, 0.0], [-58.25218341599998, -51.58436627799995, 0.0], [-58.14666126099996, -51.61181683899997, 0.0], [-58.26295421399993, -51.553663685999936, 0.0], [-58.20127776099997, -51.52420833499997, 0.0], [-58.37848041399997, -51.51269193099995, 0.0], [-58.38658283099994, -51.48450513199998, 0.0], [-58.328958013999966, -51.47572369899996, 0.0], [-58.28268573599996, -51.39097638599998, 0.0], [-57.943767968999964, -51.36244705599995, 0.0], [-57.74192950899993, -51.51266141399998, 0.0], [-57.89768359999994, -51.498203709999984, 0.0], [-57.766370275999975, -51.54089780199996, 0.0], [-58.063107945999946, -51.493683293999936, 0.0], [-58.018090523999945, -51.53521270799996, 0.0], [-58.11454640699998, -51.51100232599998, 0.0], [-58.16493149399997, -51.54752705299995, 0.0], [-57.72495982899994, -51.644482091999976, 0.0], [-57.85887668399994, -51.67534299199997, 0.0], [-57.927006595999956, -51.64883195699997, 0.0], [-57.97712848499998, -51.65306134699995, 0.0], [-57.83130057899996, -51.682042545999934, 0.0], [-57.88137723799997, -51.68186767399993, 0.0], [-57.92097614099998, -51.68710370499997, 0.0], [-57.71808765199995, -51.683273748999966, 0.0], [-58.29832980899994, -51.74739499399993, 0.0], [-58.109133429999986, -51.78843102099995, 0.0], [-58.239621617999944, -51.789825872999984, 0.0], [-58.38755939299995, -51.82445187899998, 0.0], [-58.164396411999974, -51.816092254999944, 0.0], [-58.39209062699996, -51.90056381599993, 0.0], [-58.583707311999945, -51.82820554199998, 0.0], [-58.511599055999966, -51.89217621599994, 0.0], [-58.76411578999995, -51.89888425299995, 0.0], [-58.95286319499996, -51.78754849799998, 0.0], [-58.97878978499995, -51.854389623999964, 0.0], [-59.095738866999966, -51.840031103999934, 0.0], [-59.11729154999995, -51.87524481299994, 0.0], [-58.97683093899997, -51.85642667199994, 0.0], [-58.89283511899998, -51.90210767199994, 0.0], [-58.760278203999974, -51.93681378699995, 0.0], [-58.89764926699996, -51.917854741999975, 0.0], [-58.765897251999945, -51.99311871899994, 0.0], [-58.624379112999975, -51.966276979999975, 0.0], [-58.58695188199994, -52.01627746599996, 0.0], [-58.688012578999974, -52.02375455199996, 0.0], [-58.65371755899997, -52.13733460999998, 0.0], [-58.822579839999946, -52.02394147399997, 0.0], [-58.928208806999976, -52.11735577999997, 0.0], [-59.015550115999986, -52.020302250999976, 0.0], [-59.18950110099996, -51.97174974099994, 0.0], [-59.16822574399998, -52.01208157899998, 0.0], [-59.259759404999954, -51.994194462999985, 0.0], [-59.29940936899993, -52.02632184399994, 0.0], [-59.135271726999974, -52.03618360199994, 0.0], [-59.09896115199996, -52.08015604099995, 0.0], [-59.177144505999934, -52.09182019599996, 0.0], [-59.17779384499994, -52.10271345299998, 0.0], [-59.067624799999976, -52.105092912999964, 0.0], [-59.179505802999984, -52.14456982899998, 0.0], [-59.02479450199996, -52.14310480299997, 0.0], [-59.102820924999946, -52.197167846999946, 0.0], [-59.01165149499997, -52.25600476599993, 0.0], [-59.407712437999976, -52.11567349799998, 0.0], [-59.46146105799994, -52.224474346999955, 0.0], [-59.329995836999956, -52.21126833899996, 0.0], [-59.414665328999945, -52.28399109299994, 0.0], [-59.296584576999976, -52.332710556999984, 0.0], [-59.49770851799997, -52.31189027299996, 0.0], [-59.508583500999976, -52.24283221099995, 0.0], [-59.58372638499998, -52.25957532399997, 0.0], [-59.55229709499997, -52.20499081899993, 0.0], [-59.73155390799997, -52.09712171899997, 0.0], [-59.60738895199995, -52.122047856999984, 0.0], [-59.64114902299997, -52.084274723999954, 0.0], [-59.554299809999975, -52.06687588999995, 0.0], [-59.65393588899997, -52.00582166099997, 0.0], [-59.54563672099994, -52.00515348599998, 0.0], [-59.58826968999995, -51.99990888099995, 0.0], [-59.647149540999976, -51.962124303999985, 0.0], [-59.52636478299996, -51.966019108999944, 0.0], [-59.609185674999935, -51.91650052399996, 0.0], [-59.474683263999964, -51.930065587999934, 0.0], [-59.497971990999986, -51.83554883299996, 0.0], [-59.37926951199995, -51.858149923999974, 0.0], [-59.23099229199994, -51.72139011799993, 0.0], [-59.22459032799998, -51.76507344099997, 0.0], [-59.055970043999935, -51.69047147799995, 0.0], [-59.07174441999996, -51.78361935999993, 0.0], [-59.02859747599996, -51.83158536399998, 0.0], [-58.949174081999956, -51.77415021799993, 0.0], [-59.04831836499994, -51.65379376799996, 0.0], [-58.98006961699997, -51.67589612399996, 0.0], [-58.97671077499996, -51.67098470199994, 0.0], [-59.17879627099995, -51.58433576099998, 0.0], [-59.12837036999997, -51.49655117999998, 0.0], [-59.04447937699996, -51.603665466999985, 0.0], [-59.04555748599995, -51.50463858699993, 0.0], [-58.934304691999955, -51.545277073999955, 0.0], [-58.936877323999965, -51.538723826999956, 0.0], [-58.91556308599996, -51.52993817699996, 0.0], [-58.91657779499997, -51.52430005399998, 0.0], [-58.878022648999945, -51.531853155999954, 0.0], [-58.846414067999945, -51.52224393199998, 0.0], [-58.85226351499995, -51.511097544999984, 0.0], [-58.845777012999974, -51.51136822999996, 0.0], [-58.84581134599995, -51.51842541999997, 0.0], [-58.841184118999934, -51.521423771999935, 0.0], [-58.83532855799996, -51.521538212999985, 0.0], [-58.83082721499994, -51.51945157499995, 0.0], [-58.84049747299997, -51.52081723599997, 0.0], [-58.84373996599999, -51.511581853999985, 0.0], [-58.855191685999955, -51.509651616999975, 0.0], [-58.879586675999974, -51.53035397999997, 0.0], [-58.89940140599998, -51.521591978999936, 0.0], [-58.91831348299996, -51.52080960599994, 0.0], [-58.92005298399994, -51.527763799999946, 0.0], [-58.952759974999935, -51.50785080899993, 0.0], [-59.14403674899995, -51.462112858999944, 0.0], [-58.866784551999956, -51.37170071999998, 0.0], [-58.96740100699998, -51.233822301999965, 0.0]]], [[[-67.68771476499995, -66.62356313099997, 0.0], [-67.67004867499998, -66.71160542599995, 0.0], [-67.95011257399995, -66.82621008499996, 0.0], [-68.02136920999993, -66.94384118399995, 0.0], [-67.92295164999996, -67.00249551899998, 0.0], [-67.96359579899996, -67.05534160099995, 0.0], [-67.67556428899996, -67.15382425899998, 0.0], [-68.25521778399997, -67.36666420599994, 0.0], [-67.94208506999996, -67.40184258499994, 0.0], [-68.11260769899997, -67.56737808099996, 0.0], [-68.26857589899998, -67.51437761199998, 0.0], [-68.42375015499994, -67.55911648599994, 0.0], [-68.40206251699993, -67.65128696199997, 0.0], [-68.55160050099994, -67.74289540999996, 0.0], [-68.90226406899995, -67.76660980099996, 0.0], [-69.19852766599996, -67.54231085999999, 0.0], [-68.32990383399994, -66.78382065499994, 0.0], [-67.68771476499995, -66.62356313099997, 0.0]]], [[[-59.39035679699998, -51.335975437999934, 0.0], [-59.19412876999996, -51.40006235199996, 0.0], [-59.29202915999997, -51.431129246999944, 0.0], [-59.29190708999994, -51.463783054999965, 0.0], [-59.267615097999965, -51.46225717599998, 0.0], [-59.20041539099998, -51.43582895399993, 0.0], [-59.33450962899997, -51.524146824999946, 0.0], [-59.331213730999934, -51.49259164899996, 0.0], [-59.36618687499998, -51.486549167999954, 0.0], [-59.48013951199994, -51.52603891499996, 0.0], [-59.33835484399998, -51.528358250999986, 0.0], [-59.589026230999934, -51.66110971499995, 0.0], [-59.85953404299994, -51.96408823099995, 0.0], [-60.004309433999936, -52.00583627799995, 0.0], [-60.07919957099995, -51.93534067199994, 0.0], [-60.101965683999936, -51.96176889499998, 0.0], [-60.10007359399998, -52.00827768399995, 0.0], [-60.29007603599996, -52.01432016499996, 0.0], [-60.30911900399997, -51.93283823099995, 0.0], [-60.37247349599994, -51.93357065299995, 0.0], [-60.282507675999966, -52.08200815299995, 0.0], [-60.258032577999984, -52.02390268399995, 0.0], [-60.24234654299994, -52.018592625999986, 0.0], [-60.26639439499996, -52.089332371999944, 0.0], [-60.353552597999965, -52.161048679999965, 0.0], [-60.32791783199997, -52.10135629699994, 0.0], [-60.50162388699994, -52.111671238999975, 0.0], [-60.40457798899996, -52.12485483299997, 0.0], [-60.36826207099995, -52.17624643399995, 0.0], [-60.545508163999955, -52.11301401199995, 0.0], [-60.50424839899995, -52.203834324999946, 0.0], [-60.65054966799994, -52.25986459799998, 0.0], [-60.69663121099995, -52.21079233299997, 0.0], [-60.63193394599995, -52.21463754699994, 0.0], [-60.629309433999936, -52.175391941999976, 0.0], [-60.74393345699997, -52.14798715699993, 0.0], [-60.66562535199995, -52.136878757999966, 0.0], [-60.716101425999966, -52.10288217599998, 0.0], [-60.85007359399998, -52.107032566999976, 0.0], [-60.71951939499996, -52.17624643399995, 0.0], [-60.79947544999993, -52.18943002799995, 0.0], [-61.07944371099995, -52.01541879699994, 0.0], [-60.85654332099995, -52.08518198099995, 0.0], [-60.81204869199996, -52.060767917999954, 0.0], [-60.89627720699997, -52.02841928599997, 0.0], [-60.745276230999934, -52.01786020399993, 0.0], [-60.82523228499997, -51.999610691999976, 0.0], [-60.845007675999966, -51.95371225399998, 0.0], [-60.69034458999994, -51.96988657099996, 0.0], [-60.696753281999975, -52.02017953999996, 0.0], [-60.67471958999994, -52.036414890999936, 0.0], [-60.68979527399995, -52.039405613999975, 0.0], [-60.683447617999946, -52.04697397299998, 0.0], [-60.68619419999993, -52.040504246999944, 0.0], [-60.64572789099998, -52.04196908999995, 0.0], [-60.639075058999936, -52.03775766499996, 0.0], [-60.64920689499996, -51.96854379699994, 0.0], [-60.50345494199996, -52.02310922699996, 0.0], [-60.57047154299994, -51.98416879699994, 0.0], [-60.39731480499995, -51.92557504699994, 0.0], [-60.543188827999984, -51.953834324999946, 0.0], [-60.64505650399997, -51.92478158999995, 0.0], [-60.499487656999975, -51.93173959799998, 0.0], [-60.44968296899998, -51.87595346499995, 0.0], [-60.44913365299993, -51.77829721499995, 0.0], [-60.37277867199998, -51.76541879699994, 0.0], [-60.41886021499994, -51.86899545799997, 0.0], [-60.36429478599996, -51.87693002799995, 0.0], [-60.29202915999997, -51.82962778199993, 0.0], [-60.32449986399996, -51.761207371999944, 0.0], [-60.21396519599995, -51.79221323099995, 0.0], [-60.18118931699996, -51.74594858299997, 0.0], [-60.31803013699994, -51.69663217599998, 0.0], [-60.538916367999946, -51.806983738999975, 0.0], [-60.64896199299994, -51.66733659899995, 0.0], [-60.23343541099996, -51.656287937999934, 0.0], [-60.08646275399997, -51.722266941999976, 0.0], [-59.973791855999934, -51.74228647299998, 0.0], [-60.32199742199998, -51.536597996999944, 0.0], [-60.490942734999976, -51.54196908999995, 0.0], [-60.38181187499998, -51.487220554999965, 0.0], [-60.65067173899996, -51.41403940299995, 0.0], [-60.66440464899995, -51.340003757999966, 0.0], [-60.130041855999934, -51.50644662899998, 0.0], [-59.98294712899997, -51.47458627799995, 0.0], [-60.099646347999965, -51.437843113999975, 0.0], [-60.009985702999984, -51.38083627799995, 0.0], [-59.62729527399995, -51.46884897299998, 0.0], [-59.61942173899996, -51.43564584799998, 0.0], [-59.48917271499994, -51.39591196099997, 0.0], [-59.60147740299993, -51.44254282099996, 0.0], [-59.52042271499994, -51.480811863999975, 0.0], [-59.38577916099996, -51.43881967599998, 0.0], [-59.47617222699995, -51.403602390999936, 0.0], [-59.39035679699998, -51.335975437999934, 0.0]]], [[[-73.65263564899993, -77.51503481499998, 0.0], [-72.98988447199997, -77.55219971799994, 0.0], [-72.72749579399994, -77.58462445899994, 0.0], [-72.79368663199995, -77.60195709399994, 0.0], [-72.74033088299996, -77.65067793499998, 0.0], [-72.79521603199998, -77.71389706999997, 0.0], [-73.46131540099998, -78.01488025499998, 0.0], [-73.99999999999994, -78.09889604799997, 0.0], [-73.99999999999994, -77.48580800399998, 0.0], [-73.65263564899993, -77.51503481499998, 0.0]]], [[[-37.71657929299994, -53.98924854399996, 0.0], [-37.36615607099998, -53.99181836199995, 0.0], [-37.50035767199995, -54.062060050999946, 0.0], [-37.25149460399996, -54.095039380999935, 0.0], [-37.13471303699998, -54.042410461999964, 0.0], [-37.153329939999935, -54.133838871999956, 0.0], [-36.98872618599995, -54.05563677099997, 0.0], [-37.04930793799997, -54.136261357999956, 0.0], [-36.85650520699994, -54.079142553999986, 0.0], [-36.80704879899997, -54.15412039599994, 0.0], [-36.76916066299998, -54.10674041599998, 0.0], [-36.62645619999995, -54.13053613699998, 0.0], [-36.68833908099998, -54.13700859099998, 0.0], [-36.70421484499997, -54.18720570099998, 0.0], [-36.490449222999985, -54.18181746099998, 0.0], [-36.69888011799998, -54.23346209099998, 0.0], [-36.69874595699997, -54.300996948999966, 0.0], [-36.48813482299994, -54.23887140099998, 0.0], [-36.52187758699995, -54.35581094499997, 0.0], [-36.34803359199998, -54.374257686999954, 0.0], [-36.400152436999974, -54.24400328599995, 0.0], [-36.25083256999994, -54.287274131999936, 0.0], [-36.20777641999996, -54.34894445799995, 0.0], [-36.26417413499996, -54.390994553999974, 0.0], [-36.157460166999954, -54.37449048399998, 0.0], [-36.17701432599995, -54.44961702299997, 0.0], [-36.008805259999974, -54.50474145499999, 0.0], [-36.091125233999946, -54.575039026999946, 0.0], [-35.89363658399998, -54.54527400699993, 0.0], [-35.97162111599994, -54.704013877999955, 0.0], [-35.79398929799993, -54.77782708099994, 0.0], [-35.97657369899997, -54.81381174599994, 0.0], [-36.119427875999975, -54.75161425599998, 0.0], [-35.93744994599996, -54.857305663999966, 0.0], [-36.04257916199998, -54.85447372099998, 0.0], [-36.05196972599998, -54.88241714199995, 0.0], [-36.10720962499994, -54.90035268299994, 0.0], [-36.49987939199997, -54.507995222999966, 0.0], [-36.81794564699993, -54.45841386099994, 0.0], [-36.783518338999954, -54.413941346999934, 0.0], [-36.90318229299993, -54.37275128899995, 0.0], [-36.85358051299994, -54.354924111999935, 0.0], [-37.01348029199994, -54.36015892599994, 0.0], [-37.22093800099998, -54.23897540499996, 0.0], [-37.42084401599993, -54.27659225499997, 0.0], [-37.30627296899996, -54.230311738999944, 0.0], [-37.41582335399994, -54.18695795899998, 0.0], [-37.231415125999945, -54.14931488599996, 0.0], [-37.62954654099997, -54.191336166999974, 0.0], [-37.73210131099995, -54.13813141899993, 0.0], [-37.63801742199996, -54.11743010899994, 0.0], [-37.733243451999954, -54.10995860099996, 0.0], [-37.61322343899997, -54.04419029899998, 0.0], [-38.04766542899995, -54.06812767699995, 0.0], [-37.71657929299994, -53.98924854399996, 0.0]]], [[[-57.80644703799999, -63.800537333999955, 0.0], [-57.767961544999935, -63.897700921999956, 0.0], [-57.88300097299998, -63.97640111599998, 0.0], [-57.80963041699994, -63.996809836999944, 0.0], [-57.86468223099996, -64.07581767699997, 0.0], [-57.71390304799996, -64.08035954199994, 0.0], [-57.73539676299998, -64.01879916699994, 0.0], [-57.58073702099995, -63.97608316399999, 0.0], [-57.549239143999955, -63.94094144999997, 0.0], [-57.45384678299996, -63.914584900999955, 0.0], [-57.511322906999965, -64.02161219899995, 0.0], [-57.13605145199995, -64.08456579199998, 0.0], [-57.204581650999955, -64.15716502299995, 0.0], [-57.06222790999993, -64.17603742499995, 0.0], [-57.40239236699995, -64.28542670799993, 0.0], [-57.28074682199997, -64.35856077099999, 0.0], [-57.37082484699994, -64.39245720199995, 0.0], [-57.793990399999984, -64.34952971499996, 0.0], [-57.98087016399995, -64.45074636799995, 0.0], [-58.02873917799997, -64.35528954399996, 0.0], [-58.13941881499994, -64.39829600599995, 0.0], [-58.310597917999985, -64.32635402699998, 0.0], [-58.15872358799999, -64.27216770699994, 0.0], [-58.186459861999936, -64.18639790199995, 0.0], [-58.09670965899994, -64.12768173199999, 0.0], [-58.44408562199993, -64.14293102199997, 0.0], [-58.44250221699997, -64.06170918199996, 0.0], [-58.17444068699996, -63.983501058999934, 0.0], [-58.33144758999998, -63.95542178699998, 0.0], [-58.296676426999966, -63.91056387599997, 0.0], [-57.80644703799999, -63.800537333999955, 0.0]]], [[[-63.34460449599999, -64.24638792599995, 0.0], [-63.15294240199995, -64.30966044799999, 0.0], [-63.36660529799997, -64.44050018299998, 0.0], [-63.17227215099996, -64.38712500599996, 0.0], [-63.11590993799996, -64.39572917899994, 0.0], [-63.24762784899997, -64.47521142199997, 0.0], [-63.18733164799994, -64.48375584899998, 0.0], [-63.091101831999936, -64.45408352999993, 0.0], [-63.28429559199998, -64.58120448899996, 0.0], [-63.02117142599997, -64.51239704099999, 0.0], [-62.81658856699994, -64.56713945899997, 0.0], [-63.18550879199995, -64.65056632399995, 0.0], [-63.346713577999935, -64.76853535199996, 0.0], [-63.56470521399996, -64.73533889499998, 0.0], [-63.510957754999936, -64.76102106299999, 0.0], [-63.69884588499997, -64.85620912899998, 0.0], [-63.78414394299995, -64.78836645699994, 0.0], [-64.30521099899994, -64.70386432599997, 0.0], [-64.19116245599997, -64.64422828599999, 0.0], [-64.20444642399997, -64.59032736699999, 0.0], [-63.859183034999944, -64.50823186899999, 0.0], [-63.94055722699994, -64.45808449899994, 0.0], [-63.65592141399998, -64.41969884299994, 0.0], [-63.690445118999946, -64.33338566399993, 0.0], [-63.55603638699995, -64.32078915499994, 0.0], [-63.57797184299994, -64.26801354199995, 0.0], [-63.34460449599999, -64.24638792599995, 0.0]]], [[[-55.59628405299998, -63.12081658499994, 0.0], [-55.486479491999944, -63.15312067999997, 0.0], [-55.53393539699994, -63.17683484099996, 0.0], [-55.45411814399995, -63.21021616799999, 0.0], [-55.15714813899996, -63.18520539899998, 0.0], [-55.03883675299994, -63.308702936999964, 0.0], [-55.30523122599993, -63.36990584299997, 0.0], [-55.899337884999966, -63.294031090999965, 0.0], [-56.363132630999985, -63.442866967999976, 0.0], [-56.557523885999956, -63.37388998199998, 0.0], [-56.132511603999944, -63.15531640199998, 0.0], [-55.59628405299998, -63.12081658499994, 0.0]]], [[[-61.80760325799997, -69.53945327099996, 0.0], [-61.91845470599998, -69.54854185199997, 0.0], [-61.970059480999964, -69.72086535999995, 0.0], [-62.11610559799993, -69.72909154299998, 0.0], [-62.20305582599997, -69.50679254599999, 0.0], [-62.580174099999965, -69.18869385999994, 0.0], [-62.43396218799995, -69.14378063799995, 0.0], [-62.08672223699995, -69.23040720799997, 0.0], [-61.82458465499997, -69.37852248399997, 0.0], [-61.73364816199995, -69.48957047899995, 0.0], [-61.80760325799997, -69.53945327099996, 0.0]]], [[[-57.67981271199994, -61.89735631999997, 0.0], [-57.67950692299996, -61.979798062999976, 0.0], [-57.576693456999976, -62.027091146999965, 0.0], [-58.13350723399998, -62.05427189999995, 0.0], [-58.13127289799996, -62.15754198999997, 0.0], [-58.265719555999965, -62.19075555899997, 0.0], [-58.39895678899995, -62.12474827699998, 0.0], [-58.29221302399998, -62.08520673099997, 0.0], [-58.43779514399995, -62.05680576599997, 0.0], [-58.636406326999975, -62.176117802999954, 0.0], [-58.418572763999975, -62.212637496999946, 0.0], [-58.61551051199996, -62.261885237999934, 0.0], [-58.82995173599994, -62.158076825999956, 0.0], [-58.95764135999997, -62.198490413999934, 0.0], [-58.947947503999956, -62.22951029899997, 0.0], [-59.03235573999996, -62.20818331899994, 0.0], [-58.42482029299998, -61.934317792999934, 0.0], [-58.212804984999934, -61.96054371499997, 0.0], [-57.99005624199998, -61.89731515699998, 0.0], [-57.85633909899997, -61.94656326099994, 0.0], [-57.67981271199994, -61.89735631999997, 0.0]]], [[[-62.460563312999966, -64.00933878599994, 0.0], [-62.29698835299996, -64.01801949499998, 0.0], [-62.28546699699996, -64.09723747999993, 0.0], [-61.994531774999984, -64.14416435999993, 0.0], [-62.213451849999956, -64.17787936699995, 0.0], [-62.049499105999985, -64.21457626499995, 0.0], [-62.32791239699998, -64.44202102399998, 0.0], [-62.54639307799994, -64.45401700099995, 0.0], [-62.60303553099993, -64.53012402199994, 0.0], [-62.77947604199994, -64.49942597499995, 0.0], [-62.586845385999936, -64.45320544499998, 0.0], [-62.68704343199994, -64.40514213299997, 0.0], [-62.46416571399993, -64.23321674399995, 0.0], [-62.62015384399996, -64.11839315799995, 0.0], [-62.499260628999934, -64.09861386899996, 0.0], [-62.577469776999976, -64.04198116299995, 0.0], [-62.460563312999966, -64.00933878599994, 0.0]]], [[[-72.67011578899996, -69.41512375499997, 0.0], [-72.38473254399997, -69.46655984299997, 0.0], [-72.27661816999995, -69.59394867099996, 0.0], [-71.94191494899997, -69.68108717499996, 0.0], [-72.76906489699996, -69.66248599699998, 0.0], [-72.97592105899997, -69.51570101499993, 0.0], [-72.67011578899996, -69.41512375499997, 0.0]]], [[[-60.12407065999997, -62.46466381699997, 0.0], [-60.005668268999955, -62.52555328699998, 0.0], [-60.095170303999964, -62.58185704699997, 0.0], [-59.99473232199995, -62.63148080299999, 0.0], [-59.80520409799993, -62.61162474199995, 0.0], [-60.31226037999994, -62.76419708999998, 0.0], [-60.30123138399995, -62.68362594399997, 0.0], [-60.43335037199995, -62.71674158999997, 0.0], [-60.35169873999996, -62.61216525499998, 0.0], [-60.85819794299994, -62.69126981199997, 0.0], [-61.18218156199998, -62.67241344299998, 0.0], [-61.12133929299995, -62.62541777299998, 0.0], [-61.21640425299995, -62.58643712999998, 0.0], [-60.82988028699998, -62.58379427099999, 0.0], [-60.79471184099998, -62.454442073999985, 0.0], [-60.596995757999935, -62.57690477699998, 0.0], [-60.326414357999965, -62.56494324299996, 0.0], [-60.12407065999997, -62.46466381699997, 0.0]]], [[[-65.76700200599998, -65.52126927999996, 0.0], [-65.63219631499999, -65.53062832699999, 0.0], [-65.68471106999993, -65.63121071699999, 0.0], [-65.66063655499994, -65.67552538699994, 0.0], [-65.91475303599998, -65.69711246799994, 0.0], [-65.79554488299993, -65.84061698799997, 0.0], [-66.18278516399994, -65.87186525999994, 0.0], [-66.19290240999999, -65.79751047699995, 0.0], [-66.04202617699997, -65.74836739499995, 0.0], [-66.09978045299994, -65.69745395099994, 0.0], [-65.96447704799994, -65.54993840599997, 0.0], [-65.76700200599998, -65.52126927999996, 0.0]]], [[[-73.59524476599995, -70.67418836099995, 0.0], [-73.56352497499995, -70.74723981399995, 0.0], [-73.99999999999994, -70.87289585199994, 0.0], [-73.99999999999994, -70.55103362299997, 0.0], [-73.59524476599995, -70.67418836099995, 0.0]]], [[[-60.52227821799994, -70.51121599799995, 0.0], [-60.428337057999954, -70.60809482699995, 0.0], [-60.64715450399996, -70.70119857199995, 0.0], [-60.868714480999984, -70.71249425099995, 0.0], [-60.984787805999986, -70.61576009399994, 0.0], [-60.91422470799995, -70.52976668499997, 0.0], [-60.52227821799994, -70.51121599799995, 0.0]]], [[[-67.23247135499997, -67.59007884599998, 0.0], [-67.11749554099998, -67.63329435199995, 0.0], [-67.43941134599999, -67.78729883499994, 0.0], [-67.74177501699995, -67.74190425999996, 0.0], [-67.63748547499995, -67.67998424399997, 0.0], [-67.78250231799996, -67.69567762699995, 0.0], [-67.57953711099998, -67.60269466899996, 0.0], [-67.23247135499997, -67.59007884599998, 0.0]]], [[[-56.48752158099995, -62.97737485699997, 0.0], [-56.09435413699998, -63.00150564899997, 0.0], [-56.02676713899996, -63.040836860999946, 0.0], [-56.33178589399995, -63.186881282999934, 0.0], [-56.62373259799995, -63.053200379999964, 0.0], [-56.48752158099995, -62.97737485699997, 0.0]]], [[[-55.35150387699997, -61.05832057699996, 0.0], [-54.98457448299996, -61.11538646499997, 0.0], [-54.64479497299993, -61.11540890899994, 0.0], [-55.039887626999985, -61.16167062599993, 0.0], [-55.21738661999996, -61.28094414599997, 0.0], [-55.473656311999946, -61.12834361199998, 0.0], [-55.35150387699997, -61.05832057699996, 0.0]]], [[[-73.57835126299994, -73.18111899999997, 0.0], [-73.70649601599996, -73.21054615799994, 0.0], [-73.67069568999995, -73.25196109699993, 0.0], [-73.76825650499995, -73.32318577899997, 0.0], [-73.99999999999994, -73.37125466899994, 0.0], [-73.99999999999994, -73.21719555099997, 0.0], [-73.84426132099998, -73.19184038699996, 0.0], [-73.86781604899994, -73.11188150999999, 0.0], [-73.63427757399995, -73.09150283699995, 0.0], [-73.53781653099998, -73.13325639899995, 0.0], [-73.57835126299994, -73.18111899999997, 0.0]]], [[[-45.67420054599995, -60.52928425599998, 0.0], [-45.23525313799996, -60.61879206499998, 0.0], [-45.161599412999976, -60.730543814999976, 0.0], [-45.78048055599993, -60.58778043899997, 0.0], [-46.032689465999965, -60.61267618499994, 0.0], [-45.919150326999954, -60.52314167499998, 0.0], [-45.67420054599995, -60.52928425599998, 0.0]]], [[[-64.32924817499998, -54.73390726799994, 0.0], [-64.04257842199996, -54.77813231099998, 0.0], [-63.79588780299997, -54.727152358999945, 0.0], [-64.22076435999998, -54.85767769299997, 0.0], [-64.23467944799995, -54.78196324399994, 0.0], [-64.48460364099998, -54.87463820399995, 0.0], [-64.46613902299998, -54.82343220299998, 0.0], [-64.60614650899998, -54.91084884099996, 0.0], [-64.75656804199997, -54.836491095999975, 0.0], [-64.68712585199995, -54.78058327999997, 0.0], [-64.51141970899994, -54.79805753699998, 0.0], [-64.54463698499995, -54.72524602999994, 0.0], [-64.36736713999994, -54.81090662699995, 0.0], [-64.32924817499998, -54.73390726799994, 0.0]]], [[[-56.95286569099994, -64.44128202499996, 0.0], [-57.251641323999934, -64.57376058599993, 0.0], [-57.47497273299996, -64.49548309599999, 0.0], [-56.88954865799997, -64.33167423199995, 0.0], [-56.95286569099994, -64.44128202499996, 0.0]]], [[[-55.944878606999964, -63.398806330999946, 0.0], [-55.73713605299997, -63.43800010899997, 0.0], [-55.72506359099998, -63.50346954899999, 0.0], [-56.00898491199996, -63.589637556999946, 0.0], [-56.25883593699996, -63.48318127899995, 0.0], [-55.944878606999964, -63.398806330999946, 0.0]]], [[[-71.62952474899998, -70.30701822899994, 0.0], [-71.47532077799997, -70.26588362699994, 0.0], [-71.32072902299996, -70.29883227299996, 0.0], [-71.60944466499996, -70.45645101399998, 0.0], [-71.73255679099998, -70.42702752199995, 0.0], [-71.82187784499996, -70.29498590599997, 0.0], [-71.62952474899998, -70.30701822899994, 0.0]]], [[[-60.603628363999974, -71.07026029899998, 0.0], [-60.89143406599999, -71.01808918699999, 0.0], [-60.959060944999976, -70.97740285899994, 0.0], [-60.60660983899999, -70.91890566299998, 0.0], [-60.50696700699996, -70.97834450299996, 0.0], [-60.603628363999974, -71.07026029899998, 0.0]]], [[[-57.336373469999955, -63.79905452099996, 0.0], [-57.353176221999945, -63.81040678199997, 0.0], [-57.052092080999955, -63.839973096999984, 0.0], [-57.34270174499994, -63.93388083199994, 0.0], [-57.43273728099996, -63.87740328899997, 0.0], [-57.62013758099994, -63.910976275999985, 0.0], [-57.70193127199997, -63.820899675999954, 0.0], [-57.336373469999955, -63.79905452099996, 0.0]]], [[[-67.28269601599999, -66.77371621799995, 0.0], [-67.22629941999998, -66.83642578199994, 0.0], [-67.39335826899998, -66.91104019499994, 0.0], [-67.60382557899999, -66.88424322099996, 0.0], [-67.49669721899994, -66.73604457299996, 0.0], [-67.28269601599999, -66.77371621799995, 0.0]]], [[[-66.62231879999996, -66.06688459999998, 0.0], [-66.55904434499996, -66.09058703699998, 0.0], [-66.60902041499997, -66.21135990099998, 0.0], [-66.92428450699998, -66.31218828499993, 0.0], [-66.77272421699996, -66.22572971799997, 0.0], [-66.79757317299993, -66.11780104299999, 0.0], [-66.62231879999996, -66.06688459999998, 0.0]]], [[[-60.885620969999934, -51.76485595899993, 0.0], [-60.85658349399995, -51.78854904399998, 0.0], [-60.87188424499993, -51.89014206099995, 0.0], [-60.91557397299994, -51.896157838999954, 0.0], [-60.870930570999974, -51.917173005999985, 0.0], [-60.97597398199997, -51.98430977099997, 0.0], [-61.16574181899995, -51.84783706899998, 0.0], [-61.03816146599996, -51.84515528999998, 0.0], [-60.979573148999975, -51.77831039599994, 0.0], [-60.93365228899995, -51.81305854599998, 0.0], [-61.05220028599996, -51.889234804999944, 0.0], [-60.90330551399995, -51.85723105399995, 0.0], [-60.885620969999934, -51.76485595899993, 0.0]]], [[[-59.46916496299997, -65.25622397299998, 0.0], [-59.77605124499996, -65.18543257699997, 0.0], [-59.84422967399996, -65.12293957199995, 0.0], [-59.61195341999996, -65.12021659099997, 0.0], [-59.46916496299997, -65.25622397299998, 0.0]]], [[[-61.22376037199996, -69.99677159999999, 0.0], [-61.38472010099997, -69.95526464099999, 0.0], [-61.402292201999956, -69.90624539499998, 0.0], [-61.20062727099997, -69.85648650499996, 0.0], [-61.10734900299997, -69.96330817699999, 0.0], [-61.22376037199996, -69.99677159999999, 0.0]]], [[[-60.78319362099995, -63.675587683999936, 0.0], [-60.557431673999986, -63.70110854899997, 0.0], [-60.70777542299999, -63.815749283999935, 0.0], [-60.63034620999997, -63.86062849099994, 0.0], [-60.890686812999945, -63.909471973999985, 0.0], [-60.91148053999996, -63.85260908399994, 0.0], [-60.679317271999935, -63.72828153699999, 0.0], [-60.78319362099995, -63.675587683999936, 0.0]]], [[[-59.03201951099999, -62.23784937199997, 0.0], [-58.87923356999994, -62.263954275999936, 0.0], [-58.826431636999985, -62.31348605799997, 0.0], [-59.24444163099997, -62.30297794899997, 0.0], [-59.03201951099999, -62.23784937199997, 0.0]]], [[[-60.72524710599998, -68.80462711099995, 0.0], [-60.98713996399994, -68.74368799599995, 0.0], [-61.03644052699997, -68.70754003299999, 0.0], [-60.74786009799993, -68.71481377499998, 0.0], [-60.663278816999934, -68.77339924799998, 0.0], [-60.72524710599998, -68.80462711099995, 0.0]]], [[[-64.72725294899993, -67.59527817499998, 0.0], [-64.56345553999995, -67.61971596999996, 0.0], [-64.94255970799998, -67.69060166199995, 0.0], [-65.00782170299993, -67.61706642499996, 0.0], [-64.72725294899993, -67.59527817499998, 0.0]]], [[[-59.785881022999945, -62.440836994999984, 0.0], [-59.55178273599995, -62.50193781499996, 0.0], [-59.716232960999946, -62.555815018999965, 0.0], [-60.03290625699998, -62.45312871099998, 0.0], [-59.785881022999945, -62.440836994999984, 0.0]]], [[[-63.243628626999964, -64.79021629699997, 0.0], [-63.43212367499996, -64.91171943999996, 0.0], [-63.596751111999936, -64.90952002499995, 0.0], [-63.44984238699993, -64.83373851499994, 0.0], [-63.52099354599994, -64.81711750199997, 0.0], [-63.355572966999944, -64.80115017799994, 0.0], [-63.168954043999975, -64.71497885099996, 0.0], [-63.243628626999964, -64.79021629699997, 0.0]]], [[[-59.61872641299993, -62.32606581999994, 0.0], [-59.377131058999964, -62.36752523299998, 0.0], [-59.34379914599998, -62.40722459999995, 0.0], [-59.50747580999996, -62.46296415099994, 0.0], [-59.724992749999956, -62.36940751199995, 0.0], [-59.61872641299993, -62.32606581999994, 0.0]]], [[[-62.300166686999944, -62.872505718999946, 0.0], [-62.46132975099994, -63.00043067299998, 0.0], [-62.64827989499997, -63.082233852999934, 0.0], [-62.70600804199995, -63.081762853999976, 0.0], [-62.52873966499993, -62.925195919999965, 0.0], [-62.300166686999944, -62.872505718999946, 0.0]]], [[[-48.84516378999996, -77.78253470599998, 0.0], [-49.272518711999965, -77.86320768699994, 0.0], [-49.393660410999985, -77.84326094799997, 0.0], [-48.738661742999966, -77.74521624399995, 0.0], [-48.84516378999996, -77.78253470599998, 0.0]]], [[[-62.20589960899997, -63.23306045099997, 0.0], [-62.047320955999965, -63.25111072699997, 0.0], [-61.94652874899998, -63.32116609999997, 0.0], [-62.26720560399997, -63.361749706999944, 0.0], [-62.20589960899997, -63.23306045099997, 0.0]]], [[[-67.05402321499997, -67.50652417999999, 0.0], [-67.01811588799995, -67.52863580199994, 0.0], [-66.81213381499998, -67.52115900699994, 0.0], [-67.07734964999997, -67.60075757299995, 0.0], [-67.21981140699995, -67.54697918099998, 0.0], [-67.05402321499997, -67.50652417999999, 0.0]]], [[[-61.245937296999955, -62.72179118299994, 0.0], [-61.40528216599995, -62.83582261999999, 0.0], [-61.528440140999976, -62.77208360999998, 0.0], [-61.33239402399994, -62.70332485599994, 0.0], [-61.245937296999955, -62.72179118299994, 0.0]]], [[[-53.96496287699995, -61.11232760599995, 0.0], [-54.042658177999954, -61.29773101799998, 0.0], [-54.19195855899994, -61.27524440299999, 0.0], [-54.087211486999934, -61.16628252899994, 0.0], [-53.96496287699995, -61.11232760599995, 0.0]]], [[[-60.59398926799997, -62.897949582999956, 0.0], [-60.495831961999954, -62.96815858599996, 0.0], [-60.56124529799996, -62.99291601099998, 0.0], [-60.60060646399995, -62.93276604899995, 0.0], [-60.68944105999998, -62.92654337899995, 0.0], [-60.708075263999945, -62.98015667799996, 0.0], [-60.552816889999974, -62.999478644999954, 0.0], [-60.60565215199995, -63.02165456599994, 0.0], [-60.74838122299997, -62.96606288999993, 0.0], [-60.733353928999975, -62.917601125999965, 0.0], [-60.59398926799997, -62.897949582999956, 0.0]]], [[[-26.32527342999998, -58.40366063299996, 0.0], [-26.268160285999954, -58.51315807299994, 0.0], [-26.48177274699998, -58.456416789999935, 0.0], [-26.466228460999957, -58.414437428999975, 0.0], [-26.32527342999998, -58.40366063299996, 0.0]]], [[[-60.29443359399994, -51.26477050799997, 0.0], [-60.23406982399996, -51.30633544899996, 0.0], [-60.04473876999998, -51.33789062499994, 0.0], [-60.10766601599994, -51.37890624999994, 0.0], [-60.12109374999994, -51.39617919899996, 0.0], [-60.10998535199997, -51.403686522999976, 0.0], [-60.19750976599994, -51.39666747999996, 0.0], [-60.27758789099994, -51.409057616999974, 0.0], [-60.237670897999976, -51.339782714999956, 0.0], [-60.17620849599996, -51.39685058599997, 0.0], [-60.12164306599993, -51.363952636999954, 0.0], [-60.28521728499999, -51.304260253999985, 0.0], [-60.325561522999976, -51.26263427699996, 0.0], [-60.29443359399994, -51.26477050799997, 0.0]]], [[[-59.76273232099999, -51.24817373999997, 0.0], [-59.49875140199998, -51.27395714599999, 0.0], [-59.42340948499998, -51.33510770699996, 0.0], [-59.83790831699997, -51.26432152199993, 0.0], [-59.76273232099999, -51.24817373999997, 0.0]]], [[[-56.59252441399997, -64.22766380199994, 0.0], [-56.70589256499994, -64.30732592099997, 0.0], [-56.900219755999956, -64.31887019999994, 0.0], [-56.80122790199994, -64.24166136799994, 0.0], [-56.59252441399997, -64.22766380199994, 0.0]]], [[[-67.21491743499996, -67.79730777999998, 0.0], [-67.15827719499998, -67.80480111999998, 0.0], [-67.20333038199993, -67.82873379499995, 0.0], [-67.08560126199995, -67.83434666299996, 0.0], [-67.27371913999997, -67.89682841299998, 0.0], [-67.23646051099996, -67.82943178099998, 0.0], [-67.34355789399996, -67.82083349299995, 0.0], [-67.21491743499996, -67.79730777999998, 0.0]]], [[[-71.91989667399997, -73.18661348899997, 0.0], [-71.80134703299996, -73.21973736199999, 0.0], [-72.11541200199997, -73.20281721299995, 0.0], [-72.07394121499993, -73.19020262799995, 0.0], [-71.91989667399997, -73.18661348899997, 0.0]]], [[[-44.52174554299995, -60.67707672299997, 0.0], [-44.39415294799994, -60.72463973699996, 0.0], [-44.70207674899996, -60.78389844599997, 0.0], [-44.813201902999936, -60.72241880399997, 0.0], [-44.52174554299995, -60.67707672299997, 0.0]]], [[[-61.82578430099994, -63.958654888999945, 0.0], [-61.79056965199999, -63.96900874299996, 0.0], [-61.96670413299995, -64.09025761499998, 0.0], [-62.07396875999996, -64.06677355099998, 0.0], [-61.82578430099994, -63.958654888999945, 0.0]]], [[[-70.68478888499999, -70.24664691499999, 0.0], [-70.63807015699996, -70.30501865999997, 0.0], [-70.78135192799994, -70.32620554299996, 0.0], [-70.78056187299995, -70.26026692999994, 0.0], [-70.68478888499999, -70.24664691499999, 0.0]]], [[[-26.53823493799996, -58.96806940499994, 0.0], [-26.438539185999957, -59.00256857599999, 0.0], [-26.432415266999953, -59.020647663999966, 0.0], [-26.626178342999935, -59.016091581999945, 0.0], [-26.53823493799996, -58.96806940499994, 0.0]]], [[[-67.75743077499993, -67.28683349399995, 0.0], [-67.82217953599996, -67.26546918599996, 0.0], [-67.58128442799995, -67.21114731199998, 0.0], [-67.67281471399997, -67.27384114599994, 0.0], [-67.75743077499993, -67.28683349399995, 0.0]]], [[[-68.92669588599995, -72.40570586099994, 0.0], [-68.86704689699997, -72.40867437599996, 0.0], [-69.14259805599994, -72.46315715399999, 0.0], [-69.05138366499995, -72.39173774899996, 0.0], [-68.92669588599995, -72.40570586099994, 0.0]]], [[[-56.53523874399997, -63.558687300999964, 0.0], [-56.45158882199996, -63.56496166299996, 0.0], [-56.687820612999985, -63.612503093999976, 0.0], [-56.680832402999954, -63.57246738699996, 0.0], [-56.53523874399997, -63.558687300999964, 0.0]]], [[[-60.18088955899998, -72.26089821199997, 0.0], [-60.24148555299996, -72.23959766799999, 0.0], [-60.253477387999965, -72.19163248099994, 0.0], [-60.11658598699995, -72.20326032399998, 0.0], [-60.18088955899998, -72.26089821199997, 0.0]]], [[[-67.62088812499996, -67.14624401299994, 0.0], [-67.66994745499994, -67.08563707199994, 0.0], [-67.56287723599996, -67.04050338299999, 0.0], [-67.53935410899999, -67.10194247699997, 0.0], [-67.62088812499996, -67.14624401299994, 0.0]]], [[[-70.46035127099998, -72.24022799799997, 0.0], [-70.42452900899997, -72.24334006599997, 0.0], [-70.66309583399993, -72.25597446999996, 0.0], [-70.59121782199998, -72.22045723399998, 0.0], [-70.46035127099998, -72.24022799799997, 0.0]]], [[[-57.408496888999935, -63.631211993999955, 0.0], [-57.454039603999945, -63.69347325099994, 0.0], [-57.57762500899997, -63.64600530399997, 0.0], [-57.52694756699998, -63.62843500399998, 0.0], [-57.408496888999935, -63.631211993999955, 0.0]]], [[[-58.42326440199997, -51.988202668999975, 0.0], [-58.40378655799998, -52.014436341999954, 0.0], [-58.471726315999945, -52.027192689999936, 0.0], [-58.41465028799996, -52.097779242999934, 0.0], [-58.55465977299997, -52.02746410499998, 0.0], [-58.42326440199997, -51.988202668999975, 0.0]]], [[[-61.693351750999966, -63.723158256999966, 0.0], [-61.62438420099994, -63.73121039499995, 0.0], [-61.610143938999954, -63.775653433999935, 0.0], [-61.66270487099996, -63.81280369099994, 0.0], [-61.68429893799998, -63.81015626799996, 0.0], [-61.754531946999975, -63.733065358999966, 0.0], [-61.693351750999966, -63.723158256999966, 0.0]]], [[[-59.77545787599996, -52.15175460299997, 0.0], [-59.67012872099997, -52.22215423799997, 0.0], [-59.74330605899996, -52.29542694299994, 0.0], [-59.80823725399995, -52.168590405999964, 0.0], [-59.77545787599996, -52.15175460299997, 0.0]]], [[[-65.26749938999995, -65.83347395699997, 0.0], [-65.20028989699995, -65.85863939299998, 0.0], [-65.19740150099994, -65.88582776299995, 0.0], [-65.34965288699993, -65.83998533699997, 0.0], [-65.26749938999995, -65.83347395699997, 0.0]]], [[[-67.10562905499995, -66.31551981799998, 0.0], [-67.02132304199995, -66.36395812499995, 0.0], [-67.16629214099999, -66.39511936999997, 0.0], [-67.16452137699997, -66.33424483399995, 0.0], [-67.10562905499995, -66.31551981799998, 0.0]]], [[[-56.578305959999966, -63.17981137099997, 0.0], [-56.64319448699996, -63.22050300999996, 0.0], [-56.70667188799996, -63.17711070499996, 0.0], [-56.61852273499994, -63.14717589199995, 0.0], [-56.578305959999966, -63.17981137099997, 0.0]]], [[[-65.17410054399994, -67.81054437599994, 0.0], [-65.07107125599998, -67.82648405499998, 0.0], [-65.04166050799995, -67.80016477099997, 0.0], [-64.98395106299995, -67.80376244499996, 0.0], [-65.02020902799995, -67.85461948799997, 0.0], [-65.31114562899995, -67.82831063899994, 0.0], [-65.17410054399994, -67.81054437599994, 0.0]]], [[[-63.10028287299997, -64.84754235999998, 0.0], [-62.98519546499995, -64.85255807699997, 0.0], [-62.92736124199996, -64.88026977399994, 0.0], [-63.10060713299998, -64.88936495399997, 0.0], [-63.10028287299997, -64.84754235999998, 0.0]]], [[[-60.918058902999974, -72.59033572799996, 0.0], [-60.908145263999984, -72.53152508299996, 0.0], [-60.776277419999985, -72.56274258199994, 0.0], [-60.80076367399994, -72.57063859599998, 0.0], [-60.918058902999974, -72.59033572799996, 0.0]]], [[[-26.484438557999965, -57.76224261099998, 0.0], [-26.434188992999964, -57.79817454899995, 0.0], [-26.385420044999933, -57.809007701999974, 0.0], [-26.524386082999968, -57.82693980399995, 0.0], [-26.484438557999965, -57.76224261099998, 0.0]]], [[[-67.05777245999997, -66.23311745699993, 0.0], [-67.06229163099994, -66.26279221599998, 0.0], [-66.88331647599995, -66.26460798099998, 0.0], [-66.98280739299997, -66.29653764999995, 0.0], [-67.11719814599996, -66.25211602199994, 0.0], [-67.05777245999997, -66.23311745699993, 0.0]]], [[[-62.64883289299996, -64.70618645199994, 0.0], [-62.71417567999998, -64.74819938999997, 0.0], [-62.77012236899998, -64.71061742099994, 0.0], [-62.67190704999996, -64.66918305199994, 0.0], [-62.64883289299996, -64.70618645199994, 0.0]]], [[[-59.956898587999945, -51.28448257699995, 0.0], [-59.928774731999965, -51.35591087499995, 0.0], [-60.04455326899995, -51.30554449199997, 0.0], [-59.990406888999985, -51.28607711999996, 0.0], [-59.956898587999945, -51.28448257699995, 0.0]]], [[[-61.23324288699996, -51.79544220199995, 0.0], [-61.23287667699998, -51.87667617999995, 0.0], [-61.34745667399994, -51.83337898999997, 0.0], [-61.261921781999945, -51.830636598999945, 0.0], [-61.23324288699996, -51.79544220199995, 0.0]]], [[[-62.03901204999994, -64.54745604499993, 0.0], [-62.075580136999974, -64.61816918899996, 0.0], [-62.15476611799994, -64.58163734799996, 0.0], [-62.059135304999984, -64.53517524499995, 0.0], [-62.03901204999994, -64.54745604499993, 0.0]]], [[[-67.18637167099996, -68.13110828599997, 0.0], [-67.14117227699995, -68.14280139499994, 0.0], [-67.28018087099997, -68.15365751399997, 0.0], [-67.25826400199998, -68.12951089999996, 0.0], [-67.18637167099996, -68.13110828599997, 0.0]]], [[[-66.90661428599998, -67.85329584999994, 0.0], [-66.86834328599997, -67.87523119899998, 0.0], [-67.05142352999997, -67.87705317399997, 0.0], [-67.01060957499993, -67.85410938199993, 0.0], [-66.90661428599998, -67.85329584999994, 0.0]]], [[[-61.71547621399998, -64.09912160699997, 0.0], [-61.67656273999995, -64.11468755999994, 0.0], [-61.663381544999936, -64.17003740599995, 0.0], [-61.760701955999934, -64.15442095999998, 0.0], [-61.71547621399998, -64.09912160699997, 0.0]]], [[[-67.72904223899997, -67.37568765599997, 0.0], [-67.72468353599999, -67.32696155999997, 0.0], [-67.60505305899994, -67.31084707799994, 0.0], [-67.63067534599998, -67.34069915199996, 0.0], [-67.72904223899997, -67.37568765599997, 0.0]]], [[[-66.96899093499997, -72.21630963199993, 0.0], [-67.03377164299997, -72.25223538799997, 0.0], [-67.12388609499993, -72.21789880799997, 0.0], [-67.01278644599995, -72.20297851899994, 0.0], [-66.96899093499997, -72.21630963199993, 0.0]]], [[[-27.21415221999996, -56.68299001599996, 0.0], [-27.162154143999942, -56.68974323499998, 0.0], [-27.12958875299995, -56.71175301699998, 0.0], [-27.25369095999997, -56.72326420899998, 0.0], [-27.21415221999996, -56.68299001599996, 0.0]]], [[[-65.56818834499995, -65.46226749999994, 0.0], [-65.52801986399999, -65.47351012399997, 0.0], [-65.65111448499994, -65.51326354999998, 0.0], [-65.72145919999997, -65.49917612199994, 0.0], [-65.56818834499995, -65.46226749999994, 0.0]]], [[[-59.82682604399997, -63.54687551999996, 0.0], [-59.78354166199995, -63.56111531799996, 0.0], [-59.77353713599996, -63.59395888299997, 0.0], [-59.87268336799997, -63.59108754699997, 0.0], [-59.82682604399997, -63.54687551999996, 0.0]]], [[[-45.00276764199998, -60.71899396799995, 0.0], [-45.06293591299993, -60.69311613799994, 0.0], [-45.04580355599995, -60.63379220999997, 0.0], [-45.01011924199997, -60.64410956099994, 0.0], [-45.00276764199998, -60.71899396799995, 0.0]]], [[[-65.90670691899999, -65.88437581699998, 0.0], [-65.92755901999993, -65.91845378399995, 0.0], [-66.01186173199994, -65.92915557499998, 0.0], [-66.04017200299995, -65.92237614099997, 0.0], [-65.90670691899999, -65.88437581699998, 0.0]]], [[[-71.69178183299994, -73.17709126299997, 0.0], [-71.64504760099999, -73.20949914699997, 0.0], [-71.80786330099994, -73.18470031899994, 0.0], [-71.79799189799996, -73.17773600499999, 0.0], [-71.69178183299994, -73.17709126299997, 0.0]]], [[[-59.68689050099994, -52.30697021699996, 0.0], [-59.76002969199993, -52.383267976999946, 0.0], [-59.816814792999935, -52.36068449199996, 0.0], [-59.751139835999936, -52.30872473299996, 0.0], [-59.68689050099994, -52.30697021699996, 0.0]]], [[[-62.93841220099995, -64.80032125399998, 0.0], [-62.86452474899994, -64.80964927899998, 0.0], [-63.02772051499994, -64.81077126599996, 0.0], [-62.99800955699993, -64.79560209399995, 0.0], [-62.93841220099995, -64.80032125399998, 0.0]]], [[[-55.582499118999976, -61.468554738999956, 0.0], [-55.541228424999986, -61.46327858099994, 0.0], [-55.468924038999944, -61.47918134499997, 0.0], [-55.445807438999964, -61.49328414299998, 0.0], [-55.70240669699996, -61.47791689099995, 0.0], [-55.582499118999976, -61.468554738999956, 0.0]]], [[[-61.54164880999997, -64.35090799599993, 0.0], [-61.482037306999985, -64.38373809899997, 0.0], [-61.62005179799996, -64.36665940299997, 0.0], [-61.61166675499999, -64.35610086899999, 0.0], [-61.54164880999997, -64.35090799599993, 0.0]]], [[[-67.16153814999996, -67.73025848999998, 0.0], [-67.13499462399994, -67.69382967899998, 0.0], [-67.00918507199998, -67.64562523699993, 0.0], [-67.04883224199995, -67.68679277599995, 0.0], [-67.16153814999996, -67.73025848999998, 0.0]]], [[[-60.210074471999974, -65.09278613299995, 0.0], [-60.30150329899993, -65.07474248699998, 0.0], [-60.312476268999944, -65.05255547999997, 0.0], [-60.23167465999995, -65.05470917399998, 0.0], [-60.210074471999974, -65.09278613299995, 0.0]]], [[[-27.19644541799994, -59.42261124899994, 0.0], [-27.13506450099993, -59.428737672999944, 0.0], [-27.132184251999945, -59.44486540699995, 0.0], [-27.246671668999966, -59.451467424999976, 0.0], [-27.19644541799994, -59.42261124899994, 0.0]]], [[[-67.50708007799994, -54.87735748299997, 0.0], [-67.47161102299998, -54.884403228999986, 0.0], [-67.44712066699998, -54.87906265299995, 0.0], [-67.43610382099996, -54.892932891999976, 0.0], [-67.40792083699995, -54.90003585799997, 0.0], [-67.50708007799994, -54.87735748299997, 0.0]]], [[[-63.544435550999935, -64.84289465699999, 0.0], [-63.475732464999965, -64.83758709199998, 0.0], [-63.62967656999996, -64.86601966899997, 0.0], [-63.58414441699995, -64.83378938899995, 0.0], [-63.544435550999935, -64.84289465699999, 0.0]]], [[[-45.61037145499995, -60.684602978999976, 0.0], [-45.58465839199994, -60.73228287799998, 0.0], [-45.67537495399995, -60.72473626599998, 0.0], [-45.62616167099998, -60.672107712999946, 0.0], [-45.61037145499995, -60.684602978999976, 0.0]]], [[[-27.322479389999955, -59.41572380599996, 0.0], [-27.30176516399996, -59.462323598999944, 0.0], [-27.41799286099996, -59.44242547299996, 0.0], [-27.358501941999975, -59.414006202999985, 0.0], [-27.322479389999955, -59.41572380599996, 0.0]]], [[[-58.82528577099998, -52.15568358799993, 0.0], [-58.850338833999956, -52.170486779999976, 0.0], [-58.83544882799998, -52.21069821899994, 0.0], [-58.93578593999996, -52.24319213799998, 0.0], [-59.00448573799997, -52.24724673999998, 0.0], [-58.82528577099998, -52.15568358799993, 0.0]]], [[[-61.25426364499998, -51.68144318499998, 0.0], [-61.21181750899996, -51.68985459199996, 0.0], [-61.21218753399995, -51.703560799999934, 0.0], [-61.29296565599998, -51.70646187699998, 0.0], [-61.29794955799997, -51.763031929999954, 0.0], [-61.33309054999995, -51.69208618999994, 0.0], [-61.25426364499998, -51.68144318499998, 0.0]]], [[[-71.21115993399997, -73.05177120299999, 0.0], [-71.19722432299994, -73.07415258299994, 0.0], [-71.29143132999997, -73.08350536099994, 0.0], [-71.31425993499994, -73.06799395199994, 0.0], [-71.21115993399997, -73.05177120299999, 0.0]]], [[[-57.54981448799998, -64.42889808899997, 0.0], [-57.593801102999976, -64.46418246799993, 0.0], [-57.653499634999946, -64.44962052299996, 0.0], [-57.613343776999955, -64.43184908399996, 0.0], [-57.54981448799998, -64.42889808899997, 0.0]]], [[[-73.79518969899993, -73.40084241899996, 0.0], [-73.83375386299997, -73.38839771699998, 0.0], [-73.72205075999995, -73.36270171999996, 0.0], [-73.78152593199997, -73.39879740099997, 0.0], [-73.79518969899993, -73.40084241899996, 0.0]]], [[[-60.219438442999945, -66.90778182699995, 0.0], [-60.16770529099995, -66.85484037799995, 0.0], [-60.09274505899998, -66.84356251799994, 0.0], [-60.153822101999936, -66.86801539799995, 0.0], [-60.219438442999945, -66.90778182699995, 0.0]]], [[[-59.73907174499993, -51.318391420999944, 0.0], [-59.74504937599994, -51.33627090699997, 0.0], [-59.66032494899997, -51.37062988499997, 0.0], [-59.83189477299999, -51.35939560199995, 0.0], [-59.73907174499993, -51.318391420999944, 0.0]]], [[[-59.552021862999936, -65.11299267399994, 0.0], [-59.58062291199997, -65.10939450699993, 0.0], [-59.60331573499997, -65.08803480699999, 0.0], [-59.507654385999956, -65.09713179399995, 0.0], [-59.552021862999936, -65.11299267399994, 0.0]]], [[[-65.74027685299995, -65.99247386199994, 0.0], [-65.76509507399999, -66.00369947799999, 0.0], [-65.81143211099999, -65.99990537699995, 0.0], [-65.77793428999996, -65.94474216399993, 0.0], [-65.74027685299995, -65.99247386199994, 0.0]]], [[[-60.59051701799996, -51.25087636699993, 0.0], [-60.52507207899998, -51.28504389799997, 0.0], [-60.50934383699996, -51.30611613499997, 0.0], [-60.585484246999954, -51.28954965199995, 0.0], [-60.59051701799996, -51.25087636699993, 0.0]]], [[[-57.49381550199996, -63.72022442799994, 0.0], [-57.52500119699994, -63.726818064999975, 0.0], [-57.595071839999946, -63.719583925999984, 0.0], [-57.520510797999975, -63.69681024999994, 0.0], [-57.49381550199996, -63.72022442799994, 0.0]]], [[[-59.98651298599998, -65.15530204999993, 0.0], [-59.92900434599994, -65.15682770499996, 0.0], [-59.91171573099996, -65.17062458099997, 0.0], [-60.02855680799996, -65.15166578099996, 0.0], [-59.98651298599998, -65.15530204999993, 0.0]]], [[[-60.099433734999934, -65.10056052899995, 0.0], [-60.04585398599994, -65.09206254899993, 0.0], [-60.003178005999985, -65.10457187199995, 0.0], [-60.04349360599997, -65.12429828699999, 0.0], [-60.13404285399997, -65.09203145199996, 0.0], [-60.099433734999934, -65.10056052899995, 0.0]]], [[[-58.66728458799997, -63.295941357999936, 0.0], [-58.69245854099995, -63.33786350399998, 0.0], [-58.752142925999976, -63.30809531099999, 0.0], [-58.67948962699995, -63.28944937999995, 0.0], [-58.66728458799997, -63.295941357999936, 0.0]]], [[[-64.40976847499996, -65.52614606899994, 0.0], [-64.32515091599998, -65.53594439499994, 0.0], [-64.31420046699998, -65.55061296499997, 0.0], [-64.40122260499999, -65.55745239199996, 0.0], [-64.40976847499996, -65.52614606899994, 0.0]]], [[[-67.19688389799995, -66.37400153799996, 0.0], [-67.17544879399998, -66.38543573299995, 0.0], [-67.27677917799997, -66.40857596299998, 0.0], [-67.22843873599999, -66.37307184699995, 0.0], [-67.19688389799995, -66.37400153799996, 0.0]]], [[[-71.09388626499998, -70.92305110799998, 0.0], [-71.07193129599995, -70.93079606799995, 0.0], [-71.03254848899996, -70.93509561599996, 0.0], [-71.13826170099998, -70.92522258899999, 0.0], [-71.09388626499998, -70.92305110799998, 0.0]]], [[[-64.53057851199998, -65.60398374999994, 0.0], [-64.49670389099998, -65.62919396899997, 0.0], [-64.48685062799996, -65.64562613199996, 0.0], [-64.49355057399998, -65.65374121399998, 0.0], [-64.53057851199998, -65.60398374999994, 0.0]]], [[[-60.871186154999975, -51.96705017299996, 0.0], [-60.85279118599993, -52.01387542699996, 0.0], [-60.950634854999976, -51.996789552999985, 0.0], [-60.884991544999934, -51.98456344799996, 0.0], [-60.871186154999975, -51.96705017299996, 0.0]]], [[[-71.19620616199995, -70.85552033099998, 0.0], [-71.16372954499997, -70.86016851499994, 0.0], [-71.30985091799994, -70.87055335799994, 0.0], [-71.24048313099996, -70.85276488099998, 0.0], [-71.19620616199995, -70.85552033099998, 0.0]]], [[[-63.96343152999998, -65.07127494499997, 0.0], [-64.01423292499999, -65.11135397099997, 0.0], [-64.05105921299997, -65.06744113299999, 0.0], [-63.93680078999995, -65.04478009599995, 0.0], [-63.96343152999998, -65.07127494499997, 0.0]]], [[[-60.021422307999956, -65.03876887699994, 0.0], [-60.06869902799997, -65.03765523599998, 0.0], [-60.09519639599995, -65.02345758999996, 0.0], [-60.030010163999975, -65.01175584799995, 0.0], [-60.021422307999956, -65.03876887699994, 0.0]]], [[[-66.83116980499994, -67.24425066399994, 0.0], [-66.87172876299996, -67.24450921199997, 0.0], [-66.89495813499997, -67.23018729899997, 0.0], [-66.83295728999997, -67.20623507099998, 0.0], [-66.83116980499994, -67.24425066399994, 0.0]]], [[[-71.12161809599996, -73.00465438699996, 0.0], [-71.21683878499994, -72.99685448599996, 0.0], [-71.23665402699999, -72.99087275299996, 0.0], [-71.09651382199996, -72.99543812199994, 0.0], [-71.12161809599996, -73.00465438699996, 0.0]]], [[[-37.09003105199997, -54.47411060899998, 0.0], [-37.07643847399993, -54.474589597999966, 0.0], [-37.02246283399995, -54.49869341899995, 0.0], [-37.09802139799996, -54.514346527999976, 0.0], [-37.09003105199997, -54.47411060899998, 0.0]]], [[[-62.00358084499999, -64.24875796799995, 0.0], [-62.057286448999946, -64.28348139599996, 0.0], [-62.10315332799996, -64.28205795699995, 0.0], [-62.00079568499996, -64.23621586099995, 0.0], [-62.00358084499999, -64.24875796799995, 0.0]]], [[[-61.117245588999936, -51.02466692199994, 0.0], [-61.091280677999976, -51.03447133399993, 0.0], [-61.046503761999986, -51.08169347099994, 0.0], [-61.12654371799994, -51.071597398999984, 0.0], [-61.117245588999936, -51.02466692199994, 0.0]]], [[[-68.46954266199998, -69.23441021999997, 0.0], [-68.48863780099998, -69.23346819599993, 0.0], [-68.55029666799999, -69.20045104099995, 0.0], [-68.46050738299994, -69.19937260699999, 0.0], [-68.46954266199998, -69.23441021999997, 0.0]]], [[[-66.91617419099998, -67.79587218799998, 0.0], [-66.96186399899995, -67.83093458499997, 0.0], [-67.00078795399997, -67.81668319999994, 0.0], [-66.98017025499996, -67.80674570699995, 0.0], [-66.91617419099998, -67.79587218799998, 0.0]]], [[[-61.28047185799994, -62.61872440199994, 0.0], [-61.23256827899996, -62.61655603699995, 0.0], [-61.186780650999935, -62.63046680699995, 0.0], [-61.29092970399995, -62.640713206999976, 0.0], [-61.28047185799994, -62.61872440199994, 0.0]]], [[[-56.66987943399994, -63.53007248799997, 0.0], [-56.646600226999965, -63.55248437399996, 0.0], [-56.72417718299994, -63.54016716199993, 0.0], [-56.718885169999965, -63.52986068499996, 0.0], [-56.66987943399994, -63.53007248799997, 0.0]]], [[[-59.55617729299996, -51.78274411099994, 0.0], [-59.56194748599995, -51.80683615399994, 0.0], [-59.630520718999946, -51.79778061099995, 0.0], [-59.535382169999934, -51.75654754899995, 0.0], [-59.55617729299996, -51.78274411099994, 0.0]]], [[[-68.26545309399995, -69.25320661899997, 0.0], [-68.31706158799994, -69.25061393999994, 0.0], [-68.33758794699997, -69.24069257099995, 0.0], [-68.26246607899998, -69.23133994799997, 0.0], [-68.26545309399995, -69.25320661899997, 0.0]]], [[[-71.11298595999995, -70.96297085799995, 0.0], [-71.14188582599996, -70.96809618799995, 0.0], [-71.19706611099997, -70.96387888099997, 0.0], [-71.14717643199998, -70.93381601799996, 0.0], [-71.11298595999995, -70.96297085799995, 0.0]]], [[[-60.71627046399993, -51.334695275999934, 0.0], [-60.68354422899995, -51.353982171999974, 0.0], [-60.66381106999995, -51.351359436999985, 0.0], [-60.70613783899995, -51.38042726899994, 0.0], [-60.71627046399993, -51.334695275999934, 0.0]]], [[[-27.56804677699995, -56.27991894599995, 0.0], [-27.572553554999956, -56.31829518699993, 0.0], [-27.60980417299993, -56.29943941799996, 0.0], [-27.606135477999942, -56.28801394799996, 0.0], [-27.56804677699995, -56.27991894599995, 0.0]]], [[[-67.79278457999999, -66.95916494299996, 0.0], [-67.71177899299994, -66.96160816599996, 0.0], [-67.70823180099995, -66.97266774499997, 0.0], [-67.80770686499994, -66.96559723299998, 0.0], [-67.79278457999999, -66.95916494299996, 0.0]]], [[[-59.69193336699993, -51.935942023999985, 0.0], [-59.66595162799996, -51.97322616799994, 0.0], [-59.69669808799995, -51.99214325199995, 0.0], [-59.72416772299994, -51.97479400799995, 0.0], [-59.69193336699993, -51.935942023999985, 0.0]]], [[[-72.74367514799997, -71.34442103099997, 0.0], [-72.71723387399999, -71.34638269799996, 0.0], [-72.81576011999994, -71.34908034999995, 0.0], [-72.78252084199994, -71.33812344599994, 0.0], [-72.74367514799997, -71.34442103099997, 0.0]]], [[[-63.65149451099995, -66.54678442899996, 0.0], [-63.67146042099995, -66.54369142899998, 0.0], [-63.712509326999964, -66.52242464399995, 0.0], [-63.64937871999996, -66.51962425399995, 0.0], [-63.65149451099995, -66.54678442899996, 0.0]]], [[[-60.676297774999966, -64.92735539699999, 0.0], [-60.73641465199995, -64.94232581099993, 0.0], [-60.82017627699997, -64.94502093299997, 0.0], [-60.75045849299994, -64.92492457899993, 0.0], [-60.676297774999966, -64.92735539699999, 0.0]]], [[[-65.22607833199999, -65.65043064399998, 0.0], [-65.19084100999999, -65.65820987999996, 0.0], [-65.16197209799998, -65.68226638299996, 0.0], [-65.24101693999995, -65.68330544299994, 0.0], [-65.22607833199999, -65.65043064399998, 0.0]]], [[[-59.65593041799997, -52.35120926099995, 0.0], [-59.698269968999966, -52.39669304399996, 0.0], [-59.74399131299998, -52.38336806199993, 0.0], [-59.69249271399997, -52.375760756999966, 0.0], [-59.65593041799997, -52.35120926099995, 0.0]]], [[[-26.737704047999955, -57.07418799699997, 0.0], [-26.704649470999982, -57.075668597999936, 0.0], [-26.684011639999937, -57.107321308999985, 0.0], [-26.723288647999937, -57.111435969999945, 0.0], [-26.737704047999955, -57.07418799699997, 0.0]]], [[[-57.360433040999965, -63.612915304999945, 0.0], [-57.31758202699996, -63.611607065999976, 0.0], [-57.28109140999993, -63.640537396999946, 0.0], [-57.40812024899998, -63.61629255599996, 0.0], [-57.360433040999965, -63.612915304999945, 0.0]]], [[[-62.85051389999995, -64.39311356599995, 0.0], [-62.79937591999993, -64.39426820599994, 0.0], [-62.91461883399995, -64.41200318699998, 0.0], [-62.903879261999975, -64.40186710499995, 0.0], [-62.85051389999995, -64.39311356599995, 0.0]]], [[[-72.47760532699994, -71.05240651299994, 0.0], [-72.53635579099995, -71.03746613899995, 0.0], [-72.54214500399996, -71.03071511799999, 0.0], [-72.49223849899994, -71.02403208899995, 0.0], [-72.47760532699994, -71.05240651299994, 0.0]]], [[[-64.05998478199996, -65.09882735699995, 0.0], [-64.04585774299994, -65.10245222899994, 0.0], [-64.11384584399997, -65.15396914099995, 0.0], [-64.13399628799993, -65.13203060199999, 0.0], [-64.05998478199996, -65.09882735699995, 0.0]]], [[[-59.066395657999976, -52.42154083499997, 0.0], [-59.036434493999934, -52.43213289499994, 0.0], [-59.15254506399998, -52.43757443199996, 0.0], [-59.104462926999986, -52.422236228999964, 0.0], [-59.066395657999976, -52.42154083499997, 0.0]]], [[[-66.96479888099998, -66.89461694999994, 0.0], [-66.93670899199998, -66.91948933399993, 0.0], [-67.00670461299995, -66.91492848999997, 0.0], [-66.99672969899996, -66.89831288599999, 0.0], [-66.96479888099998, -66.89461694999994, 0.0]]], [[[-67.16183296699995, -66.25107503099997, 0.0], [-67.13324959899995, -66.27096203399998, 0.0], [-67.19782259199997, -66.27181040899995, 0.0], [-67.18196657699997, -66.24517094999999, 0.0], [-67.16183296699995, -66.25107503099997, 0.0]]], [[[-66.67597890299999, -66.87685658899994, 0.0], [-66.64468171399994, -66.88636605699998, 0.0], [-66.72972400299994, -66.88736372699998, 0.0], [-66.69301230399998, -66.87335011599998, 0.0], [-66.67597890299999, -66.87685658899994, 0.0]]], [[[-61.39775258399993, -63.92369751199993, 0.0], [-61.43266427299994, -63.95365068399997, 0.0], [-61.493331087999934, -63.94938507299997, 0.0], [-61.392728115999944, -63.91132255699995, 0.0], [-61.39775258399993, -63.92369751199993, 0.0]]], [[[-65.46499878099996, -65.45040413099997, 0.0], [-65.42492880899994, -65.45609073099996, 0.0], [-65.50941408399996, -65.45501882999997, 0.0], [-65.44530385899998, -65.42840031699996, 0.0], [-65.46499878099996, -65.45040413099997, 0.0]]], [[[-68.35071994499998, -67.72200498699993, 0.0], [-68.36187557399995, -67.73770608599995, 0.0], [-68.42447370599996, -67.73277077899996, 0.0], [-68.40643190999998, -67.72210957799996, 0.0], [-68.35071994499998, -67.72200498699993, 0.0]]], [[[-59.713635343999954, -51.390107728999965, 0.0], [-59.68348206899998, -51.40646324399995, 0.0], [-59.723233121999954, -51.42368087999995, 0.0], [-59.74006738099996, -51.406655884999964, 0.0], [-59.713635343999954, -51.390107728999965, 0.0]]], [[[-68.45754442599997, -69.16453896299998, 0.0], [-68.48895684799999, -69.16168832899996, 0.0], [-68.50498605999996, -69.15488952899995, 0.0], [-68.42429503199997, -69.14033664099998, 0.0], [-68.45754442599997, -69.16453896299998, 0.0]]], [[[-65.14753174999998, -65.69557359899994, 0.0], [-65.08172642499994, -65.72126873499997, 0.0], [-65.08650944599998, -65.73270482399994, 0.0], [-65.15120778499994, -65.72920598699994, 0.0], [-65.14753174999998, -65.69557359899994, 0.0]]], [[[-60.993531486999984, -64.20358988599997, 0.0], [-61.04198263799998, -64.20378627199995, 0.0], [-61.05645425499995, -64.19454258899998, 0.0], [-61.00833135199997, -64.17812434399997, 0.0], [-60.993531486999984, -64.20358988599997, 0.0]]], [[[-71.56828007499996, -73.23399353799994, 0.0], [-71.62941951699997, -73.23256156099995, 0.0], [-71.65297154999996, -73.22456379599998, 0.0], [-71.60260664199996, -73.21351560299996, 0.0], [-71.56828007499996, -73.23399353799994, 0.0]]], [[[-61.22293836199998, -51.02056601199996, 0.0], [-61.205684100999974, -51.038246665999964, 0.0], [-61.16662498199997, -51.05542357199994, 0.0], [-61.23067156199994, -51.03692482599996, 0.0], [-61.253509881999946, -51.012769943999956, 0.0], [-61.22293836199998, -51.02056601199996, 0.0]]], [[[-60.293254074999936, -65.02506823099998, 0.0], [-60.327507535999985, -65.02756110399997, 0.0], [-60.33565829499997, -65.01265546099995, 0.0], [-60.29546436399994, -65.00660116199998, 0.0], [-60.293254074999936, -65.02506823099998, 0.0]]], [[[-64.84712900999995, -65.90869847299996, 0.0], [-64.86477798599998, -65.90795621299998, 0.0], [-64.91746233499998, -65.89093216599997, 0.0], [-64.88663467399994, -65.87483860799995, 0.0], [-64.84712900999995, -65.90869847299996, 0.0]]], [[[-60.69755257999998, -51.60435257199998, 0.0], [-60.65704812399997, -51.66007003999994, 0.0], [-60.683686154999975, -51.676084138999954, 0.0], [-60.684235946999934, -51.62542320999995, 0.0], [-60.69755257999998, -51.60435257199998, 0.0]]], [[[-60.38888901399997, -65.08161464499995, 0.0], [-60.416198522999935, -65.08391090699996, 0.0], [-60.43037984799997, -65.06723568299998, 0.0], [-60.39244974999997, -65.05362318099998, 0.0], [-60.38888901399997, -65.08161464499995, 0.0]]], [[[-65.74138461599995, -66.11652226999996, 0.0], [-65.68956428199994, -66.11752381499997, 0.0], [-65.68331268199995, -66.12518458699998, 0.0], [-65.77777218999995, -66.13238197899994, 0.0], [-65.74138461599995, -66.11652226999996, 0.0]]], [[[-60.81026256999996, -51.56732961299997, 0.0], [-60.76242054399995, -51.570907799999986, 0.0], [-60.73166454799997, -51.58733197899994, 0.0], [-60.80321300999998, -51.58293553999994, 0.0], [-60.81026256999996, -51.56732961299997, 0.0]]], [[[-66.98753594599998, -69.07056662899998, 0.0], [-67.03338545199995, -69.06544109199996, 0.0], [-66.93604799299999, -69.06229016799995, 0.0], [-66.95557841899995, -69.06677152999998, 0.0], [-66.98753594599998, -69.07056662899998, 0.0]]], [[[-67.02437788299994, -68.21295778799998, 0.0], [-67.05516002799993, -68.21155284399998, 0.0], [-67.07038285099998, -68.20259484099995, 0.0], [-66.99758395999999, -68.20421485599996, 0.0], [-67.02437788299994, -68.21295778799998, 0.0]]], [[[-59.69031353499997, -51.327148059999956, 0.0], [-59.703556024999955, -51.346263560999944, 0.0], [-59.67564788699997, -51.33525804799996, 0.0], [-59.633476379999934, -51.34879623699993, 0.0], [-59.649623850999944, -51.35850470699995, 0.0], [-59.651470303999986, -51.34453529299998, 0.0], [-59.702648076999935, -51.351413398999966, 0.0], [-59.715759323999976, -51.33517047099997, 0.0], [-59.69031353499997, -51.327148059999956, 0.0]]], [[[-62.046469470999966, -64.62609716399999, 0.0], [-62.027286026999946, -64.62529609399996, 0.0], [-62.02706277599998, -64.66217240699996, 0.0], [-62.073159216999954, -64.64631331099997, 0.0], [-62.046469470999966, -64.62609716399999, 0.0]]], [[[-72.29274606599995, -69.68942343699996, 0.0], [-72.30434548199997, -69.69999862799995, 0.0], [-72.36900100899999, -69.68580429499997, 0.0], [-72.34636467999997, -69.68197314899999, 0.0], [-72.29274606599995, -69.68942343699996, 0.0]]], [[[-59.72825326299994, -52.090539552999985, 0.0], [-59.749089710999954, -52.079038922999985, 0.0], [-59.718155759999945, -52.044404603999965, 0.0], [-59.71455609199995, -52.05617439799994, 0.0], [-59.72825326299994, -52.090539552999985, 0.0]]], [[[-59.644368070999974, -51.36881027399994, 0.0], [-59.622868436999966, -51.36903152699995, 0.0], [-59.590134519999935, -51.37160263299995, 0.0], [-59.66835107199995, -51.384709932999954, 0.0], [-59.644368070999974, -51.36881027399994, 0.0]]], [[[-58.239553196999964, -63.791343207999944, 0.0], [-58.255863946999966, -63.789191270999936, 0.0], [-58.16099267299995, -63.75679791199997, 0.0], [-58.218947930999946, -63.777483432999986, 0.0], [-58.239553196999964, -63.791343207999944, 0.0]]], [[[-62.93035678299998, -64.32205671699995, 0.0], [-62.919039889999965, -64.34137504599994, 0.0], [-62.96019562199996, -64.33593100899998, 0.0], [-62.939746200999934, -64.31424453599993, 0.0], [-62.93035678299998, -64.32205671699995, 0.0]]], [[[-55.93181489299997, -61.45464369499996, 0.0], [-55.89565758599997, -61.460918781999965, 0.0], [-55.871508682999945, -61.472196881999935, 0.0], [-55.926324583999985, -61.47778289399997, 0.0], [-55.93181489299997, -61.45464369499996, 0.0]]], [[[-57.697158327999944, -63.684866856999975, 0.0], [-57.71640313299997, -63.68371248799997, 0.0], [-57.73543664599998, -63.67501216599999, 0.0], [-57.67825340999997, -63.677891719999934, 0.0], [-57.697158327999944, -63.684866856999975, 0.0]]], [[[-65.51102419399996, -65.48436268699999, 0.0], [-65.47913170399994, -65.48501704199998, 0.0], [-65.55948919099995, -65.49155028299998, 0.0], [-65.52827583999994, -65.47731743599996, 0.0], [-65.51102419399996, -65.48436268699999, 0.0]]], [[[-67.18625803599997, -71.80767156599995, 0.0], [-67.21193677599996, -71.80487519199994, 0.0], [-67.20809232699997, -71.78260135699998, 0.0], [-67.16666225299997, -71.79472267399996, 0.0], [-67.18625803599997, -71.80767156599995, 0.0]]], [[[-58.39594171799996, -51.90359540399999, 0.0], [-58.40154550799997, -51.92252202399993, 0.0], [-58.44973222699997, -51.92559533499997, 0.0], [-58.472731573999965, -51.91338010199996, 0.0], [-58.39594171799996, -51.90359540399999, 0.0]]], [[[-70.64851023299997, -72.29357643599997, 0.0], [-70.66535492299994, -72.27712244999998, 0.0], [-70.60176323499996, -72.28263452099998, 0.0], [-70.60428823199999, -72.28544243499994, 0.0], [-70.64851023299997, -72.29357643599997, 0.0]]], [[[-65.90730820099998, -66.38431305799998, 0.0], [-65.94036589299998, -66.40390202899994, 0.0], [-65.96939149099995, -66.38949237799994, 0.0], [-65.92332804899996, -66.37376508399996, 0.0], [-65.90730820099998, -66.38431305799998, 0.0]]], [[[-56.831973302999984, -64.21244564799997, 0.0], [-56.84742155499998, -64.21216609299995, 0.0], [-56.85781977199997, -64.19762225099998, 0.0], [-56.83206544099994, -64.18909044799994, 0.0], [-56.831973302999984, -64.21244564799997, 0.0]]], [[[-73.44046742099994, -73.28912458599996, 0.0], [-73.41165883199994, -73.28947433399998, 0.0], [-73.39456359099995, -73.29447555299998, 0.0], [-73.44810660499996, -73.29916591199998, 0.0], [-73.46483051599995, -73.27365008299995, 0.0], [-73.44046742099994, -73.28912458599996, 0.0]]], [[[-59.602555173999974, -51.40515670999997, 0.0], [-59.59228219399995, -51.426124192999964, 0.0], [-59.64260186599995, -51.42032394599994, 0.0], [-59.63829888699996, -51.409089662999975, 0.0], [-59.602555173999974, -51.40515670999997, 0.0]]], [[[-62.29759752599995, -64.60986149099995, 0.0], [-62.305209221999974, -64.61550146499997, 0.0], [-62.33458541299996, -64.61367910299998, 0.0], [-62.30892458899996, -64.58761918699997, 0.0], [-62.29759752599995, -64.60986149099995, 0.0]]], [[[-62.12359277199994, -64.32870465499997, 0.0], [-62.105789269999946, -64.33418904999996, 0.0], [-62.16423426699998, -64.33804659999998, 0.0], [-62.15268395099997, -64.33009510899996, 0.0], [-62.12359277199994, -64.32870465499997, 0.0]]], [[[-71.57288869399997, -73.04038676799996, 0.0], [-71.59064161499998, -73.02277389499994, 0.0], [-71.54914320399996, -73.02392225299997, 0.0], [-71.55316189499996, -73.03101979799999, 0.0], [-71.57288869399997, -73.04038676799996, 0.0]]], [[[-61.17063989099995, -51.87531433299995, 0.0], [-61.19569100799998, -51.90529785399997, 0.0], [-61.216706174999956, -51.90978584499993, 0.0], [-61.18924035499998, -51.875001527999984, 0.0], [-61.17063989099995, -51.87531433299995, 0.0]]], [[[-72.68493236499995, -73.39051837599999, 0.0], [-72.71686602099999, -73.38528522299998, 0.0], [-72.72438138399997, -73.37746311599994, 0.0], [-72.67311942499998, -73.38500152199998, 0.0], [-72.68493236499995, -73.39051837599999, 0.0]]], [[[-59.88606919699998, -51.23845195599995, 0.0], [-59.85038215999998, -51.254007712999964, 0.0], [-59.840967138999986, -51.26309416899994, 0.0], [-59.888631860999965, -51.25806335599998, 0.0], [-59.88606919699998, -51.23845195599995, 0.0]]], [[[-60.499398129999975, -51.82499084699998, 0.0], [-60.47453774799993, -51.830232957999954, 0.0], [-60.46998299999996, -51.85151825199995, 0.0], [-60.49579902199997, -51.85701690299993, 0.0], [-60.499398129999975, -51.82499084699998, 0.0]]], [[[-70.67139757699994, -70.21668210999997, 0.0], [-70.69045362099996, -70.22963131799997, 0.0], [-70.70261452099999, -70.22336148299996, 0.0], [-70.68887166899998, -70.20132855999998, 0.0], [-70.67139757699994, -70.21668210999997, 0.0]]], [[[-45.12983812099998, -60.74114436299993, 0.0], [-45.130209141999956, -60.76042441499993, 0.0], [-45.170649036999976, -60.74863016399996, 0.0], [-45.168795916999954, -60.73390951299996, 0.0], [-45.12983812099998, -60.74114436299993, 0.0]]], [[[-57.61369559999997, -63.68142249999994, 0.0], [-57.638457090999964, -63.679208794999965, 0.0], [-57.648861214999954, -63.67056773599995, 0.0], [-57.60306136199995, -63.66470539499994, 0.0], [-57.61369559999997, -63.68142249999994, 0.0]]], [[[-60.947443258999954, -63.843610646999934, 0.0], [-60.91520430199995, -63.852518148999934, 0.0], [-60.980703732999984, -63.86504775299994, 0.0], [-60.956210419999934, -63.84259703899994, 0.0], [-60.947443258999954, -63.843610646999934, 0.0]]], [[[-71.49585644999996, -73.08941732799997, 0.0], [-71.51915922499995, -73.08742107699999, 0.0], [-71.52375827599997, -73.08317187899996, 0.0], [-71.46954344899996, -73.07871937599998, 0.0], [-71.49585644999996, -73.08941732799997, 0.0]]], [[[-65.71373545699998, -65.76620420899997, 0.0], [-65.73089300099997, -65.77558793999998, 0.0], [-65.77735001899998, -65.76510987599994, 0.0], [-65.73134285699996, -65.75960346599999, 0.0], [-65.71373545699998, -65.76620420899997, 0.0]]], [[[-35.77085196199994, -54.80357344299995, 0.0], [-35.78194591399995, -54.826442687999986, 0.0], [-35.80437551499995, -54.824075634999986, 0.0], [-35.80988728699998, -54.80425189099998, 0.0], [-35.77085196199994, -54.80357344299995, 0.0]]], [[[-64.13099860299997, -54.64619793099996, 0.0], [-64.10910756199996, -54.65119479899994, 0.0], [-64.16240748799999, -54.650659419999954, 0.0], [-64.14027850099995, -54.645900497999946, 0.0], [-64.13099860299997, -54.64619793099996, 0.0]]], [[[-65.52178255299998, -65.43565620499999, 0.0], [-65.52798210299994, -65.44995089099996, 0.0], [-65.56646999099996, -65.44480807699995, 0.0], [-65.51451255499995, -65.41923029599997, 0.0], [-65.52178255299998, -65.43565620499999, 0.0]]], [[[-62.915229573999966, -64.30124033499993, 0.0], [-62.89769078699999, -64.29804166599996, 0.0], [-62.88159956499999, -64.31230298699995, 0.0], [-62.94177569899995, -64.30699443399993, 0.0], [-62.915229573999966, -64.30124033499993, 0.0]]], [[[-65.65750763999995, -65.97146538199996, 0.0], [-65.65762990699994, -65.98854331499996, 0.0], [-65.68762833999995, -65.99398115899999, 0.0], [-65.69180613999998, -65.97316696999997, 0.0], [-65.65750763999995, -65.97146538199996, 0.0]]], [[[-68.32073915599995, -67.60466886299997, 0.0], [-68.35141706299999, -67.61439586799997, 0.0], [-68.36440446699999, -67.60901547799995, 0.0], [-68.34128590699999, -67.59242963299994, 0.0], [-68.32073915599995, -67.60466886299997, 0.0]]], [[[-70.79497087499993, -70.23056174599998, 0.0], [-70.83696271699995, -70.22550864899995, 0.0], [-70.84458942499998, -70.21878317999995, 0.0], [-70.78875542399999, -70.22162168499995, 0.0], [-70.79497087499993, -70.23056174599998, 0.0]]], [[[-67.81976434299997, -67.57491627699994, 0.0], [-67.80930507899996, -67.54937489199995, 0.0], [-67.78749266799997, -67.55493297499999, 0.0], [-67.80632730299993, -67.56804881099998, 0.0], [-67.81976434299997, -67.57491627699994, 0.0]]], [[[-67.50483035299999, -68.72227083599995, 0.0], [-67.51365818999994, -68.71719800399995, 0.0], [-67.53468894999997, -68.71261713999996, 0.0], [-67.49168498899996, -68.70589860299998, 0.0], [-67.50483035299999, -68.72227083599995, 0.0]]], [[[-67.12786515399995, -66.42634671699994, 0.0], [-67.14436773499995, -66.42601283799996, 0.0], [-67.15462309399999, -66.42381658099998, 0.0], [-67.11510300499998, -66.40725711199997, 0.0], [-67.12786515399995, -66.42634671699994, 0.0]]], [[[-60.84454947299997, -51.19442672599996, 0.0], [-60.886067191999985, -51.210019477999936, 0.0], [-60.94094014099994, -51.21504709699997, 0.0], [-60.88077671099995, -51.199111898999945, 0.0], [-60.84454947299997, -51.19442672599996, 0.0]]], [[[-62.19119033599998, -64.66394298599994, 0.0], [-62.170993986999974, -64.66312841899997, 0.0], [-62.20931975899998, -64.67896827899995, 0.0], [-62.20052961599998, -64.65263959099997, 0.0], [-62.19119033599998, -64.66394298599994, 0.0]]], [[[-60.38340217899997, -64.99272234999995, 0.0], [-60.40432576999996, -64.99027567399997, 0.0], [-60.412994468999955, -64.98328367999994, 0.0], [-60.38257337299996, -64.97602347799995, 0.0], [-60.38340217899997, -64.99272234999995, 0.0]]], [[[-57.86980906599996, -63.73743181799995, 0.0], [-57.880887953999945, -63.73841297499996, 0.0], [-57.900031654999964, -63.726110312999936, 0.0], [-57.85784759699993, -63.724904126999945, 0.0], [-57.86980906599996, -63.73743181799995, 0.0]]], [[[-62.051343402999976, -64.09016765399997, 0.0], [-62.04317453799996, -64.10378445899994, 0.0], [-62.11208229399995, -64.10999942499996, 0.0], [-62.074691547999976, -64.09122718599997, 0.0], [-62.051343402999976, -64.09016765399997, 0.0]]], [[[-63.12847598899998, -64.66959393399998, 0.0], [-63.11436553499993, -64.66995525999994, 0.0], [-63.15218255899998, -64.69134531199995, 0.0], [-63.14846222299997, -64.67106386299997, 0.0], [-63.12847598899998, -64.66959393399998, 0.0]]], [[[-65.62349338999996, -65.81776079099996, 0.0], [-65.57605871299995, -65.81970615899996, 0.0], [-65.67102951599998, -65.82745745599993, 0.0], [-65.68678296699994, -65.81966429199997, 0.0], [-65.62349338999996, -65.81776079099996, 0.0]]], [[[-65.70811192299993, -65.47747345199997, 0.0], [-65.70835409399996, -65.48978477299994, 0.0], [-65.73588858299996, -65.48823677199994, 0.0], [-65.72688436299995, -65.46909120799995, 0.0], [-65.70811192299993, -65.47747345199997, 0.0]]], [[[-55.770920727999965, -63.586211197999944, 0.0], [-55.79511635499995, -63.58348159199994, 0.0], [-55.79995805899995, -63.57879278499996, 0.0], [-55.753133599999956, -63.57356103099994, 0.0], [-55.770920727999965, -63.586211197999944, 0.0]]], [[[-61.09869502399994, -64.16696113099994, 0.0], [-61.08138813499994, -64.17310920799997, 0.0], [-61.130128139999954, -64.16892091899996, 0.0], [-61.10372742699997, -64.15985670899994, 0.0], [-61.09869502399994, -64.16696113099994, 0.0]]], [[[-64.87681159099998, -68.64565036999994, 0.0], [-64.89895938299998, -68.64068417299995, 0.0], [-64.90420173299998, -68.62981419599998, 0.0], [-64.86640658499994, -68.64048772999996, 0.0], [-64.87681159099998, -68.64565036999994, 0.0]]], [[[-60.90104337799994, -51.08846356699996, 0.0], [-60.860908947999974, -51.11298825599994, 0.0], [-60.860783062999985, -51.12188031499994, 0.0], [-60.92078062199994, -51.08757474199996, 0.0], [-60.90104337799994, -51.08846356699996, 0.0]]], [[[-71.26025161399997, -72.98241043599995, 0.0], [-71.28298636499994, -72.98524150599997, 0.0], [-71.32013047499998, -72.98525611299993, 0.0], [-71.29748471499994, -72.97357929299994, 0.0], [-71.26025161399997, -72.98241043599995, 0.0]]], [[[-65.49214933599995, -65.88593811599998, 0.0], [-65.47171178899998, -65.88920784399994, 0.0], [-65.46774725399996, -65.90372126999995, 0.0], [-65.50770156899995, -65.89762239599997, 0.0], [-65.49214933599995, -65.88593811599998, 0.0]]], [[[-70.45286685899998, -68.76851255999998, 0.0], [-70.47263808399998, -68.76274803199993, 0.0], [-70.47460519999998, -68.75299259699995, 0.0], [-70.43926198999998, -68.76448125499996, 0.0], [-70.45286685899998, -68.76851255999998, 0.0]]], [[[-57.98994498299999, -61.859920682999984, 0.0], [-58.020924064999974, -61.855953273999944, 0.0], [-58.03062853299997, -61.840567103999945, 0.0], [-58.00843794299993, -61.84444818199995, 0.0], [-57.98994498299999, -61.859920682999984, 0.0]]], [[[-59.67410191399995, -72.42769942299998, 0.0], [-59.68768198399994, -72.43131833599995, 0.0], [-59.71234053599994, -72.41471645499996, 0.0], [-59.69100803599997, -72.41238776099993, 0.0], [-59.67410191399995, -72.42769942299998, 0.0]]], [[[-64.43220120699993, -65.70202470499999, 0.0], [-64.49249116099998, -65.68384121199995, 0.0], [-64.49384220299999, -65.67928732999997, 0.0], [-64.46059693999996, -65.68104424899997, 0.0], [-64.43220120699993, -65.70202470499999, 0.0]]], [[[-70.78710654699995, -72.26697616399997, 0.0], [-70.82872566599997, -72.26657295699994, 0.0], [-70.83234838899995, -72.26209688999995, 0.0], [-70.80033412599994, -72.25602174199997, 0.0], [-70.78710654699995, -72.26697616399997, 0.0]]], [[[-58.61648440899995, -52.13058337499996, 0.0], [-58.60060516499993, -52.13430396899997, 0.0], [-58.59608418899995, -52.14405975999995, 0.0], [-58.61544311299997, -52.15023836499995, 0.0], [-58.624653714999965, -52.11267242599996, 0.0], [-58.61648440899995, -52.13058337499996, 0.0]]], [[[-60.39555945799998, -51.142683218999935, 0.0], [-60.37509360699994, -51.14677257499994, 0.0], [-60.44334235599996, -51.15106029499998, 0.0], [-60.435270456999945, -51.14608974399994, 0.0], [-60.39555945799998, -51.142683218999935, 0.0]]], [[[-58.40311794199994, -64.21280561899994, 0.0], [-58.405841401999965, -64.18755608099997, 0.0], [-58.38286862499996, -64.18618435299999, 0.0], [-58.382533190999936, -64.19223587699997, 0.0], [-58.40311794199994, -64.21280561899994, 0.0]]], [[[-65.44009239599995, -65.48965572599997, 0.0], [-65.42400491999996, -65.50525975699998, 0.0], [-65.47824980699994, -65.49746729999998, 0.0], [-65.44910659699997, -65.48725527499994, 0.0], [-65.44009239599995, -65.48965572599997, 0.0]]], [[[-61.16561974899997, -51.90562591799994, 0.0], [-61.146744626999975, -51.895742036999934, 0.0], [-61.15909757199995, -51.90844895199996, 0.0], [-61.193094120999945, -51.90844895199996, 0.0], [-61.16561974899997, -51.90562591799994, 0.0]]], [[[-71.11037791399997, -73.12678990699999, 0.0], [-71.14910951199994, -73.12697611699997, 0.0], [-71.18405406599999, -73.12501059599998, 0.0], [-71.10488117499995, -73.12213478999996, 0.0], [-71.11037791399997, -73.12678990699999, 0.0]]], [[[-60.836021663999986, -51.150986142999955, 0.0], [-60.82944895899993, -51.16046948999997, 0.0], [-60.85568276099997, -51.16959038599998, 0.0], [-60.89433723099995, -51.171875323999984, 0.0], [-60.836021663999986, -51.150986142999955, 0.0]]], [[[-58.49039042199996, -51.97118613599997, 0.0], [-58.43945658399997, -51.97713324899996, 0.0], [-58.43125498499995, -51.98473593999995, 0.0], [-58.49909556099993, -51.97611853899997, 0.0], [-58.49039042199996, -51.97118613599997, 0.0]]], [[[-58.07395291499995, -51.55066690199993, 0.0], [-58.057599307999965, -51.552639100999954, 0.0], [-58.039639712999985, -51.56377038699998, 0.0], [-58.09526562899998, -51.55325708199996, 0.0], [-58.07395291499995, -51.55066690199993, 0.0]]], [[[-59.679967430999966, -64.93280706499996, 0.0], [-59.696163603999935, -64.93104007599999, 0.0], [-59.70816075399995, -64.92176476999998, 0.0], [-59.66407383799998, -64.92637720299996, 0.0], [-59.679967430999966, -64.93280706499996, 0.0]]], [[[-71.22400889199997, -70.82151689999995, 0.0], [-71.24579272399995, -70.81999507199998, 0.0], [-71.25055324999994, -70.81841970899995, 0.0], [-71.20189269399998, -70.80955194799998, 0.0], [-71.22400889199997, -70.82151689999995, 0.0]]], [[[-68.61394595599995, -69.33172903599996, 0.0], [-68.62885626199994, -69.33146638999995, 0.0], [-68.64024452699994, -69.32855243599994, 0.0], [-68.59805727599996, -69.32426766599997, 0.0], [-68.61394595599995, -69.33172903599996, 0.0]]], [[[-68.50390634699994, -69.78551260099994, 0.0], [-68.51895604299995, -69.78693292699995, 0.0], [-68.53973573999997, -69.78014445999997, 0.0], [-68.49246968799997, -69.77673823399994, 0.0], [-68.50390634699994, -69.78551260099994, 0.0]]], [[[-65.34842234999996, -65.65407512799999, 0.0], [-65.32232275099994, -65.65197257299997, 0.0], [-65.31523536199995, -65.66694037899998, 0.0], [-65.35937487999996, -65.65672970699995, 0.0], [-65.34842234999996, -65.65407512799999, 0.0]]], [[[-71.20449103899995, -70.96202668199999, 0.0], [-71.21521049599994, -70.97146040999996, 0.0], [-71.24406430399995, -70.97105025299999, 0.0], [-71.23682949199997, -70.96245778899998, 0.0], [-71.20449103899995, -70.96202668199999, 0.0]]], [[[-65.29572593999995, -65.41660923699993, 0.0], [-65.31914615399995, -65.43082009599993, 0.0], [-65.35030613999999, -65.42698474099996, 0.0], [-65.30238845999997, -65.40904154799995, 0.0], [-65.29572593999995, -65.41660923699993, 0.0]]], [[[-65.08502350299995, -65.91783136399994, 0.0], [-65.10469476599997, -65.91815336999997, 0.0], [-65.11923683499998, -65.91768126699998, 0.0], [-65.06812904899994, -65.91460809299997, 0.0], [-65.08502350299995, -65.91783136399994, 0.0]]], [[[-60.36603558699994, -62.44372616099997, 0.0], [-60.34070066399994, -62.46043050999998, 0.0], [-60.308993158999954, -62.456476435999946, 0.0], [-60.33699745299998, -62.46923756199993, 0.0], [-60.36603558699994, -62.44372616099997, 0.0]]], [[[-60.44817056099998, -51.610650636999935, 0.0], [-60.43280495999994, -51.60648498699993, 0.0], [-60.41851510399994, -51.62810287699995, 0.0], [-60.46159829499999, -51.60718689199996, 0.0], [-60.44817056099998, -51.610650636999935, 0.0]]], [[[-59.64899590099998, -51.79214177099993, 0.0], [-59.666188741999974, -51.79500279399997, 0.0], [-59.621888662999936, -51.76825032199997, 0.0], [-59.633725667999954, -51.783337449999976, 0.0], [-59.64899590099998, -51.79214177099993, 0.0]]], [[[-46.046429907999936, -60.60363194599995, 0.0], [-46.06864069499994, -60.61022298599994, 0.0], [-46.079763028999935, -60.604478152999945, 0.0], [-46.03044934299993, -60.59346611299998, 0.0], [-46.046429907999936, -60.60363194599995, 0.0]]], [[[-65.34985075499998, -65.40325439999998, 0.0], [-65.35980622199997, -65.41845341899995, 0.0], [-65.38461093099994, -65.40617840699997, 0.0], [-65.37453877899998, -65.40090423999999, 0.0], [-65.34985075499998, -65.40325439999998, 0.0]]], [[[-68.49672009199998, -69.66871571899998, 0.0], [-68.51267940899999, -69.66828199099996, 0.0], [-68.52955696299995, -69.65612288599993, 0.0], [-68.48874654499997, -69.66355142999998, 0.0], [-68.49672009199998, -69.66871571899998, 0.0]]], [[[-62.979625951999935, -64.50328571699998, 0.0], [-62.99720732099996, -64.50262546299996, 0.0], [-63.01317386699998, -64.49907550999995, 0.0], [-62.98548163899994, -64.48196590499998, 0.0], [-62.979625951999935, -64.50328571699998, 0.0]]], [[[-72.51455315799996, -73.37823092599996, 0.0], [-72.54328196099993, -73.37688036999998, 0.0], [-72.54303226499997, -73.37016831699998, 0.0], [-72.52459395199998, -73.36586689899997, 0.0], [-72.51455315799996, -73.37823092599996, 0.0]]], [[[-56.27926119499995, -63.57002919699994, 0.0], [-56.292309881999984, -63.57016922299994, 0.0], [-56.301487125999984, -63.55874556099997, 0.0], [-56.26849004099995, -63.55998408499994, 0.0], [-56.27926119499995, -63.57002919699994, 0.0]]], [[[-59.80016778099997, -62.431197242999986, 0.0], [-59.79502487499997, -62.41483618899997, 0.0], [-59.768987694999964, -62.42334355299994, 0.0], [-59.79500283799996, -62.427943271999936, 0.0], [-59.80016778099997, -62.431197242999986, 0.0]]], [[[-67.39621141399994, -67.89245240199995, 0.0], [-67.41119893199993, -67.89183884799996, 0.0], [-67.42644319699997, -67.88509418999996, 0.0], [-67.38023695199996, -67.88813085899994, 0.0], [-67.39621141399994, -67.89245240199995, 0.0]]], [[[-61.451220742999965, -64.02305845099994, 0.0], [-61.462668366999935, -64.02054145299996, 0.0], [-61.46992372899996, -64.01191449899994, 0.0], [-61.44651901299994, -64.00386557599995, 0.0], [-61.451220742999965, -64.02305845099994, 0.0]]], [[[-67.95181200399998, -67.46031530099998, 0.0], [-67.95348217499998, -67.45633636799994, 0.0], [-67.93412851499994, -67.44417706699994, 0.0], [-67.91710097599997, -67.44196935399998, 0.0], [-67.95181200399998, -67.46031530099998, 0.0]]], [[[-59.589384991999964, -51.860651529999984, 0.0], [-59.60756387099997, -51.87829742599996, 0.0], [-59.62292184299997, -51.86977539299994, 0.0], [-59.60878457399997, -51.85925064299994, 0.0], [-59.589384991999964, -51.860651529999984, 0.0]]], [[[-61.18362904799994, -51.84771809599994, 0.0], [-61.16768361399994, -51.854916429999946, 0.0], [-61.18788624999996, -51.86418614399997, 0.0], [-61.206183445999955, -51.86624607999994, 0.0], [-61.18362904799994, -51.84771809599994, 0.0]]], [[[-63.76593856299996, -65.03012605999999, 0.0], [-63.78593301799998, -65.03359865399995, 0.0], [-63.79964316999997, -65.02417275499994, 0.0], [-63.75755055199994, -65.02292914899994, 0.0], [-63.76593856299996, -65.03012605999999, 0.0]]], [[[-73.56764316999994, -71.88624047799993, 0.0], [-73.58224857299996, -71.88217076899997, 0.0], [-73.58685919899995, -71.87684446299994, 0.0], [-73.56352108599998, -71.87008906599993, 0.0], [-73.56764316999994, -71.88624047799993, 0.0]]], [[[-26.82306546999996, -57.10922514899994, 0.0], [-26.81344362799996, -57.109389431999944, 0.0], [-26.796482159999982, -57.115005133999944, 0.0], [-26.810342134999928, -57.126128723999955, 0.0], [-26.82306546999996, -57.10922514899994, 0.0]]], [[[-64.31933038199998, -65.57416212199996, 0.0], [-64.29854291699996, -65.57631768099998, 0.0], [-64.29474474499995, -65.58603176899999, 0.0], [-64.33841712799995, -65.57419692399998, 0.0], [-64.31933038199998, -65.57416212199996, 0.0]]], [[[-64.23205319599998, -64.57760541099998, 0.0], [-64.21635149099995, -64.58775214799994, 0.0], [-64.22611615499994, -64.59976139199995, 0.0], [-64.24034794799996, -64.58932313699995, 0.0], [-64.23205319599998, -64.57760541099998, 0.0]]], [[[-59.83761681899995, -51.36606750699997, 0.0], [-59.82975091399999, -51.366838075999965, 0.0], [-59.82411660599996, -51.371125795999944, 0.0], [-59.87105264099995, -51.375493623999944, 0.0], [-59.83761681899995, -51.36606750699997, 0.0]]], [[[-65.02671743999997, -65.62439882299998, 0.0], [-65.01086450399998, -65.62268087199993, 0.0], [-64.98075183899994, -65.62785919999993, 0.0], [-65.04642681099995, -65.62654730199995, 0.0], [-65.02671743999997, -65.62439882299998, 0.0]]], [[[-65.76707786699995, -65.89144827299998, 0.0], [-65.77362453999996, -65.90019862099996, 0.0], [-65.81423194699994, -65.89953475799996, 0.0], [-65.80516777499997, -65.89034086699996, 0.0], [-65.76707786699995, -65.89144827299998, 0.0]]], [[[-55.95277763099995, -61.513753347999966, 0.0], [-55.97046170899995, -61.51235883099997, 0.0], [-55.984582186999944, -61.50792765299997, 0.0], [-55.96637376299998, -61.49799015699995, 0.0], [-55.95277763099995, -61.513753347999966, 0.0]]], [[[-73.98517157899994, -73.38773250899999, 0.0], [-73.97914230699996, -73.40432986399998, 0.0], [-73.99999999999994, -73.40282649599999, 0.0], [-73.99999999999994, -73.38798895099995, 0.0], [-73.98517157899994, -73.38773250899999, 0.0]]], [[[-64.20098990299994, -65.40341281599996, 0.0], [-64.21950899599995, -65.41114235999999, 0.0], [-64.23774871899997, -65.41171333399996, 0.0], [-64.22321889999995, -65.39476714599994, 0.0], [-64.20098990299994, -65.40341281599996, 0.0]]], [[[-59.67291266799998, -51.379107716999954, 0.0], [-59.67778011499996, -51.38671043099998, 0.0], [-59.75418828199997, -51.38810316699994, 0.0], [-59.67736445199995, -51.37560965999995, 0.0], [-59.67291266799998, -51.379107716999954, 0.0]]], [[[-57.92648314899998, -62.10894359399998, 0.0], [-57.94025367299997, -62.10516253399999, 0.0], [-57.93851934299994, -62.09421895599996, 0.0], [-57.914180758999976, -62.09828091099996, 0.0], [-57.92648314899998, -62.10894359399998, 0.0]]], [[[-71.83356719799997, -69.40174818999998, 0.0], [-71.85181394499995, -69.40114773799996, 0.0], [-71.86546878399997, -69.38958301899999, 0.0], [-71.83090337899995, -69.39365789199996, 0.0], [-71.83356719799997, -69.40174818999998, 0.0]]], [[[-70.51632961799999, -72.21534373299994, 0.0], [-70.53059535399996, -72.21625190899994, 0.0], [-70.56674631299995, -72.21347488199996, 0.0], [-70.51972929699997, -72.20661486199998, 0.0], [-70.51632961799999, -72.21534373299994, 0.0]]], [[[-65.51500303499995, -65.50650058699995, 0.0], [-65.53319587499993, -65.51187930399993, 0.0], [-65.56487453999995, -65.51090474899996, 0.0], [-65.52407660799997, -65.50025042799996, 0.0], [-65.51500303499995, -65.50650058699995, 0.0]]], [[[-73.85934366399994, -73.41994854999996, 0.0], [-73.88853333799995, -73.41281429999998, 0.0], [-73.89763946299996, -73.40676862399994, 0.0], [-73.85367734399995, -73.41496128999995, 0.0], [-73.85934366399994, -73.41994854999996, 0.0]]], [[[-60.40081787099996, -51.35583496099997, 0.0], [-60.382751464999956, -51.36010742199994, 0.0], [-60.36987304699994, -51.371887206999986, 0.0], [-60.41265869099993, -51.35748290999993, 0.0], [-60.40081787099996, -51.35583496099997, 0.0]]], [[[-63.42603361399995, -64.94653970299998, 0.0], [-63.43765395699995, -64.94597671099996, 0.0], [-63.454499433999956, -64.94222342399996, 0.0], [-63.41877971699995, -64.93396145799994, 0.0], [-63.42603361399995, -64.94653970299998, 0.0]]], [[[-64.77672257499995, -68.64072016799997, 0.0], [-64.79023673099994, -68.63946190899998, 0.0], [-64.80062268799998, -68.63010167999994, 0.0], [-64.78189524999993, -68.62652272399998, 0.0], [-64.77672257499995, -68.64072016799997, 0.0]]], [[[-72.21876922099995, -70.47693685799999, 0.0], [-72.23943307599995, -70.47793539399999, 0.0], [-72.24564379899994, -70.47559839399997, 0.0], [-72.22296221699997, -70.46647067899994, 0.0], [-72.21876922099995, -70.47693685799999, 0.0]]], [[[-72.63100504199997, -71.05530252599993, 0.0], [-72.65975332099998, -71.05732457899995, 0.0], [-72.68245463099998, -71.04938143899994, 0.0], [-72.62323194699997, -71.05373981399998, 0.0], [-72.63100504199997, -71.05530252599993, 0.0]]], [[[-65.27678034399997, -67.66934542099995, 0.0], [-65.29744403999996, -67.66563988199994, 0.0], [-65.30673489999998, -67.65553456099997, 0.0], [-65.26791568599998, -67.66548478099998, 0.0], [-65.27678034399997, -67.66934542099995, 0.0]]], [[[-65.22028102199994, -65.69095126399998, 0.0], [-65.20992102499997, -65.69630609899997, 0.0], [-65.26434002999997, -65.70504794199996, 0.0], [-65.24794735299997, -65.69201211299998, 0.0], [-65.22028102199994, -65.69095126399998, 0.0]]], [[[-71.51124638799996, -73.23835679899997, 0.0], [-71.52207487899994, -73.22908553099995, 0.0], [-71.49057719799998, -73.23286661799995, 0.0], [-71.49446876199994, -73.23503875599994, 0.0], [-71.51124638799996, -73.23835679899997, 0.0]]], [[[-68.62159242299998, -69.67076932499998, 0.0], [-68.63847390499996, -69.66837716899994, 0.0], [-68.64810157699998, -69.66230313999995, 0.0], [-68.63282897899995, -69.65453385799998, 0.0], [-68.62159242299998, -69.67076932499998, 0.0]]], [[[-63.959228275999976, -64.92573396899996, 0.0], [-63.94019928999995, -64.92608729099999, 0.0], [-63.98654517499995, -64.92987611699994, 0.0], [-63.97102203999998, -64.92205779199998, 0.0], [-63.959228275999976, -64.92573396899996, 0.0]]], [[[-67.78585351799995, -66.93088001799998, 0.0], [-67.80713364199994, -66.92662176099998, 0.0], [-67.80962212399999, -66.92218783699997, 0.0], [-67.77220078099998, -66.92856884599996, 0.0], [-67.78585351799995, -66.93088001799998, 0.0]]], [[[-61.03561219299996, -51.778020982999976, 0.0], [-61.06680381299998, -51.794843765999985, 0.0], [-61.075838922999935, -51.78685579099994, 0.0], [-61.06951987699995, -51.78063401899993, 0.0], [-61.03561219299996, -51.778020982999976, 0.0]]], [[[-27.074508540999943, -59.409089291999976, 0.0], [-27.074967896999965, -59.42026583699993, 0.0], [-27.094711221999944, -59.41759303199996, 0.0], [-27.083607205999954, -59.40306918799996, 0.0], [-27.074508540999943, -59.409089291999976, 0.0]]], [[[-60.72467040999999, -51.46417236299993, 0.0], [-60.69746255599995, -51.47263193499998, 0.0], [-60.692077636999954, -51.477386474999946, 0.0], [-60.71472167999997, -51.47760009799998, 0.0], [-60.72467040999999, -51.46417236299993, 0.0]]], [[[-62.00032042699996, -64.54049392399997, 0.0], [-61.98938488599998, -64.54474909699996, 0.0], [-62.019320610999955, -64.54192689199994, 0.0], [-61.996949004999976, -64.52600653399998, 0.0], [-62.00032042699996, -64.54049392399997, 0.0]]], [[[-60.425442593999946, -52.20839080999997, 0.0], [-60.45229043399996, -52.22192917099994, 0.0], [-60.46190156299997, -52.21028862199995, 0.0], [-60.41458787299996, -52.199992753999936, 0.0], [-60.425442593999946, -52.20839080999997, 0.0]]], [[[-44.96468271899994, -60.74656354599995, 0.0], [-44.98041177999994, -60.72942272999995, 0.0], [-44.975844277999954, -60.71312858599998, 0.0], [-44.96554489899995, -60.72011132199998, 0.0], [-44.96468271899994, -60.74656354599995, 0.0]]], [[[-62.59909632499995, -64.74654287299995, 0.0], [-62.60194956199996, -64.72773044999997, 0.0], [-62.585007889999986, -64.73138126699996, 0.0], [-62.58832961899998, -64.73876376099997, 0.0], [-62.59909632499995, -64.74654287299995, 0.0]]], [[[-62.97797418199997, -64.29902024999996, 0.0], [-62.96781490999996, -64.29901233799995, 0.0], [-63.00913442299998, -64.31059363299994, 0.0], [-62.988058207999984, -64.29261520299997, 0.0], [-62.97797418199997, -64.29902024999996, 0.0]]], [[[-63.35498511099996, -64.89465687599994, 0.0], [-63.37042280999998, -64.88970927099996, 0.0], [-63.32409443499995, -64.88407109499997, 0.0], [-63.33911032499998, -64.88712425799997, 0.0], [-63.35498511099996, -64.89465687599994, 0.0]]], [[[-60.87203560399996, -63.927069683999946, 0.0], [-60.88389911499996, -63.927420231999974, 0.0], [-60.89299489299998, -63.919404294999936, 0.0], [-60.862744317999955, -63.91898435799993, 0.0], [-60.87203560399996, -63.927069683999946, 0.0]]], [[[-71.20710900199998, -70.95487303999994, 0.0], [-71.21960803199994, -70.94491133699995, 0.0], [-71.19344014899997, -70.94323403999994, 0.0], [-71.19816762399995, -70.94930661699993, 0.0], [-71.20710900199998, -70.95487303999994, 0.0]]], [[[-54.71620841799995, -63.44178350699997, 0.0], [-54.73332259899996, -63.439065563999975, 0.0], [-54.73533156399998, -63.43803885099999, 0.0], [-54.71518442399997, -63.427430450999964, 0.0], [-54.71620841799995, -63.44178350699997, 0.0]]], [[[-65.28955383299996, -65.90444868999998, 0.0], [-65.32132550599994, -65.90444838799993, 0.0], [-65.32858693899993, -65.90314476199995, 0.0], [-65.27671584899997, -65.90293364599995, 0.0], [-65.28955383299996, -65.90444868999998, 0.0]]], [[[-58.38485993699999, -51.99625740199997, 0.0], [-58.35487260199994, -51.99570808499993, 0.0], [-58.34871742299998, -52.00414538699994, 0.0], [-58.371392998999966, -52.007162240999946, 0.0], [-58.38485993699999, -51.99625740199997, 0.0]]], [[[-60.48841202999995, -51.548359009999956, 0.0], [-60.48187745299998, -51.55242166299996, 0.0], [-60.491143352999984, -51.569675538999945, 0.0], [-60.50685227699995, -51.55557641799993, 0.0], [-60.48841202999995, -51.548359009999956, 0.0]]], [[[-64.13391076499994, -65.33686114399995, 0.0], [-64.15381891899995, -65.33598609299997, 0.0], [-64.16304417999999, -65.32976026399996, 0.0], [-64.15635477499995, -65.32955394499999, 0.0], [-64.13740003099997, -65.32238152099995, 0.0], [-64.13391076499994, -65.33686114399995, 0.0]]], [[[-63.864958944999955, -64.91606275099997, 0.0], [-63.88018424999996, -64.91630376199998, 0.0], [-63.90513709299995, -64.91237188699995, 0.0], [-63.88376789199998, -64.90520547199998, 0.0], [-63.864958944999955, -64.91606275099997, 0.0]]], [[[-65.74001192999998, -64.95877363399995, 0.0], [-65.71909246299998, -64.95825345699996, 0.0], [-65.70521688799994, -64.96386382799994, 0.0], [-65.75021526099994, -64.95968329099998, 0.0], [-65.74001192999998, -64.95877363399995, 0.0]]], [[[-59.91204154099995, -62.59612572599997, 0.0], [-59.89388636299998, -62.593370651999976, 0.0], [-59.90288011999996, -62.59767970399997, 0.0], [-59.92733451599997, -62.59602455999993, 0.0], [-59.934200147999945, -62.588571496999975, 0.0], [-59.91204154099995, -62.59612572599997, 0.0]]], [[[-58.70951675699996, -52.12762603999994, 0.0], [-58.716879122999956, -52.13938675099996, 0.0], [-58.73469375899998, -52.13107834099998, 0.0], [-58.73292373899994, -52.127215958999955, 0.0], [-58.70951675699996, -52.12762603999994, 0.0]]], [[[-65.96401213699994, -65.93155450699999, 0.0], [-65.95535148299996, -65.93440626299997, 0.0], [-65.99071790199997, -65.93753128699996, 0.0], [-65.97785209899996, -65.92899131499996, 0.0], [-65.95428467299996, -65.92699424999995, 0.0], [-65.96401213699994, -65.93155450699999, 0.0]]], [[[-71.62425316699995, -70.10081343299998, 0.0], [-71.60764602499995, -70.10558989399993, 0.0], [-71.60600945899995, -70.11099652599995, 0.0], [-71.64278296399993, -70.10123952699996, 0.0], [-71.62425316699995, -70.10081343299998, 0.0]]], [[[-71.17267489399995, -70.82585379899996, 0.0], [-71.18902428499996, -70.82440398599994, 0.0], [-71.20446653799996, -70.82044142499996, 0.0], [-71.17765290899996, -70.81525143199997, 0.0], [-71.17267489399995, -70.82585379899996, 0.0]]], [[[-54.65082580599994, -63.41637616099996, 0.0], [-54.66871661399995, -63.41575412399993, 0.0], [-54.66835549499996, -63.40825582699995, 0.0], [-54.63987100199995, -63.40891597399997, 0.0], [-54.65082580599994, -63.41637616099996, 0.0]]], [[[-68.19950535299995, -67.60236943799998, 0.0], [-68.18892200499994, -67.60088590399994, 0.0], [-68.23463110399996, -67.61589958499997, 0.0], [-68.18814367699997, -67.59421445199996, 0.0], [-68.19950535299995, -67.60236943799998, 0.0]]], [[[-44.80721298799995, -60.61559074999997, 0.0], [-44.82215145999993, -60.61488653499998, 0.0], [-44.838303061999966, -60.60690408399995, 0.0], [-44.80936278799993, -60.60681607399994, 0.0], [-44.80721298799995, -60.61559074999997, 0.0]]], [[[-65.61218586299998, -65.51588637499998, 0.0], [-65.62113875199998, -65.52358136799995, 0.0], [-65.64157122799998, -65.52027983199997, 0.0], [-65.63591194899993, -65.51333135499993, 0.0], [-65.61218586299998, -65.51588637499998, 0.0]]], [[[-67.46993255599995, -54.869396209999934, 0.0], [-67.45716857899998, -54.87117767299998, 0.0], [-67.44607543899997, -54.87585067699996, 0.0], [-67.46958160399998, -54.88030242899998, 0.0], [-67.46993255599995, -54.869396209999934, 0.0]]], [[[-57.29014340499998, -63.19528148499995, 0.0], [-57.29735464199996, -63.205352166999944, 0.0], [-57.318968705999964, -63.19662217699994, 0.0], [-57.302804615999946, -63.192559346999985, 0.0], [-57.29014340499998, -63.19528148499995, 0.0]]], [[[-58.91867010699997, -62.21703745999997, 0.0], [-58.935468268999955, -62.21604176699998, 0.0], [-58.95127960499997, -62.209614821999935, 0.0], [-58.914549455999975, -62.21031053699994, 0.0], [-58.91867010699997, -62.21703745999997, 0.0]]], [[[-64.24122769999997, -65.24944745099998, 0.0], [-64.25183019599996, -65.25417311099994, 0.0], [-64.27450228899994, -65.25581121699997, 0.0], [-64.25702861099995, -65.24505765699996, 0.0], [-64.24122769999997, -65.24944745099998, 0.0]]], [[[-59.55848016199997, -52.261941529999945, 0.0], [-59.55036248599998, -52.27052459899994, 0.0], [-59.529835599999956, -52.273805238999955, 0.0], [-59.548344361999966, -52.28244853599995, 0.0], [-59.55848016199997, -52.261941529999945, 0.0]]], [[[-64.01506263399995, -64.91982287899998, 0.0], [-64.03085608099997, -64.91667702599995, 0.0], [-63.99371050299993, -64.91201822699998, 0.0], [-63.999053301999936, -64.91542544899994, 0.0], [-64.01506263399995, -64.91982287899998, 0.0]]], [[[-67.58725986199994, -66.60435582999997, 0.0], [-67.57600385999996, -66.60342076199998, 0.0], [-67.61252846799994, -66.60991135699999, 0.0], [-67.59668331099994, -66.60265205399998, 0.0], [-67.58725986199994, -66.60435582999997, 0.0]]], [[[-71.78571047099996, -73.15832722099998, 0.0], [-71.80046503299997, -73.15919780899998, 0.0], [-71.81397057999999, -73.15297139899997, 0.0], [-71.77341073999997, -73.15445840999996, 0.0], [-71.78571047099996, -73.15832722099998, 0.0]]], [[[-58.19342719399998, -51.80278273799996, 0.0], [-58.17391883299996, -51.80642958899995, 0.0], [-58.22606574399998, -51.80523940299997, 0.0], [-58.20710479199994, -51.802290641999946, 0.0], [-58.19342719399998, -51.80278273799996, 0.0]]], [[[-59.02952418099994, -63.656122780999965, 0.0], [-59.03866982799997, -63.65538362999996, 0.0], [-59.04991229999996, -63.63649765099996, 0.0], [-59.02258490099996, -63.63767346999998, 0.0], [-59.02952418099994, -63.656122780999965, 0.0]]], [[[-59.18424232499996, -52.905967895999936, 0.0], [-59.191571608999936, -52.91902911899996, 0.0], [-59.17786617699994, -52.89216906399997, 0.0], [-59.178129110999976, -52.90111104899995, 0.0], [-59.18424232499996, -52.905967895999936, 0.0]]], [[[-69.97576450699995, -70.30758605199998, 0.0], [-69.98574227299997, -70.30814100199996, 0.0], [-70.00178931899995, -70.29739728799996, 0.0], [-69.98314834099995, -70.29805974099997, 0.0], [-69.97576450699995, -70.30758605199998, 0.0]]], [[[-60.07456482199996, -63.53054241799998, 0.0], [-60.08330290699996, -63.531087928999966, 0.0], [-60.092904562999934, -63.53031295799997, 0.0], [-60.058377991999976, -63.52354871499995, 0.0], [-60.07456482199996, -63.53054241799998, 0.0]]], [[[-65.62628064899997, -65.67410004999994, 0.0], [-65.63422385199993, -65.67357593999998, 0.0], [-65.63770433299999, -65.66124702899998, 0.0], [-65.61806586499995, -65.66299460899995, 0.0], [-65.62628064899997, -65.67410004999994, 0.0]]], [[[-60.113776653999935, -65.08087311299994, 0.0], [-60.13040607499994, -65.07845474499999, 0.0], [-60.13375516999997, -65.07331851299995, 0.0], [-60.11601184399996, -65.06900441299996, 0.0], [-60.113776653999935, -65.08087311299994, 0.0]]], [[[-71.62779625599995, -73.11519630999999, 0.0], [-71.64174544099996, -73.10967587699997, 0.0], [-71.61354108499995, -73.10960726099995, 0.0], [-71.61995912499998, -73.11308907399996, 0.0], [-71.62779625599995, -73.11519630999999, 0.0]]], [[[-65.67537680499998, -66.01292218899994, 0.0], [-65.68885118399999, -66.00526384599993, 0.0], [-65.69270209499996, -65.99961460399999, 0.0], [-65.67375278099996, -65.99758254299996, 0.0], [-65.67537680499998, -66.01292218899994, 0.0]]], [[[-60.886862521999944, -51.556086265999966, 0.0], [-60.868815189999964, -51.55826064299998, 0.0], [-60.85526919999995, -51.56368132799997, 0.0], [-60.87502551699998, -51.56776686899997, 0.0], [-60.886862521999944, -51.556086265999966, 0.0]]], [[[-71.16835913899996, -70.84099655199998, 0.0], [-71.17831778199997, -70.83644156399998, 0.0], [-71.15165796999997, -70.83103456699996, 0.0], [-71.15390636199999, -70.83730023499999, 0.0], [-71.16835913899996, -70.84099655199998, 0.0]]], [[[-61.14875115799998, -51.78479156699996, 0.0], [-61.13902749399995, -51.79685363999994, 0.0], [-61.16381158299998, -51.79390487899997, 0.0], [-61.16154565199997, -51.78484115799995, 0.0], [-61.14875115799998, -51.78479156699996, 0.0]]], [[[-64.10922365699997, -65.08165879399996, 0.0], [-64.12421426499998, -65.08200993399998, 0.0], [-64.12570137699998, -65.08032962499993, 0.0], [-64.10245834799997, -65.07195228099994, 0.0], [-64.10922365699997, -65.08165879399996, 0.0]]], [[[-66.08130173399996, -65.97402829399994, 0.0], [-66.09435194999998, -65.97025747799995, 0.0], [-66.06443204799996, -65.96840721199999, 0.0], [-66.06751202399994, -65.97030362299995, 0.0], [-66.08130173399996, -65.97402829399994, 0.0]]], [[[-61.38873250299997, -63.90972537199997, 0.0], [-61.397149801999944, -63.89887317299997, 0.0], [-61.38046005099994, -63.89190439999999, 0.0], [-61.376516358999936, -63.89500780299994, 0.0], [-61.38873250299997, -63.90972537199997, 0.0]]], [[[-59.91132449999998, -51.21453036099996, 0.0], [-59.89940340499999, -51.224461781999935, 0.0], [-59.936581289999936, -51.215411862999986, 0.0], [-59.91759597699996, -51.20843455099998, 0.0], [-59.91132449999998, -51.21453036099996, 0.0]]], [[[-54.59350955399998, -63.396917257999974, 0.0], [-54.60782102699994, -63.396811354999954, 0.0], [-54.61036873399996, -63.392255310999985, 0.0], [-54.59596873099997, -63.38539396699997, 0.0], [-54.59350955399998, -63.396917257999974, 0.0]]], [[[-64.26131573399994, -54.672788407999974, 0.0], [-64.24746727099995, -54.67607206399998, 0.0], [-64.25655681199999, -54.68744588699997, 0.0], [-64.27169018399997, -54.67926054099996, 0.0], [-64.26131573399994, -54.672788407999974, 0.0]]], [[[-34.66970046199998, -55.01773628299998, 0.0], [-34.678256931999954, -55.02509403799996, 0.0], [-34.69608291099996, -55.01978023899994, 0.0], [-34.685387323999976, -55.00996829999997, 0.0], [-34.66970046199998, -55.01773628299998, 0.0]]], [[[-59.71320115699996, -72.44057471299993, 0.0], [-59.718988518999936, -72.44036554799999, 0.0], [-59.72231176299994, -72.42628281299994, 0.0], [-59.70329202099998, -72.43154473299995, 0.0], [-59.71320115699996, -72.44057471299993, 0.0]]], [[[-58.98768398499993, -52.13698086299996, 0.0], [-59.00059255999997, -52.149235086999965, 0.0], [-59.01564265099995, -52.146558193999965, 0.0], [-59.00285304799996, -52.13745675499996, 0.0], [-58.98768398499993, -52.13698086299996, 0.0]]], [[[-60.33852184899996, -51.637197793999974, 0.0], [-60.34280480799998, -51.642274476999944, 0.0], [-60.361714261999964, -51.63726196499994, 0.0], [-60.346783536999965, -51.63049850699997, 0.0], [-60.33852184899996, -51.637197793999974, 0.0]]], [[[-55.931158376999974, -61.48334945499994, 0.0], [-55.95119428999993, -61.48245266099997, 0.0], [-55.96276063799996, -61.480187186999956, 0.0], [-55.94332539299995, -61.47227574699997, 0.0], [-55.931158376999974, -61.48334945499994, 0.0]]], [[[-65.41708772099997, -65.61305411799998, 0.0], [-65.42877829899999, -65.61405573899998, 0.0], [-65.43880735299996, -65.61050164499994, 0.0], [-65.40256182599995, -65.60944501599994, 0.0], [-65.41708772099997, -65.61305411799998, 0.0]]], [[[-59.52777963999995, -51.750482200999954, 0.0], [-59.51591852599995, -51.73122332199995, 0.0], [-59.50461557799997, -51.73280260599995, 0.0], [-59.511115821999965, -51.740794396999945, 0.0], [-59.52777963999995, -51.750482200999954, 0.0]]], [[[-57.29358221399997, -63.80487481399996, 0.0], [-57.30594452499997, -63.80278432499995, 0.0], [-57.268810160999976, -63.79624794799997, 0.0], [-57.282077878999985, -63.80179662399996, 0.0], [-57.29358221399997, -63.80487481399996, 0.0]]], [[[-59.67790125199997, -52.019520237999984, 0.0], [-59.66615642099998, -52.01883538699997, 0.0], [-59.66757868099995, -52.02771802399997, 0.0], [-59.68525598799994, -52.028259709999986, 0.0], [-59.67790125199997, -52.019520237999984, 0.0]]], [[[-58.532393438999975, -51.90367932799995, 0.0], [-58.51949976199995, -51.903553442999964, 0.0], [-58.506979925999985, -51.90798230499996, 0.0], [-58.52153330599998, -51.91406725699994, 0.0], [-58.532393438999975, -51.90367932799995, 0.0]]], [[[-64.11702361299996, -65.07129365599997, 0.0], [-64.13843650099994, -65.08142440499995, 0.0], [-64.14389379499994, -65.07897585499995, 0.0], [-64.13661313299997, -65.07110170599998, 0.0], [-64.11702361299996, -65.07129365599997, 0.0]]], [[[-58.45158538299995, -51.95183206499996, 0.0], [-58.47050209799994, -51.96236117999996, 0.0], [-58.49444637299996, -51.95346698099996, 0.0], [-58.45632610399997, -51.950216858999966, 0.0], [-58.45158538299995, -51.95183206499996, 0.0]]], [[[-60.15578150099998, -51.41316293699998, 0.0], [-60.12502632999997, -51.41417582799994, 0.0], [-60.10530538699999, -51.42732629799997, 0.0], [-60.113785244999974, -51.43207188399998, 0.0], [-60.15578150099998, -51.41316293699998, 0.0]]], [[[-72.58983890099995, -71.04483118499996, 0.0], [-72.59808906899997, -71.04564522599998, 0.0], [-72.62153654999997, -71.03922634599996, 0.0], [-72.61048291299994, -71.03525639999998, 0.0], [-72.58983890099995, -71.04483118499996, 0.0]]], [[[-45.670770334999986, -60.733761726999944, 0.0], [-45.684346724999955, -60.742378180999935, 0.0], [-45.70240349599993, -60.739276246999964, 0.0], [-45.685590744999956, -60.72892543399996, 0.0], [-45.670770334999986, -60.733761726999944, 0.0]]], [[[-59.667710202999956, -51.885030366999956, 0.0], [-59.667668240999944, -51.897855378999964, 0.0], [-59.68692101899995, -51.89738998599995, 0.0], [-59.675999539999964, -51.88914642499998, 0.0], [-59.667710202999956, -51.885030366999956, 0.0]]], [[[-59.65131046499994, -51.91549810599997, 0.0], [-59.63607551999996, -51.92481804399995, 0.0], [-59.63895119999995, -51.930436708999935, 0.0], [-59.65813149799993, -51.92299041999996, 0.0], [-59.65131046499994, -51.91549810599997, 0.0]]], [[[-65.71449763399994, -65.82574263199996, 0.0], [-65.70056487599999, -65.82912868499994, 0.0], [-65.73579003599997, -65.83075477399996, 0.0], [-65.72965401099998, -65.82721093799995, 0.0], [-65.71449763399994, -65.82574263199996, 0.0]]], [[[-59.80494879999998, -62.34655530499998, 0.0], [-59.818069037999976, -62.347575990999985, 0.0], [-59.82604800099995, -62.34456312299994, 0.0], [-59.80110876699996, -62.33844945699997, 0.0], [-59.80494879999998, -62.34655530499998, 0.0]]], [[[-60.06552319799994, -64.97856490499998, 0.0], [-60.07873928499998, -64.97923846499998, 0.0], [-60.09956102299998, -64.97061252299994, 0.0], [-60.08602013099994, -64.96724444599994, 0.0], [-60.06552319799994, -64.97856490499998, 0.0]]], [[[-70.53951282699995, -72.19629076099994, 0.0], [-70.55139662399995, -72.19585140999999, 0.0], [-70.51659068299995, -72.18946275499997, 0.0], [-70.52239169199999, -72.19451801299994, 0.0], [-70.53951282699995, -72.19629076099994, 0.0]]], [[[-65.96661908999994, -66.03719796999997, 0.0], [-65.97552935299996, -66.04808861999999, 0.0], [-65.98726876199999, -66.04434572499997, 0.0], [-65.97043465499996, -66.03321537999994, 0.0], [-65.96661908999994, -66.03719796999997, 0.0]]], [[[-54.46023900599994, -61.07783152999997, 0.0], [-54.46299906699994, -61.08043034299993, 0.0], [-54.482880130999945, -61.075536339999985, 0.0], [-54.46892398899996, -61.068551990999936, 0.0], [-54.46023900599994, -61.07783152999997, 0.0]]], [[[-64.14201572499996, -65.17897353199999, 0.0], [-64.14529868299996, -65.18043199199997, 0.0], [-64.15653739099997, -65.16583680199994, 0.0], [-64.13262338399994, -65.16683546499996, 0.0], [-64.14201572499996, -65.17897353199999, 0.0]]], [[[-63.403677663999986, -64.92440793899993, 0.0], [-63.41744263099997, -64.91813321999996, 0.0], [-63.389472196999975, -64.91391777399997, 0.0], [-63.40285933599995, -64.91749487999994, 0.0], [-63.403677663999986, -64.92440793899993, 0.0]]], [[[-58.727495948999945, -51.92305866799995, 0.0], [-58.718376896999985, -51.928803640999945, 0.0], [-58.709810836999964, -51.923628313999984, 0.0], [-58.70070939899995, -51.925888801999974, 0.0], [-58.71135748699999, -51.93629894299994, 0.0], [-58.727495948999945, -51.92305866799995, 0.0]]], [[[-65.35922908299995, -65.63575591999995, 0.0], [-65.37343386899994, -65.63964544499999, 0.0], [-65.38305012999996, -65.63609461599998, 0.0], [-65.33874648599993, -65.62762367199997, 0.0], [-65.35922908299995, -65.63575591999995, 0.0]]], [[[-63.72560670399997, -64.93517349699994, 0.0], [-63.739231305999965, -64.93525794999994, 0.0], [-63.744894063999936, -64.93403348099997, 0.0], [-63.70976883599997, -64.92620251799997, 0.0], [-63.72560670399997, -64.93517349699994, 0.0]]], [[[-62.725136977999966, -68.45767296799994, 0.0], [-62.74056638299999, -68.45425672199997, 0.0], [-62.741240740999956, -68.45036286299995, 0.0], [-62.71330330099994, -68.45281170199996, 0.0], [-62.725136977999966, -68.45767296799994, 0.0]]], [[[-67.34137351799995, -69.16657132799997, 0.0], [-67.34912797499999, -69.16590046799996, 0.0], [-67.35776607999998, -69.15809781099995, 0.0], [-67.33876538299995, -69.15818198099998, 0.0], [-67.34137351799995, -69.16657132799997, 0.0]]], [[[-62.62014290999997, -64.69189458399995, 0.0], [-62.627052108999976, -64.69144444099999, 0.0], [-62.63443909199998, -64.68462598499997, 0.0], [-62.61590017499998, -64.68237840699999, 0.0], [-62.62014290999997, -64.69189458399995, 0.0]]], [[[-66.08652804199994, -65.62711339499998, 0.0], [-66.10741798999999, -65.63568620699994, 0.0], [-66.11769408899994, -65.63029031299993, 0.0], [-66.09964728499995, -65.63048989399994, 0.0], [-66.08652804199994, -65.62711339499998, 0.0]]], [[[-72.21274810399996, -70.59936337599999, 0.0], [-72.22629552799998, -70.59311693299998, 0.0], [-72.19819947299999, -70.59565964699993, 0.0], [-72.20145679499996, -70.59743648499995, 0.0], [-72.21274810399996, -70.59936337599999, 0.0]]], [[[-65.62366577499995, -65.93837349299997, 0.0], [-65.63347403999995, -65.93623492499995, 0.0], [-65.59656363799996, -65.92552723599994, 0.0], [-65.60431901299995, -65.93096423799994, 0.0], [-65.62366577499995, -65.93837349299997, 0.0]]], [[[-65.49372740199993, -65.52068716399998, 0.0], [-65.50932943699996, -65.52422354099997, 0.0], [-65.51626354199993, -65.51820640699998, 0.0], [-65.50352172799995, -65.51540360799999, 0.0], [-65.49372740199993, -65.52068716399998, 0.0]]], [[[-65.07510267199996, -65.82129129199996, 0.0], [-65.09385165999998, -65.81969642599995, 0.0], [-65.09946090799997, -65.81323394899994, 0.0], [-65.07155660999996, -65.81614601899997, 0.0], [-65.07510267199996, -65.82129129199996, 0.0]]], [[[-72.24809468399997, -70.53192015299999, 0.0], [-72.26424498499995, -70.52892642099994, 0.0], [-72.26780622099994, -70.52594821399998, 0.0], [-72.25059979099996, -70.52262518599997, 0.0], [-72.24809468399997, -70.53192015299999, 0.0]]], [[[-61.77538210599994, -63.72847231299994, 0.0], [-61.78748571199998, -63.72886530799997, 0.0], [-61.79047904399994, -63.72648524699997, 0.0], [-61.760696381999935, -63.72571849099995, 0.0], [-61.77538210599994, -63.72847231299994, 0.0]]], [[[-45.14223922399998, -60.79199144099994, 0.0], [-45.14449456699998, -60.798001442999976, 0.0], [-45.16041638499996, -60.791609534999964, 0.0], [-45.15560954299997, -60.78386318399998, 0.0], [-45.14223922399998, -60.79199144099994, 0.0]]], [[[-63.115189630999964, -64.90325071899997, 0.0], [-63.125338349999936, -64.90113249199999, 0.0], [-63.13409553499997, -64.89279674999995, 0.0], [-63.11458728499997, -64.89625674699994, 0.0], [-63.115189630999964, -64.90325071899997, 0.0]]], [[[-66.86800355799994, -67.02842684899997, 0.0], [-66.87613538699998, -67.02173237399995, 0.0], [-66.87775877099995, -67.01381996599997, 0.0], [-66.86781981699994, -67.01313490499996, 0.0], [-66.86800355799994, -67.02842684899997, 0.0]]], [[[-60.21588285699994, -51.77126321199995, 0.0], [-60.21433620799996, -51.77953183899996, 0.0], [-60.228494000999945, -51.76055563699998, 0.0], [-60.221534076999944, -51.75710541899997, 0.0], [-60.21588285699994, -51.77126321199995, 0.0]]], [[[-60.61516069399994, -63.88961607799996, 0.0], [-60.636628808999944, -63.88675521499994, 0.0], [-60.63892535499997, -63.88131859899994, 0.0], [-60.62314517999994, -63.88095064999993, 0.0], [-60.61516069399994, -63.88961607799996, 0.0]]], [[[-67.10309907899995, -69.07278207799999, 0.0], [-67.11071743599996, -69.07413459899993, 0.0], [-67.13138879699994, -69.06727951999994, 0.0], [-67.11449239099994, -69.06587246699996, 0.0], [-67.10309907899995, -69.07278207799999, 0.0]]], [[[-65.57935279999998, -65.59983994399994, 0.0], [-65.56482897399997, -65.58947474599995, 0.0], [-65.54850947699998, -65.59279177399998, 0.0], [-65.57463176999994, -65.59897790199994, 0.0], [-65.57935279999998, -65.59983994399994, 0.0]]], [[[-60.98856871899994, -52.01735089799996, 0.0], [-60.99808656399995, -52.02431082199996, 0.0], [-61.00504648699996, -52.01205659799996, 0.0], [-60.995885561999955, -52.00462078199996, 0.0], [-60.98856871899994, -52.01735089799996, 0.0]]], [[[-58.072014223999986, -51.78671593499996, 0.0], [-58.04896747899994, -51.787502494999956, 0.0], [-58.047231790999945, -51.78860112799998, 0.0], [-58.08730900099994, -51.788131920999945, 0.0], [-58.072014223999986, -51.78671593499996, 0.0]]], [[[-61.57665210899995, -64.35317506599995, 0.0], [-61.59157808499998, -64.35047176199998, 0.0], [-61.59874134699999, -64.34685044899999, 0.0], [-61.581225564999954, -64.34322786599995, 0.0], [-61.57665210899995, -64.35317506599995, 0.0]]], [[[-65.28098225099995, -65.38771383899996, 0.0], [-65.27162209999995, -65.39822120099996, 0.0], [-65.29282580699999, -65.39709858399993, 0.0], [-65.29237286099993, -65.38786110899997, 0.0], [-65.28098225099995, -65.38771383899996, 0.0]]], [[[-60.920251736999944, -52.16784726299994, 0.0], [-60.90961254599995, -52.17063580599995, 0.0], [-60.94002712699995, -52.16910611299994, 0.0], [-60.923967250999965, -52.16188870499997, 0.0], [-60.920251736999944, -52.16784726299994, 0.0]]], [[[-71.46232444199995, -73.05508730799994, 0.0], [-71.48066091599998, -73.05487959399994, 0.0], [-71.48446074299994, -73.05421118399994, 0.0], [-71.46344407699996, -73.04778491499997, 0.0], [-71.46232444199995, -73.05508730799994, 0.0]]], [[[-59.65655984299997, -51.98837433099993, 0.0], [-59.64492120199998, -51.98685989599994, 0.0], [-59.64527978299998, -51.99419937299996, 0.0], [-59.66372765899996, -51.99830017299996, 0.0], [-59.65655984299997, -51.98837433099993, 0.0]]], [[[-63.09492997799998, -64.82578715899996, 0.0], [-63.09873651399994, -64.83040742699995, 0.0], [-63.11174917599993, -64.83215307699999, 0.0], [-63.092769560999955, -64.81609392099995, 0.0], [-63.09492997799998, -64.82578715899996, 0.0]]], [[[-73.85637952899998, -73.36171330799993, 0.0], [-73.86766163899995, -73.36153296499998, 0.0], [-73.83587617699999, -73.35966506899996, 0.0], [-73.84474508799997, -73.36110054599999, 0.0], [-73.85637952899998, -73.36171330799993, 0.0]]], [[[-59.64282693299998, -51.38874206799994, 0.0], [-59.66764633599996, -51.391606639999964, 0.0], [-59.66611120099998, -51.399548237999966, 0.0], [-59.67480851299996, -51.40468177799994, 0.0], [-59.64282693299998, -51.38874206799994, 0.0]]], [[[-71.17955679899995, -70.91117610699996, 0.0], [-71.18858293899996, -70.90575266899998, 0.0], [-71.16462255299996, -70.90141976599995, 0.0], [-71.16510265499994, -70.90298980699998, 0.0], [-71.17955679899995, -70.91117610699996, 0.0]]], [[[-55.50316209599998, -63.13447494199994, 0.0], [-55.50946241099996, -63.13315574699993, 0.0], [-55.52665318299995, -63.12515557399996, 0.0], [-55.50527457399994, -63.12435656499997, 0.0], [-55.50316209599998, -63.13447494199994, 0.0]]], [[[-60.51358064599998, -51.490878434999956, 0.0], [-60.527477587999954, -51.50048002799997, 0.0], [-60.53215440699995, -51.49655470399995, 0.0], [-60.52367814999997, -51.488269181999954, 0.0], [-60.51358064599998, -51.490878434999956, 0.0]]], [[[-62.19652740799995, -64.56965020599995, 0.0], [-62.195465903999946, -64.56105844399997, 0.0], [-62.18451566599998, -64.55530741199993, 0.0], [-62.18413221999998, -64.56432997199994, 0.0], [-62.19652740799995, -64.56965020599995, 0.0]]], [[[-64.73896457699993, -65.99555759999998, 0.0], [-64.74769475999994, -65.99308714899996, 0.0], [-64.71778880399995, -65.98985518999996, 0.0], [-64.72540861299996, -65.99292024699997, 0.0], [-64.73896457699993, -65.99555759999998, 0.0]]], [[[-59.836930173999974, -51.343671418999975, 0.0], [-59.837118465999936, -51.35638338699994, 0.0], [-59.85590829299997, -51.349744416999954, 0.0], [-59.85088433599998, -51.345937349999986, 0.0], [-59.836930173999974, -51.343671418999975, 0.0]]], [[[-63.592661256999975, -64.97998700199997, 0.0], [-63.597466845999975, -64.98630513599994, 0.0], [-63.61710328799995, -64.98624279399996, 0.0], [-63.60272108699996, -64.97899258699994, 0.0], [-63.592661256999975, -64.97998700199997, 0.0]]], [[[-67.88148460999997, -68.89864639499996, 0.0], [-67.89426926099998, -68.89376770399997, 0.0], [-67.86881275699994, -68.89322979999997, 0.0], [-67.87384358899993, -68.89625835399994, 0.0], [-67.88148460999997, -68.89864639499996, 0.0]]], [[[-59.88387106299996, -51.36977676499998, 0.0], [-59.89682996399995, -51.378551167999944, 0.0], [-59.90650326799994, -51.37402266099997, 0.0], [-59.89084047899996, -51.365614971999946, 0.0], [-59.88387106299996, -51.36977676499998, 0.0]]], [[[-71.58769725899998, -72.26941211099995, 0.0], [-71.59953716299998, -72.26926996499998, 0.0], [-71.61785787699995, -72.25872175299997, 0.0], [-71.59974606899993, -72.26165492699994, 0.0], [-71.58769725899998, -72.26941211099995, 0.0]]], [[[-67.13410293699997, -66.45016158599998, 0.0], [-67.14421054799993, -66.44985789299994, 0.0], [-67.11548333199994, -66.43937901599998, 0.0], [-67.11903729699998, -66.44232018499997, 0.0], [-67.13410293699997, -66.45016158599998, 0.0]]], [[[-61.09468354599994, -51.79146728699993, 0.0], [-61.10254372999998, -51.793496705999985, 0.0], [-61.110287564999965, -51.78026352099994, 0.0], [-61.09264458999996, -51.78655395699997, 0.0], [-61.09468354599994, -51.79146728699993, 0.0]]], [[[-60.763237851999975, -52.146782127999984, 0.0], [-60.77404107499996, -52.14551946299997, 0.0], [-60.78035258899996, -52.13996933899995, 0.0], [-60.767994778999935, -52.135244575999934, 0.0], [-60.763237851999975, -52.146782127999984, 0.0]]], [[[-58.37967671699994, -52.008211303999985, 0.0], [-58.38045991299998, -52.01168235899996, 0.0], [-58.35081888099995, -52.01740369099997, 0.0], [-58.376061566999965, -52.01802810799995, 0.0], [-58.384827868999935, -52.006332982999936, 0.0], [-58.37967671699994, -52.008211303999985, 0.0]]], [[[-71.87613874399995, -70.15275879599994, 0.0], [-71.87902552799994, -70.15225768099998, 0.0], [-71.89445767499996, -70.14344014699998, 0.0], [-71.87931391499995, -70.14089270499994, 0.0], [-71.87613874399995, -70.15275879599994, 0.0]]], [[[-72.62584328399998, -71.04826014299994, 0.0], [-72.65016176299997, -71.04744719199994, 0.0], [-72.65621096599995, -71.04259722899997, 0.0], [-72.61978096299998, -71.04741891299994, 0.0], [-72.62584328399998, -71.04826014299994, 0.0]]], [[[-57.40782635299996, -63.99256002599998, 0.0], [-57.42126292499995, -63.98829930799997, 0.0], [-57.39370038799996, -63.987483675999954, 0.0], [-57.39635445699997, -63.989089314999944, 0.0], [-57.40782635299996, -63.99256002599998, 0.0]]], [[[-58.26243299999999, -63.88481080099996, 0.0], [-58.26962271299993, -63.87758149899997, 0.0], [-58.25478485199994, -63.87254339599997, 0.0], [-58.257032048999974, -63.880713974999935, 0.0], [-58.26243299999999, -63.88481080099996, 0.0]]], [[[-59.310909735999985, -52.244405505999964, 0.0], [-59.31616471799998, -52.25246640599994, 0.0], [-59.32692803799995, -52.25186691499994, 0.0], [-59.31941212999993, -52.23802528599998, 0.0], [-59.310909735999985, -52.244405505999964, 0.0]]], [[[-63.92761450499995, -64.93717005399998, 0.0], [-63.94416650799997, -64.93740587099995, 0.0], [-63.94841993099993, -64.93510148699994, 0.0], [-63.92042096199998, -64.93278778199993, 0.0], [-63.92761450499995, -64.93717005399998, 0.0]]], [[[-64.35112839899995, -64.69725235599998, 0.0], [-64.33343110199996, -64.69844915999994, 0.0], [-64.33385668899996, -64.70502994899994, 0.0], [-64.35700828999995, -64.70202970799994, 0.0], [-64.35112839899995, -64.69725235599998, 0.0]]], [[[-58.29352145499996, -51.873378473999935, 0.0], [-58.28025595999998, -51.87486563699997, 0.0], [-58.30393159699997, -51.88557321099995, 0.0], [-58.30668161699998, -51.87342114799998, 0.0], [-58.29352145499996, -51.873378473999935, 0.0]]], [[[-65.74386859499998, -65.88079973399994, 0.0], [-65.75409047699998, -65.88038445099994, 0.0], [-65.76412562699994, -65.87741188999996, 0.0], [-65.74366120999997, -65.87353754399999, 0.0], [-65.74386859499998, -65.88079973399994, 0.0]]], [[[-60.83551813199995, -51.56579455699995, 0.0], [-60.831325779999986, -51.57501086599996, 0.0], [-60.84852624999996, -51.576300232999984, 0.0], [-60.84574152099998, -51.56598147699998, 0.0], [-60.83551813199995, -51.56579455699995, 0.0]]], [[[-71.71610737599997, -73.07283627999993, 0.0], [-71.70607440399993, -73.07157952899996, 0.0], [-71.73384423199997, -73.07887670999997, 0.0], [-71.71833494399993, -73.07123170799997, 0.0], [-71.71610737599997, -73.07283627999993, 0.0]]], [[[-68.85527100599995, -68.09835502599998, 0.0], [-68.84458628299996, -68.08761144999994, 0.0], [-68.83406343499996, -68.09240239299999, 0.0], [-68.85527100599995, -68.09835502599998, 0.0]]], [[[-61.99887739199994, -64.12571046799997, 0.0], [-62.00804669299998, -64.12571124099998, 0.0], [-62.015180165999936, -64.12393931799994, 0.0], [-61.98689828099998, -64.11937424499996, 0.0], [-61.99887739199994, -64.12571046799997, 0.0]]], [[[-70.58750031799997, -72.21248403199996, 0.0], [-70.59444402799994, -72.21130846399996, 0.0], [-70.60164477199999, -72.20612778199995, 0.0], [-70.57623614099998, -72.20535541499999, 0.0], [-70.58750031799997, -72.21248403199996, 0.0]]], [[[-68.72484595699996, -69.30060779899998, 0.0], [-68.73980899599997, -69.29767372999999, 0.0], [-68.74952670999994, -69.29329548399994, 0.0], [-68.73348313299994, -69.29189985499994, 0.0], [-68.72484595699996, -69.30060779899998, 0.0]]], [[[-60.961045163999984, -52.019517518999976, 0.0], [-60.95047082299993, -52.01613388299995, 0.0], [-60.95654763599998, -52.02263031199993, 0.0], [-60.975857633999965, -52.022672273999945, 0.0], [-60.961045163999984, -52.019517518999976, 0.0]]], [[[-62.07378955499996, -74.47995201599997, 0.0], [-62.09878619699998, -74.47819639499994, 0.0], [-62.10613449599998, -74.47306697299996, 0.0], [-62.090540561999944, -74.47386780699998, 0.0], [-62.07378955499996, -74.47995201599997, 0.0]]], [[[-67.07611029999998, -72.26700772699996, 0.0], [-67.07281072999996, -72.25861591199998, 0.0], [-67.05788176299995, -72.26294063699999, 0.0], [-67.07611029999998, -72.26700772699996, 0.0]]], [[[-67.08958641599997, -66.43578287299994, 0.0], [-67.08965260399998, -66.44222664899996, 0.0], [-67.11032431899997, -66.44732935899998, 0.0], [-67.10845689599995, -66.43783310599997, 0.0], [-67.08958641599997, -66.43578287299994, 0.0]]], [[[-65.72680662699997, -66.09316566299998, 0.0], [-65.73336618099995, -66.09347672899997, 0.0], [-65.72060223399995, -66.07871014299997, 0.0], [-65.71883553899994, -66.08492354499998, 0.0], [-65.72680662699997, -66.09316566299998, 0.0]]], [[[-62.04762420299994, -64.00235590999995, 0.0], [-62.058817300999976, -64.00105843299997, 0.0], [-62.06113984799998, -63.99338203199994, 0.0], [-62.04367173999998, -63.99837473499997, 0.0], [-62.04762420299994, -64.00235590999995, 0.0]]], [[[-62.97732222999997, -64.32468424699994, 0.0], [-62.99267057999998, -64.33367261899997, 0.0], [-63.004640525999946, -64.33103944699997, 0.0], [-62.998897941999985, -64.32544203099997, 0.0], [-62.97732222999997, -64.32468424699994, 0.0]]], [[[-65.01457255099996, -65.59351108899995, 0.0], [-65.03487447099997, -65.59473580899999, 0.0], [-65.03806830399998, -65.59129931599995, 0.0], [-65.00748282299998, -65.59232819399995, 0.0], [-65.01457255099996, -65.59351108899995, 0.0]]], [[[-72.12237837799995, -70.03098773599999, 0.0], [-72.10703445299998, -70.03576024099993, 0.0], [-72.13035020399997, -70.04042364699995, 0.0], [-72.12237837799995, -70.03098773599999, 0.0]]], [[[-67.68729279799999, -67.17624659399996, 0.0], [-67.68044106699995, -67.17583405099998, 0.0], [-67.69602878699993, -67.18549874099995, 0.0], [-67.69780752599996, -67.17632455299997, 0.0], [-67.68729279799999, -67.17624659399996, 0.0]]], [[[-59.68492631299995, -62.32086754799997, 0.0], [-59.69765044799993, -62.32601800699996, 0.0], [-59.70307033399996, -62.32240753199994, 0.0], [-59.69312172999997, -62.31389156299997, 0.0], [-59.68492631299995, -62.32086754799997, 0.0]]], [[[-59.73922848099994, -62.40491141199993, 0.0], [-59.76532420099994, -62.409027107999975, 0.0], [-59.77072112899998, -62.40498145899994, 0.0], [-59.75323737399998, -62.40171350899993, 0.0], [-59.73922848099994, -62.40491141199993, 0.0]]], [[[-59.89164796799997, -65.08915198999995, 0.0], [-59.90466183899997, -65.09160441799997, 0.0], [-59.917286556999954, -65.08590685199994, 0.0], [-59.90525928699998, -65.08429051999997, 0.0], [-59.89164796799997, -65.08915198999995, 0.0]]], [[[-60.73523497299993, -51.12352025499996, 0.0], [-60.745424028999935, -51.13288915099997, 0.0], [-60.76155638399996, -51.128395437999984, 0.0], [-60.75200473099994, -51.12935817599998, 0.0], [-60.73523497299993, -51.12352025499996, 0.0]]], [[[-59.85035757199995, -52.12633277499998, 0.0], [-59.84545220799998, -52.13275299299994, 0.0], [-59.85779338799995, -52.13567215899997, 0.0], [-59.85833062599994, -52.12581978099996, 0.0], [-59.85035757199995, -52.12633277499998, 0.0]]], [[[-60.46951075399994, -52.22528524099994, 0.0], [-60.47491158899999, -52.23160705799995, 0.0], [-60.50012583199998, -52.234227386999976, 0.0], [-60.49459278099994, -52.22896922899997, 0.0], [-60.46951075399994, -52.22528524099994, 0.0]]], [[[-68.87817862599996, -67.76732729699995, 0.0], [-68.88721195199997, -67.77848651599999, 0.0], [-68.89947387399997, -67.77172684999994, 0.0], [-68.89638193499997, -67.76960030599997, 0.0], [-68.87817862599996, -67.76732729699995, 0.0]]], [[[-68.87334205099995, -68.10136849499997, 0.0], [-68.87932640399998, -68.09561566099995, 0.0], [-68.86845336599998, -68.09034027099995, 0.0], [-68.86413692499997, -68.09943049299994, 0.0], [-68.87334205099995, -68.10136849499997, 0.0]]], [[[-59.64643563599998, -51.412534333999986, 0.0], [-59.655678647999935, -51.42260894999998, 0.0], [-59.66209518199997, -51.415708224999946, 0.0], [-59.642781156999945, -51.40994415499995, 0.0], [-59.64643563599998, -51.412534333999986, 0.0]]], [[[-60.17578785499995, -62.43232828799995, 0.0], [-60.183715107999944, -62.431896827999935, 0.0], [-60.18594136499996, -62.42493386299998, 0.0], [-60.16793009899993, -62.42606208799998, 0.0], [-60.17578785499995, -62.43232828799995, 0.0]]], [[[-65.53223693599995, -65.90473140099994, 0.0], [-65.53739618699996, -65.90647158099995, 0.0], [-65.55244159499995, -65.90238093999994, 0.0], [-65.53956170299995, -65.89815881599998, 0.0], [-65.53223693599995, -65.90473140099994, 0.0]]], [[[-65.05341658199995, -65.83571608399996, 0.0], [-65.06231269899996, -65.82981016799994, 0.0], [-65.04171365899998, -65.82688606999994, 0.0], [-65.04507044199994, -65.83097094999994, 0.0], [-65.05341658199995, -65.83571608399996, 0.0]]], [[[-61.36437128499995, -64.39886819599997, 0.0], [-61.37916806099997, -64.39970364699997, 0.0], [-61.34497671799994, -64.39218582299998, 0.0], [-61.346539106999955, -64.39602409399998, 0.0], [-61.36437128499995, -64.39886819599997, 0.0]]], [[[-61.12069095299995, -64.24051285399997, 0.0], [-61.13324391899994, -64.24128909899997, 0.0], [-61.13895870399995, -64.23509248599999, 0.0], [-61.11390530999995, -64.23774281299995, 0.0], [-61.12069095299995, -64.24051285399997, 0.0]]], [[[-72.20382758599999, -69.58134635199997, 0.0], [-72.21591893999994, -69.57950541699995, 0.0], [-72.21491250999998, -69.56662618899998, 0.0], [-72.20525185899999, -69.57498540599994, 0.0], [-72.20382758599999, -69.58134635199997, 0.0]]], [[[-65.53039494799998, -65.76859550499995, 0.0], [-65.53749349899994, -65.76925346799999, 0.0], [-65.55283132999995, -65.76632661699995, 0.0], [-65.53754119199994, -65.76256459499996, 0.0], [-65.53039494799998, -65.76859550499995, 0.0]]], [[[-64.53340394399999, -65.19927175599997, 0.0], [-64.54368100299996, -65.19974649899996, 0.0], [-64.54975830599994, -65.19700268899999, 0.0], [-64.53748290699997, -65.18719449399998, 0.0], [-64.53340394399999, -65.19927175599997, 0.0]]], [[[-61.23403049099994, -51.64797601499998, 0.0], [-61.22671771599994, -51.65267953699998, 0.0], [-61.227244144999986, -51.663227174999975, 0.0], [-61.237055545999965, -51.65341958799996, 0.0], [-61.23403049099994, -51.64797601499998, 0.0]]], [[[-73.47788074799996, -73.16722716499999, 0.0], [-73.48951095999996, -73.16647021799997, 0.0], [-73.46644569799997, -73.16175561299997, 0.0], [-73.47077025099998, -73.16472554399996, 0.0], [-73.47788074799996, -73.16722716499999, 0.0]]], [[[-65.40391071799996, -65.45030047299997, 0.0], [-65.40988106699996, -65.45098500699999, 0.0], [-65.36811613399993, -65.44275091899993, 0.0], [-65.37071949999995, -65.44346522399997, 0.0], [-65.40391071799996, -65.45030047299997, 0.0]]], [[[-71.32487612899996, -70.89209573099998, 0.0], [-71.33793397399995, -70.89264107999998, 0.0], [-71.31631843599996, -70.88546575599997, 0.0], [-71.32487612899996, -70.89209573099998, 0.0]]], [[[-63.50399379899994, -64.25379382999995, 0.0], [-63.51718752399995, -64.25064791299997, 0.0], [-63.52220533299999, -64.24273220499998, 0.0], [-63.50499834999994, -64.24789801399999, 0.0], [-63.50399379899994, -64.25379382999995, 0.0]]], [[[-65.59927828499997, -65.77094050299996, 0.0], [-65.60039438499996, -65.77377321799997, 0.0], [-65.62703341099996, -65.77305222499996, 0.0], [-65.61109256199995, -65.76756083099997, 0.0], [-65.59927828499997, -65.77094050299996, 0.0]]], [[[-61.11726832199997, -51.79941489999993, 0.0], [-61.107876903999966, -51.79879996599993, 0.0], [-61.127846843999976, -51.80736014699994, 0.0], [-61.121087200999966, -51.792807076999964, 0.0], [-61.11726832199997, -51.79941489999993, 0.0]]], [[[-60.460939817999986, -51.32897753999998, 0.0], [-60.455377247999934, -51.33805989499996, 0.0], [-60.47093782099995, -51.341924683999935, 0.0], [-60.47390068799996, -51.33363031399995, 0.0], [-60.460939817999986, -51.32897753999998, 0.0]]], [[[-41.79228890699994, -53.64289293899998, 0.0], [-41.79782672599998, -53.65404621199997, 0.0], [-41.80666044099996, -53.65239064899998, 0.0], [-41.80053691799998, -53.64051851199997, 0.0], [-41.79228890699994, -53.64289293899998, 0.0]]], [[[-65.37976297899996, -65.43377293599997, 0.0], [-65.38810402599995, -65.43422622199995, 0.0], [-65.39793853799995, -65.43324245499997, 0.0], [-65.38255879699994, -65.42594113399997, 0.0], [-65.37976297899996, -65.43377293599997, 0.0]]], [[[-58.27526376999998, -51.86698384699997, 0.0], [-58.27686522799996, -51.86891698499994, 0.0], [-58.25663980899998, -51.87361641999996, 0.0], [-58.28546617799998, -51.871380285999976, 0.0], [-58.27526376999998, -51.86698384699997, 0.0]]], [[[-73.29103382699998, -73.32681457699994, 0.0], [-73.30962174099994, -73.32674074199997, 0.0], [-73.31322757999999, -73.32334749099994, 0.0], [-73.29458450699997, -73.32176597599994, 0.0], [-73.29103382699998, -73.32681457699994, 0.0]]], [[[-73.44076230899998, -73.31146157299997, 0.0], [-73.44733038999993, -73.31122024399997, 0.0], [-73.45338326199999, -73.30399752799997, 0.0], [-73.43504019599999, -73.30596078099995, 0.0], [-73.44076230899998, -73.31146157299997, 0.0]]], [[[-61.08475198199994, -51.77377472099994, 0.0], [-61.074406522999936, -51.77753219799996, 0.0], [-61.07315911599994, -51.779775239999935, 0.0], [-61.08742495699994, -51.783374769999966, 0.0], [-61.08475198199994, -51.77377472099994, 0.0]]], [[[-58.89139284999993, -52.44447441899996, 0.0], [-58.897423885999956, -52.450017172999935, 0.0], [-58.91291155799996, -52.448861319999935, 0.0], [-58.89367022499994, -52.43882103699997, 0.0], [-58.89139284999993, -52.44447441899996, 0.0]]], [[[-68.24642181399997, -54.868846892999954, 0.0], [-68.23287963899998, -54.87037277199994, 0.0], [-68.26704406699997, -54.86965942399996, 0.0], [-68.25020599399994, -54.86592102099996, 0.0], [-68.24642181399997, -54.868846892999954, 0.0]]], [[[-72.05310630899999, -72.16336241199997, 0.0], [-72.06599411599996, -72.16113257699993, 0.0], [-72.06548268399996, -72.15302509899993, 0.0], [-72.05267289699998, -72.16007523299999, 0.0], [-72.05310630899999, -72.16336241199997, 0.0]]], [[[-59.07848061899995, -52.06713638499997, 0.0], [-59.07886018199997, -52.07894287299996, 0.0], [-59.09157265999994, -52.077783204999946, 0.0], [-59.09045686099995, -52.071883775999936, 0.0], [-59.07848061899995, -52.06713638499997, 0.0]]], [[[-71.80930632899998, -73.14850012399995, 0.0], [-71.82353343699998, -73.14837712099995, 0.0], [-71.83455910399994, -73.14712984099998, 0.0], [-71.79900969499994, -73.14417827899996, 0.0], [-71.80930632899998, -73.14850012399995, 0.0]]], [[[-66.43943441199997, -66.36675502499997, 0.0], [-66.44407205199997, -66.36590396699995, 0.0], [-66.45180963799999, -66.35701468999997, 0.0], [-66.43602025299998, -66.35800946599994, 0.0], [-66.43943441199997, -66.36675502499997, 0.0]]], [[[-62.06214909799996, -64.52064486599994, 0.0], [-62.07034837599997, -64.52220725599994, 0.0], [-62.075963669999965, -64.51784273099997, 0.0], [-62.06340321599998, -64.51312947899999, 0.0], [-62.06214909799996, -64.52064486599994, 0.0]]], [[[-61.319795383999974, -51.807148789999985, 0.0], [-61.313306583999974, -51.81200108499996, 0.0], [-61.31165863499996, -51.81747517599996, 0.0], [-61.32432915299995, -51.81416211099997, 0.0], [-61.319795383999974, -51.807148789999985, 0.0]]], [[[-65.41039786299996, -65.40986494899994, 0.0], [-65.41746820899994, -65.41048857899995, 0.0], [-65.41738108799996, -65.40076271999993, 0.0], [-65.40403209999994, -65.40395534899994, 0.0], [-65.41039786299996, -65.40986494899994, 0.0]]], [[[-65.34487380699994, -65.43578677599999, 0.0], [-65.34950076699994, -65.43754226699997, 0.0], [-65.36057619999997, -65.43463826499993, 0.0], [-65.33689223899995, -65.43422197099994, 0.0], [-65.34487380699994, -65.43578677599999, 0.0]]], [[[-70.63442380299995, -70.22656049899996, 0.0], [-70.64347304199998, -70.22561750199998, 0.0], [-70.65002239899997, -70.22049242099996, 0.0], [-70.63340648199994, -70.22018500499996, 0.0], [-70.63442380299995, -70.22656049899996, 0.0]]], [[[-54.91217391899994, -63.389734045999944, 0.0], [-54.92238079899994, -63.39056059599994, 0.0], [-54.896283654999934, -63.38145604699997, 0.0], [-54.89999033699996, -63.384914348999985, 0.0], [-54.91217391899994, -63.389734045999944, 0.0]]], [[[-65.00397207799995, -65.26012898799996, 0.0], [-65.00925061899994, -65.26518228399993, 0.0], [-65.01758218799995, -65.25622312299998, 0.0], [-65.00834579499997, -65.25406782799996, 0.0], [-65.00397207799995, -65.26012898799996, 0.0]]], [[[-44.84222078299996, -60.604060054999934, 0.0], [-44.85311021899997, -60.60887838199994, 0.0], [-44.86229907599994, -60.60580929099996, 0.0], [-44.85071364799995, -60.60210089299994, 0.0], [-44.84222078299996, -60.604060054999934, 0.0]]], [[[-59.85154353499996, -52.03587055799994, 0.0], [-59.86172111399998, -52.032460269999945, 0.0], [-59.85665896699999, -52.02127026199997, 0.0], [-59.85202310699998, -52.02702512299993, 0.0], [-59.85154353499996, -52.03587055799994, 0.0]]], [[[-58.35749088199998, -51.54139271299994, 0.0], [-58.363550302999954, -51.536820268999975, 0.0], [-58.34799396799997, -51.52962574999998, 0.0], [-58.34659015899996, -51.533551072999956, 0.0], [-58.35749088199998, -51.54139271299994, 0.0]]], [[[-64.02999410099994, -64.53173618199997, 0.0], [-64.03377764599998, -64.53280851399995, 0.0], [-64.04699666799996, -64.52939822999997, 0.0], [-64.02458613799996, -64.52207725099998, 0.0], [-64.02999410099994, -64.53173618199997, 0.0]]], [[[-65.65340197799998, -65.81618468999994, 0.0], [-65.66013206699995, -65.81554274099994, 0.0], [-65.66260982999995, -65.81066445199997, 0.0], [-65.64371610499995, -65.81317844899996, 0.0], [-65.65340197799998, -65.81618468999994, 0.0]]], [[[-65.86491414099999, -65.87160133099997, 0.0], [-65.87429244699996, -65.87417263099996, 0.0], [-65.88582391499995, -65.87307547899997, 0.0], [-65.86934349899997, -65.86722071199995, 0.0], [-65.86491414099999, -65.87160133099997, 0.0]]], [[[-66.42792989999998, -66.47489861999998, 0.0], [-66.43764980799995, -66.47379681099994, 0.0], [-66.43609629399998, -66.46675992699994, 0.0], [-66.41930812699997, -66.47193208399995, 0.0], [-66.42792989999998, -66.47489861999998, 0.0]]], [[[-64.10123692399998, -65.08657353099994, 0.0], [-64.10859158799997, -65.08739818799995, 0.0], [-64.12372015599993, -65.08505807399996, 0.0], [-64.09608188299995, -65.08344583299998, 0.0], [-64.10123692399998, -65.08657353099994, 0.0]]], [[[-59.21387878999997, -51.58407883299998, 0.0], [-59.204301458999964, -51.583781399999964, 0.0], [-59.20230187799996, -51.58575210799995, 0.0], [-59.21652688399996, -51.59332428199997, 0.0], [-59.21387878999997, -51.58407883299998, 0.0]]], [[[-70.50451968199997, -72.20009457799995, 0.0], [-70.51364785899995, -72.20096891199995, 0.0], [-70.51563681999994, -72.19917184199994, 0.0], [-70.49909508099995, -72.19348800999995, 0.0], [-70.50451968199997, -72.20009457799995, 0.0]]], [[[-65.31193809499996, -65.52595098299997, 0.0], [-65.31749698699997, -65.52570378699994, 0.0], [-65.32961968799998, -65.52188158599995, 0.0], [-65.30181993699995, -65.52263370699995, 0.0], [-65.31193809499996, -65.52595098299997, 0.0]]], [[[-62.374796551999964, -64.60921271899997, 0.0], [-62.379074052999954, -64.60880960699996, 0.0], [-62.38524264899996, -64.60145145799999, 0.0], [-62.374269467999966, -64.59929060799993, 0.0], [-62.374796551999964, -64.60921271899997, 0.0]]], [[[-46.655023454999935, -60.59183331199995, 0.0], [-46.66771695699998, -60.591054336999946, 0.0], [-46.67531724299994, -60.587714663999975, 0.0], [-46.66193901499997, -60.585858014999985, 0.0], [-46.655023454999935, -60.59183331199995, 0.0]]], [[[-72.05386986199994, -70.18874784999997, 0.0], [-72.06142916299996, -70.18880049699999, 0.0], [-72.01720149799996, -70.18206002099998, 0.0], [-72.04124090399995, -70.18755747999995, 0.0], [-72.05386986199994, -70.18874784999997, 0.0]]], [[[-28.09359813599997, -56.66872248399994, 0.0], [-28.089907835999952, -56.67461580199995, 0.0], [-28.10563474299994, -56.673579237999945, 0.0], [-28.10139671099995, -56.66733230199998, 0.0], [-28.09359813599997, -56.66872248399994, 0.0]]], [[[-65.08695902599999, -65.84671989799995, 0.0], [-65.09801861399995, -65.84900292699996, 0.0], [-65.10430533999994, -65.84329423399998, 0.0], [-65.09323510699994, -65.84196715899998, 0.0], [-65.08695902599999, -65.84671989799995, 0.0]]], [[[-65.40833364399998, -65.49807133699994, 0.0], [-65.41706217299998, -65.49744333799998, 0.0], [-65.43691601599994, -65.48884450099996, 0.0], [-65.41625490399997, -65.49229091899997, 0.0], [-65.40833364399998, -65.49807133699994, 0.0]]], [[[-60.072413489999974, -62.455807928999945, 0.0], [-60.08247377799995, -62.45301127399995, 0.0], [-60.08900768199999, -62.449164432999964, 0.0], [-60.07232138699993, -62.44931153099998, 0.0], [-60.072413489999974, -62.455807928999945, 0.0]]], [[[-64.41471967499996, -65.50327999299998, 0.0], [-64.42183678999999, -65.50350197499995, 0.0], [-64.42805834899997, -65.50224826499993, 0.0], [-64.40994401799998, -65.49673069199997, 0.0], [-64.41471967499996, -65.50327999299998, 0.0]]], [[[-64.23586375799994, -65.14129654399994, 0.0], [-64.25317865099998, -65.14111605399995, 0.0], [-64.25637693299996, -65.13782036399994, 0.0], [-64.24125669999995, -65.13498077099996, 0.0], [-64.23586375799994, -65.14129654399994, 0.0]]], [[[-62.29280438699993, -64.43044288599998, 0.0], [-62.288892027999964, -64.42101962399994, 0.0], [-62.27908415899998, -64.41987831699998, 0.0], [-62.280358356999955, -64.42419549399995, 0.0], [-62.29280438699993, -64.43044288599998, 0.0]]], [[[-58.666028335999954, -51.94109846899994, 0.0], [-58.650254562999976, -51.94507719799998, 0.0], [-58.68546803399994, -51.94155241799996, 0.0], [-58.67869938399997, -51.93772661999998, 0.0], [-58.666028335999954, -51.94109846899994, 0.0]]], [[[-63.88281029899997, -64.90351629299994, 0.0], [-63.88988938999995, -64.90259426599994, 0.0], [-63.89679472599994, -64.89818304499994, 0.0], [-63.872698480999986, -64.90157424099993, 0.0], [-63.88281029899997, -64.90351629299994, 0.0]]], [[[-64.02069888299997, -64.80064001899996, 0.0], [-64.02865687599996, -64.80068291199996, 0.0], [-64.04026086499994, -64.79985192799995, 0.0], [-64.00651984099994, -64.79636888699997, 0.0], [-64.02069888299997, -64.80064001899996, 0.0]]], [[[-72.05198213999995, -70.12687973899995, 0.0], [-72.06070087299997, -70.12624982599993, 0.0], [-72.06859124499994, -70.12219301599998, 0.0], [-72.04397068599997, -70.12442835399997, 0.0], [-72.05198213999995, -70.12687973899995, 0.0]]], [[[-65.14443596299998, -65.92092398499994, 0.0], [-65.15397300299998, -65.92139433699998, 0.0], [-65.12600433699998, -65.91437202899994, 0.0], [-65.13519192699994, -65.91931548099996, 0.0], [-65.14443596299998, -65.92092398499994, 0.0]]], [[[-59.67433251799997, -51.42852173099993, 0.0], [-59.669510739999964, -51.42789993499997, 0.0], [-59.663987058999965, -51.434964753999964, 0.0], [-59.67654504199999, -51.43758545099996, 0.0], [-59.68088235299996, -51.43699417299996, 0.0], [-59.67433251799997, -51.42852173099993, 0.0]]], [[[-65.79500212099998, -65.74440042499998, 0.0], [-65.80266898499997, -65.74443753599996, 0.0], [-65.80491071699998, -65.74125122899994, 0.0], [-65.79090418999994, -65.73882994999997, 0.0], [-65.79500212099998, -65.74440042499998, 0.0]]], [[[-63.85540784999995, -64.97396403199997, 0.0], [-63.84855982899995, -64.97226413599998, 0.0], [-63.863076287999945, -64.97750409399998, 0.0], [-63.880187209999974, -64.97645084599998, 0.0], [-63.85540784999995, -64.97396403199997, 0.0]]], [[[-62.88873911899998, -64.34883636199999, 0.0], [-62.89513944999999, -64.34870372299997, 0.0], [-62.90225786199994, -64.34692835299995, 0.0], [-62.88268552799997, -64.34325193899997, 0.0], [-62.88873911899998, -64.34883636199999, 0.0]]], [[[-44.83905266399995, -60.69586205199994, 0.0], [-44.84273666699994, -60.69656663599994, 0.0], [-44.849516232999974, -60.69322013699997, 0.0], [-44.83980153999994, -60.68774571199998, 0.0], [-44.83905266399995, -60.69586205199994, 0.0]]], [[[-65.57661733799995, -65.81752560399997, 0.0], [-65.58903136699996, -65.81710253799997, 0.0], [-65.58916532699993, -65.81259272799997, 0.0], [-65.57745998599995, -65.81090217799994, 0.0], [-65.57661733799995, -65.81752560399997, 0.0]]], [[[-60.70410432199998, -52.18512765999998, 0.0], [-60.68861534599995, -52.18693638199994, 0.0], [-60.68666161899995, -52.18998489599994, 0.0], [-60.71114434599997, -52.185029603999965, 0.0], [-60.70410432199998, -52.18512765999998, 0.0]]], [[[-66.61310701999997, -66.40098943899994, 0.0], [-66.62848261699997, -66.40087394799997, 0.0], [-66.63191528499993, -66.39839781999996, 0.0], [-66.62353405599998, -66.39444982899994, 0.0], [-66.61310701999997, -66.40098943899994, 0.0]]], [[[-71.68285630499997, -73.13643904899999, 0.0], [-71.69647640499994, -73.13558670399993, 0.0], [-71.70149635099995, -73.13268925499995, 0.0], [-71.68143289299996, -73.13171424099994, 0.0], [-71.68285630499997, -73.13643904899999, 0.0]]], [[[-59.963173764999965, -51.376428224999984, 0.0], [-59.956971066999984, -51.37443313799997, 0.0], [-59.96488274999996, -51.38021240399996, 0.0], [-59.97580804199998, -51.378430940999976, 0.0], [-59.963173764999965, -51.376428224999984, 0.0]]], [[[-61.91770452199995, -74.50383386199996, 0.0], [-61.934753727999976, -74.50269531699996, 0.0], [-61.941472390999934, -74.50106819699994, 0.0], [-61.93702288999998, -74.49764569499996, 0.0], [-61.91770452199995, -74.50383386199996, 0.0]]], [[[-65.32942088099998, -65.64308062799995, 0.0], [-65.33916361299998, -65.64776138599996, 0.0], [-65.32183483899996, -65.63153243199997, 0.0], [-65.31914079999996, -65.63648828599997, 0.0], [-65.32942088099998, -65.64308062799995, 0.0]]], [[[-65.84349602299994, -66.10431237499995, 0.0], [-65.85009308299993, -66.09709199399998, 0.0], [-65.83635507199995, -66.09346352199998, 0.0], [-65.84169489599998, -66.10245661699997, 0.0], [-65.84349602299994, -66.10431237499995, 0.0]]], [[[-67.62718700299996, -66.61727180499997, 0.0], [-67.63935586499997, -66.62109035699996, 0.0], [-67.64815892299998, -66.62044478699994, 0.0], [-67.62368468399995, -66.61447759399994, 0.0], [-67.62718700299996, -66.61727180499997, 0.0]]], [[[-63.98640396199994, -64.90783262099995, 0.0], [-63.99643507099995, -64.90778379599993, 0.0], [-63.99576895599995, -64.90295926199997, 0.0], [-63.980853008999986, -64.90290606299993, 0.0], [-63.98640396199994, -64.90783262099995, 0.0]]], [[[-58.231613505999974, -63.36893222599997, 0.0], [-58.24027094099995, -63.37162314599993, 0.0], [-58.244528113999934, -63.36759693399995, 0.0], [-58.22891954099998, -63.36299675299995, 0.0], [-58.231613505999974, -63.36893222599997, 0.0]]], [[[-59.72708038899998, -51.306398351999974, 0.0], [-59.72202209999995, -51.30571535099995, 0.0], [-59.713598918999935, -51.30843113299994, 0.0], [-59.73309172199998, -51.314619222999966, 0.0], [-59.72708038899998, -51.306398351999974, 0.0]]], [[[-59.89872291499995, -62.42450457299998, 0.0], [-59.88333916299996, -62.428277219999984, 0.0], [-59.883108437999965, -62.430695657999934, 0.0], [-59.90237212699998, -62.42854610499995, 0.0], [-59.89872291499995, -62.42450457299998, 0.0]]], [[[-64.23917008999996, -54.696195759999966, 0.0], [-64.23669545099995, -54.70504735499998, 0.0], [-64.24868793399997, -54.703905213999974, 0.0], [-64.24768856099996, -54.69981254099997, 0.0], [-64.23917008999996, -54.696195759999966, 0.0]]], [[[-64.48881093999995, -65.19285163899997, 0.0], [-64.49736704199995, -65.19016111599996, 0.0], [-64.47815399099994, -65.19164539399998, 0.0], [-64.48881093999995, -65.19285163899997, 0.0]]], [[[-66.18663437699996, -65.77770056299994, 0.0], [-66.19125255799997, -65.77797338099998, 0.0], [-66.19629775999994, -65.77365646599998, 0.0], [-66.17754110599998, -65.77262910999997, 0.0], [-66.18663437699996, -65.77770056299994, 0.0]]], [[[-65.51520719199993, -65.41758752299995, 0.0], [-65.52164784299998, -65.41782792699996, 0.0], [-65.52863780299998, -65.41283458999993, 0.0], [-65.50947977999994, -65.41535173399996, 0.0], [-65.51520719199993, -65.41758752299995, 0.0]]], [[[-67.82389330199999, -67.22155713999996, 0.0], [-67.82807711699996, -67.21337067799993, 0.0], [-67.81943670799996, -67.21231894199997, 0.0], [-67.81769367399994, -67.21811282099998, 0.0], [-67.82389330199999, -67.22155713999996, 0.0]]], [[[-67.15644547099998, -66.46683759399997, 0.0], [-67.16422631899997, -66.46719732299994, 0.0], [-67.17554021399997, -66.47095440299995, 0.0], [-67.15026175199995, -66.46174713499994, 0.0], [-67.15644547099998, -66.46683759399997, 0.0]]], [[[-64.23576265499997, -64.65396267399996, 0.0], [-64.25172045999994, -64.65206732099995, 0.0], [-64.25552233899998, -64.64795997499994, 0.0], [-64.24775630299996, -64.64716218499996, 0.0], [-64.23576265499997, -64.65396267399996, 0.0]]], [[[-71.21608817299995, -70.84173804399995, 0.0], [-71.22602757699997, -70.84214514999996, 0.0], [-71.23296918799997, -70.84158986099999, 0.0], [-71.20845473099996, -70.83804580799995, 0.0], [-71.21608817299995, -70.84173804399995, 0.0]]], [[[-65.11602043299996, -65.91036156899997, 0.0], [-65.12167610399996, -65.90517531399996, 0.0], [-65.11345083899994, -65.89969702899998, 0.0], [-65.11270572199999, -65.90599518199997, 0.0], [-65.11602043299996, -65.91036156899997, 0.0]]], [[[-72.12844788099994, -71.08768997099997, 0.0], [-72.13854277499996, -71.08739712999994, 0.0], [-72.14723377999997, -71.08112174099995, 0.0], [-72.13907145799993, -71.08032277299998, 0.0], [-72.12844788099994, -71.08768997099997, 0.0]]], [[[-65.31771773599996, -65.94052831099998, 0.0], [-65.32682210299998, -65.94436879599994, 0.0], [-65.31878884899999, -65.93373845899998, 0.0], [-65.30216337299998, -65.93728186699997, 0.0], [-65.31771773599996, -65.94052831099998, 0.0]]], [[[-59.25691308399996, -52.20079193299995, 0.0], [-59.25915612599994, -52.207200624999984, 0.0], [-59.27094354099995, -52.203324890999966, 0.0], [-59.26744927799996, -52.20120773499997, 0.0], [-59.25691308399996, -52.20079193299995, 0.0]]], [[[-65.08104361599999, -65.74089581099997, 0.0], [-65.08499608899996, -65.74324304299995, 0.0], [-65.09344710199997, -65.73826257899998, 0.0], [-65.07453827999996, -65.74023005699996, 0.0], [-65.08104361599999, -65.74089581099997, 0.0]]], [[[-61.43538423899997, -63.96766309499998, 0.0], [-61.43869419099997, -63.95922872299997, 0.0], [-61.42527979999994, -63.962040704999936, 0.0], [-61.43297180899998, -63.96671446499994, 0.0], [-61.43538423899997, -63.96766309499998, 0.0]]], [[[-58.55495596299994, -62.167392630999984, 0.0], [-58.56176305599996, -62.16844394299994, 0.0], [-58.57006577599998, -62.166737259999934, 0.0], [-58.542051673999936, -62.16436883499995, 0.0], [-58.55495596299994, -62.167392630999984, 0.0]]], [[[-64.09938279399995, -64.76641103499998, 0.0], [-64.08608022599998, -64.76753303299995, 0.0], [-64.08559737299998, -64.77040894799995, 0.0], [-64.09959007499998, -64.77079523899994, 0.0], [-64.09938279399995, -64.76641103499998, 0.0]]], [[[-64.22229855599994, -65.23984514799997, 0.0], [-64.22496455799995, -65.24095343099998, 0.0], [-64.23183242999994, -65.24048381199998, 0.0], [-64.22470690399996, -65.23174963199995, 0.0], [-64.22229855599994, -65.23984514799997, 0.0]]], [[[-58.239109343999985, -63.378261100999964, 0.0], [-58.24633724199998, -63.37922955299996, 0.0], [-58.26290949099996, -63.376164475999985, 0.0], [-58.236227945999985, -63.37577800899999, 0.0], [-58.239109343999985, -63.378261100999964, 0.0]]], [[[-61.492495832999964, -64.51866431299999, 0.0], [-61.50015155299997, -64.51819652799998, 0.0], [-61.513920294999934, -64.51536487599998, 0.0], [-61.49368905399996, -64.51369933199999, 0.0], [-61.492495832999964, -64.51866431299999, 0.0]]], [[[-71.86953403599995, -70.18543129199998, 0.0], [-71.87694901599997, -70.18497376799996, 0.0], [-71.85948098899996, -70.18237138199999, 0.0], [-71.86345584599997, -70.18418804599997, 0.0], [-71.86953403599995, -70.18543129199998, 0.0]]], [[[-59.674697959999946, -52.265435253999954, 0.0], [-59.67759789799999, -52.26986084199996, 0.0], [-59.69421090499998, -52.26944122499998, 0.0], [-59.68758477599994, -52.26474533299995, 0.0], [-59.674697959999946, -52.265435253999954, 0.0]]], [[[-58.27607844399995, -51.53868307099998, 0.0], [-58.275792474999946, -51.54730388799993, 0.0], [-58.285424585999976, -51.54783794499997, 0.0], [-58.286099786999955, -51.540292473999955, 0.0], [-58.27607844399995, -51.53868307099998, 0.0]]], [[[-61.20247365299997, -51.79742357799995, 0.0], [-61.19056035299997, -51.80294725999994, 0.0], [-61.191285145999984, -51.80910036599994, 0.0], [-61.20250035599997, -51.80513308099995, 0.0], [-61.20247365299997, -51.79742357799995, 0.0]]], [[[-59.62817020699998, -51.88462459899995, 0.0], [-59.63627328299998, -51.88885269399998, 0.0], [-59.63710107199995, -51.87931595099997, 0.0], [-59.63269891199997, -51.87711105599993, 0.0], [-59.62817020699998, -51.88462459899995, 0.0]]], [[[-64.04436585899998, -64.92159624299995, 0.0], [-64.05167255699996, -64.92141530199996, 0.0], [-64.05417258699998, -64.92050896799998, 0.0], [-64.03774844599997, -64.91583058399993, 0.0], [-64.04436585899998, -64.92159624299995, 0.0]]], [[[-55.83159284899995, -63.00510880599995, 0.0], [-55.835128715999986, -63.00597478999998, 0.0], [-55.84944088799995, -63.00406992599994, 0.0], [-55.83205121499998, -63.001371063999954, 0.0], [-55.83159284899995, -63.00510880599995, 0.0]]], [[[-59.75790109099995, -51.39119873299995, 0.0], [-59.76385583299998, -51.39440307799998, 0.0], [-59.77683343299998, -51.39335403699994, 0.0], [-59.760632413999986, -51.38831863599995, 0.0], [-59.75790109099995, -51.39119873299995, 0.0]]], [[[-60.75222892099998, -52.19006504099997, 0.0], [-60.751990974999956, -52.19292039499993, 0.0], [-60.74313058299998, -52.197204210999985, 0.0], [-60.75437630999994, -52.20002136399995, 0.0], [-60.75222892099998, -52.19006504099997, 0.0]]], [[[-56.75426082599995, -62.06183827199993, 0.0], [-56.759078631999955, -62.05537449499997, 0.0], [-56.74529669399993, -62.05622134599997, 0.0], [-56.75079110699994, -62.060137356999974, 0.0], [-56.75426082599995, -62.06183827199993, 0.0]]], [[[-61.07803418499998, -51.795769433999965, 0.0], [-61.084629796999934, -51.80368111599995, 0.0], [-61.090634130999945, -51.799618463999934, 0.0], [-61.08808209799997, -51.79626534499994, 0.0], [-61.07803418499998, -51.795769433999965, 0.0]]], [[[-61.06130303799995, -51.80949936099995, 0.0], [-61.06903481299997, -51.80939720499998, 0.0], [-61.05356301699999, -51.79927978699993, 0.0], [-61.05655755399994, -51.80617675999997, 0.0], [-61.06130303799995, -51.80949936099995, 0.0]]], [[[-68.66435098599999, -69.09351632399995, 0.0], [-68.67158015999996, -69.09235816899997, 0.0], [-68.65237439699996, -69.08874401599996, 0.0], [-68.65593293599994, -69.09082981399996, 0.0], [-68.66435098599999, -69.09351632399995, 0.0]]], [[[-67.12832773699995, -66.30911347799997, 0.0], [-67.13350475899995, -66.31312166499998, 0.0], [-67.14362174799999, -66.30674231799998, 0.0], [-67.13228564199994, -66.30598822799993, 0.0], [-67.12832773699995, -66.30911347799997, 0.0]]], [[[-59.729435286999944, -62.414744035999945, 0.0], [-59.74265034299998, -62.41224994899994, 0.0], [-59.742985154999985, -62.410676130999946, 0.0], [-59.72451912899999, -62.412718163999955, 0.0], [-59.729435286999944, -62.414744035999945, 0.0]]], [[[-61.254962338999974, -51.736837838999975, 0.0], [-61.25503958599995, -51.743957970999986, 0.0], [-61.26520480099998, -51.73897788399995, 0.0], [-61.258639706999986, -51.73417136499995, 0.0], [-61.254962338999974, -51.736837838999975, 0.0]]], [[[-65.59616273599994, -65.59432264299994, 0.0], [-65.59637442299999, -65.58858587499998, 0.0], [-65.58201089199997, -65.58824631799996, 0.0], [-65.58497220499999, -65.59042816399995, 0.0], [-65.59616273599994, -65.59432264299994, 0.0]]], [[[-72.25817227699997, -70.48500056899996, 0.0], [-72.26500118399997, -70.48392304799995, 0.0], [-72.26892005299999, -70.48154716199997, 0.0], [-72.25161546099997, -70.48309461999997, 0.0], [-72.25817227699997, -70.48500056899996, 0.0]]], [[[-65.62119120799997, -65.41760797799998, 0.0], [-65.63283106399996, -65.41772194099997, 0.0], [-65.63820045899996, -65.41561963399994, 0.0], [-65.61893045199997, -65.41339639799997, 0.0], [-65.62119120799997, -65.41760797799998, 0.0]]], [[[-67.09525005699999, -69.00599527699995, 0.0], [-67.08657838499994, -69.00793365599998, 0.0], [-67.12398314999996, -69.00691538699994, 0.0], [-67.11178860199993, -69.00593580699996, 0.0], [-67.09525005699999, -69.00599527699995, 0.0]]], [[[-66.94336833499995, -66.53026520399999, 0.0], [-66.94821280099995, -66.53081735099994, 0.0], [-66.95239774399994, -66.52722945699998, 0.0], [-66.93522888099994, -66.52751543099998, 0.0], [-66.94336833499995, -66.53026520399999, 0.0]]], [[[-36.023314554999956, -54.88195610499997, 0.0], [-36.03351736099995, -54.883405255999946, 0.0], [-36.03513164499998, -54.87725229299997, 0.0], [-36.03044785599997, -54.874553660999936, 0.0], [-36.023314554999956, -54.88195610499997, 0.0]]], [[[-60.51169541199994, -51.482705728999974, 0.0], [-60.504479912999955, -51.48402179999994, 0.0], [-60.49704506799998, -51.487241403999974, 0.0], [-60.519643333999966, -51.48462452199993, 0.0], [-60.51169541199994, -51.482705728999974, 0.0]]], [[[-59.75693215699994, -51.837094880999985, 0.0], [-59.75945696799994, -51.840545083999984, 0.0], [-59.76787652399997, -51.84878692799998, 0.0], [-59.77652444299997, -51.85199127399994, 0.0], [-59.75693215699994, -51.837094880999985, 0.0]]], [[[-70.65222309299998, -70.19632031299994, 0.0], [-70.66551309099998, -70.19477328499994, 0.0], [-70.66602371799996, -70.19282814499996, 0.0], [-70.64968408899995, -70.19251464899997, 0.0], [-70.65222309299998, -70.19632031299994, 0.0]]], [[[-68.23040253399995, -67.59087866699997, 0.0], [-68.23569833199997, -67.59615494299999, 0.0], [-68.24626166199994, -67.59208955799994, 0.0], [-68.24066458199997, -67.59005036699995, 0.0], [-68.23040253399995, -67.59087866699997, 0.0]]], [[[-64.21544207899996, -65.12979376999994, 0.0], [-64.22391113699996, -65.13031867999996, 0.0], [-64.19877649599994, -65.12397210599994, 0.0], [-64.20347466799996, -65.12786676099995, 0.0], [-64.21544207899996, -65.12979376999994, 0.0]]], [[[-57.64129041599995, -63.73057230599994, 0.0], [-57.64526241899995, -63.725255937999975, 0.0], [-57.63385798899998, -63.72642978499994, 0.0], [-57.63738458199998, -63.72931320999999, 0.0], [-57.64129041599995, -63.73057230599994, 0.0]]], [[[-67.40097045899995, -54.90205764799998, 0.0], [-67.37469482399996, -54.90361022899998, 0.0], [-67.37387084999995, -54.90802383399995, 0.0], [-67.39173889199998, -54.907760619999976, 0.0], [-67.40097045899995, -54.90205764799998, 0.0]]], [[[-59.66305826399997, -52.03839535999998, 0.0], [-59.66808603499999, -52.036938146999944, 0.0], [-59.65098856199995, -52.027952626999934, 0.0], [-59.65929315799997, -52.03754849799998, 0.0], [-59.66305826399997, -52.03839535999998, 0.0]]], [[[-65.69960716599996, -65.73526981999998, 0.0], [-65.71085545799997, -65.73502050699994, 0.0], [-65.71942086899998, -65.73397880499994, 0.0], [-65.68947729999996, -65.72912813499994, 0.0], [-65.69960716599996, -65.73526981999998, 0.0]]], [[[-67.33748626699997, -54.90027618399995, 0.0], [-67.34304046599993, -54.89900970499997, 0.0], [-67.34916686999998, -54.892787932999966, 0.0], [-67.33582305899995, -54.89662551899994, 0.0], [-67.33748626699997, -54.90027618399995, 0.0]]], [[[-61.59986423099997, -64.32966406799994, 0.0], [-61.60398895299994, -64.32963311899994, 0.0], [-61.612328969999965, -64.32542444799998, 0.0], [-61.59661948899998, -64.32505571099995, 0.0], [-61.59986423099997, -64.32966406799994, 0.0]]], [[[-58.48336779199997, -51.45539083399996, 0.0], [-58.491344323999954, -51.45792760799998, 0.0], [-58.49648653599996, -51.45550527499995, 0.0], [-58.49174105299994, -51.44934835399994, 0.0], [-58.48336779199997, -51.45539083399996, 0.0]]], [[[-65.78309529499995, -65.93963287099996, 0.0], [-65.78738698399997, -65.94002980499994, 0.0], [-65.79277456899996, -65.93530372799995, 0.0], [-65.78013313999998, -65.93396741999999, 0.0], [-65.78309529499995, -65.93963287099996, 0.0]]], [[[-65.70012204699998, -65.88164493199997, 0.0], [-65.70497388799998, -65.88219819599993, 0.0], [-65.71035738899997, -65.88162266799998, 0.0], [-65.69442772799994, -65.87598613199998, 0.0], [-65.70012204699998, -65.88164493199997, 0.0]]], [[[-67.32699694999997, -66.43066534999997, 0.0], [-67.33309867999998, -66.43100796499994, 0.0], [-67.33433770299996, -66.42474364099996, 0.0], [-67.32462547399996, -66.42569796199996, 0.0], [-67.32699694999997, -66.43066534999997, 0.0]]], [[[-61.483807472999956, -63.999490555999955, 0.0], [-61.49092356099993, -63.99851311899994, 0.0], [-61.47847187699995, -63.99343482699999, 0.0], [-61.48024016099998, -63.99832715699995, 0.0], [-61.483807472999956, -63.999490555999955, 0.0]]], [[[-45.01787104899995, -60.73060167699998, 0.0], [-45.02495028799996, -60.730775860999984, 0.0], [-45.02573587599994, -60.72392134299997, 0.0], [-45.01908329999998, -60.72419144799994, 0.0], [-45.01787104899995, -60.73060167699998, 0.0]]], [[[-64.19684618899998, -65.22065485299998, 0.0], [-64.20551836899995, -65.22510798499997, 0.0], [-64.21240499499999, -65.22122566799999, 0.0], [-64.19587535499994, -65.21936516899996, 0.0], [-64.19684618899998, -65.22065485299998, 0.0]]], [[[-60.82406867299994, -62.472743315999935, 0.0], [-60.822134449999965, -62.47741803699995, 0.0], [-60.83596398199995, -62.46938563899994, 0.0], [-60.82856877199998, -62.469045671999936, 0.0], [-60.82406867299994, -62.472743315999935, 0.0]]], [[[-68.48441314699994, -54.860469817999956, 0.0], [-68.47971343999995, -54.860843657999965, 0.0], [-68.47495269799998, -54.865589141999976, 0.0], [-68.48640441899994, -54.86656188999996, 0.0], [-68.48441314699994, -54.860469817999956, 0.0]]], [[[-66.19996833399995, -65.88808020399995, 0.0], [-66.20571061599998, -65.88834891099998, 0.0], [-66.20841847999998, -65.88784018299998, 0.0], [-66.19747699699997, -65.88017884799996, 0.0], [-66.19996833399995, -65.88808020399995, 0.0]]], [[[-72.32092857099997, -70.57378920399998, 0.0], [-72.32983098499994, -70.57198203299998, 0.0], [-72.33282992199997, -70.57041418699998, 0.0], [-72.31721324299997, -70.56901661499995, 0.0], [-72.32092857099997, -70.57378920399998, 0.0]]], [[[-65.42961781599996, -65.41330208399995, 0.0], [-65.43111251499994, -65.41331602699995, 0.0], [-65.44312116599997, -65.41161304399998, 0.0], [-65.43235033499997, -65.40659950999998, 0.0], [-65.42961781599996, -65.41330208399995, 0.0]]], [[[-60.76869668399996, -52.189111329999946, 0.0], [-60.75916324199994, -52.19012725599998, 0.0], [-60.75847500599997, -52.19113579899994, 0.0], [-60.77692689299994, -52.19292030499997, 0.0], [-60.76869668399996, -52.189111329999946, 0.0]]], [[[-64.15655460399995, -54.851538682999944, 0.0], [-64.16303863599995, -54.855821712999955, 0.0], [-64.16190839199999, -54.851300736999974, 0.0], [-64.15060595199998, -54.84636335599998, 0.0], [-64.15655460399995, -54.851538682999944, 0.0]]], [[[-64.01757978499995, -64.53680157299993, 0.0], [-64.02177435799996, -64.53684712099994, 0.0], [-64.02938043099994, -64.53161223399997, 0.0], [-64.01797919499995, -64.53150624399996, 0.0], [-64.01757978499995, -64.53680157299993, 0.0]]], [[[-64.16575977399998, -65.06175222999997, 0.0], [-64.17136438199998, -65.05979523299999, 0.0], [-64.15778398399993, -65.05453226499998, 0.0], [-64.16062772199996, -65.05970261399995, 0.0], [-64.16575977399998, -65.06175222999997, 0.0]]], [[[-59.78603564399998, -62.39236839299997, 0.0], [-59.800960988999975, -62.39339498199996, 0.0], [-59.803067591999934, -62.39077005299998, 0.0], [-59.80054125099997, -62.387754445999974, 0.0], [-59.78603564399998, -62.39236839299997, 0.0]]], [[[-62.02459329199996, -74.49014632899997, 0.0], [-62.044587440999976, -74.48969517399996, 0.0], [-62.04673583799996, -74.48610376199997, 0.0], [-62.02036452899995, -74.48980377899994, 0.0], [-62.02459329199996, -74.49014632899997, 0.0]]], [[[-59.61998452599994, -51.34390030099996, 0.0], [-59.626820462999945, -51.34813842999995, 0.0], [-59.63350762699997, -51.344792939999934, 0.0], [-59.62578286499996, -51.33758316299998, 0.0], [-59.61998452599994, -51.34390030099996, 0.0]]], [[[-66.00350050299994, -66.39944450099995, 0.0], [-66.00604413299993, -66.39536935899997, 0.0], [-65.99366208999999, -66.39424519399995, 0.0], [-65.99273490599995, -66.39809564799998, 0.0], [-66.00350050299994, -66.39944450099995, 0.0]]], [[[-45.13446818399996, -60.781384324999976, 0.0], [-45.146808275999945, -60.780906254999934, 0.0], [-45.14822050599997, -60.77601665999998, 0.0], [-45.13515329399996, -60.77879714799997, 0.0], [-45.13446818399996, -60.781384324999976, 0.0]]], [[[-60.149842847999935, -62.43905778699997, 0.0], [-60.15479726399997, -62.43893098899997, 0.0], [-60.15955767299994, -62.43650987799998, 0.0], [-60.145431644999974, -62.434058697999944, 0.0], [-60.149842847999935, -62.43905778699997, 0.0]]], [[[-65.64947269599998, -65.78472443999993, 0.0], [-65.65497544099998, -65.78264489499998, 0.0], [-65.64034047699994, -65.77956179299997, 0.0], [-65.64133076199994, -65.78321625799998, 0.0], [-65.64947269599998, -65.78472443999993, 0.0]]], [[[-65.39160393099996, -66.02815321199995, 0.0], [-65.40037888899997, -66.02469999899995, 0.0], [-65.38176253299997, -66.02358626099993, 0.0], [-65.38557397899996, -66.02657695399995, 0.0], [-65.39160393099996, -66.02815321199995, 0.0]]], [[[-72.27562797499996, -70.59222136199998, 0.0], [-72.28125546399997, -70.59201008999997, 0.0], [-72.29533561999995, -70.58860216399995, 0.0], [-72.27637686599996, -70.58812969699994, 0.0], [-72.27562797499996, -70.59222136199998, 0.0]]], [[[-66.97099410399994, -67.72028481199999, 0.0], [-66.97768959099994, -67.72181404899999, 0.0], [-66.98201120199997, -67.71990365999994, 0.0], [-66.96259740699998, -67.71984939299995, 0.0], [-66.97099410399994, -67.72028481199999, 0.0]]], [[[-71.20428449899998, -73.02943659499994, 0.0], [-71.21439907099995, -73.02956651899996, 0.0], [-71.22162002599998, -73.02866982799998, 0.0], [-71.21499307099998, -73.02546951599999, 0.0], [-71.20428449899998, -73.02943659499994, 0.0]]], [[[-59.74770493699998, -51.394681865999985, 0.0], [-59.751243958999964, -51.39517724999996, 0.0], [-59.755341370999986, -51.40501490299994, 0.0], [-59.759053638999944, -51.39524654799993, 0.0], [-59.74770493699998, -51.394681865999985, 0.0]]], [[[-66.94940739499998, -66.36674626499996, 0.0], [-66.95908790699997, -66.36687354999998, 0.0], [-66.96689265899994, -66.36573958999998, 0.0], [-66.94688180299994, -66.36225987699999, 0.0], [-66.94940739499998, -66.36674626499996, 0.0]]], [[[-60.98516549499993, -51.862683870999945, 0.0], [-60.986756223999976, -51.858083345999944, 0.0], [-60.976002591999986, -51.852647401999945, 0.0], [-60.975735562999944, -51.85411224599994, 0.0], [-60.98516549499993, -51.862683870999945, 0.0]]], [[[-61.85506444499998, -64.48485841699994, 0.0], [-61.862012067999956, -64.48493333899995, 0.0], [-61.84891212699995, -64.47977588299995, 0.0], [-61.84968796499999, -64.48330303099993, 0.0], [-61.85506444499998, -64.48485841699994, 0.0]]], [[[-64.10810011799998, -65.01929699599998, 0.0], [-64.11382420699994, -65.02051320999993, 0.0], [-64.12111743199995, -65.01815837799995, 0.0], [-64.10297853899993, -65.01528178799998, 0.0], [-64.10810011799998, -65.01929699599998, 0.0]]], [[[-65.69926621399998, -64.95841829899996, 0.0], [-65.70834401299999, -64.95832500299997, 0.0], [-65.71929131299999, -64.95203933399995, 0.0], [-65.70612984999997, -64.95495559299997, 0.0], [-65.69926621399998, -64.95841829899996, 0.0]]], [[[-59.19394107399995, -51.58122242099995, 0.0], [-59.18475785299995, -51.58676908099994, 0.0], [-59.18295604899998, -51.590865031999954, 0.0], [-59.19350304699998, -51.58697507399995, 0.0], [-59.19394107399995, -51.58122242099995, 0.0]]], [[[-65.73092760799994, -66.10096562899997, 0.0], [-65.73970858899997, -66.10397426999998, 0.0], [-65.73721424199994, -66.09653501699995, 0.0], [-65.73092760799994, -66.10096562899997, 0.0]]], [[[-65.32529008399996, -65.41527139499993, 0.0], [-65.33748657599995, -65.41959439099998, 0.0], [-65.33909911899997, -65.41682599699993, 0.0], [-65.32668463499994, -65.41243078999997, 0.0], [-65.32529008399996, -65.41527139499993, 0.0]]], [[[-67.35068382199995, -68.10165644199998, 0.0], [-67.35962343899996, -68.10140559099995, 0.0], [-67.36701654399997, -68.09945164799996, 0.0], [-67.34905672499997, -68.09817066999994, 0.0], [-67.35068382199995, -68.10165644199998, 0.0]]], [[[-65.59612594899994, -65.60898112099994, 0.0], [-65.60699102499996, -65.60783946899994, 0.0], [-65.61024085799994, -65.60631314899996, 0.0], [-65.60353491699993, -65.60377486599998, 0.0], [-65.59612594899994, -65.60898112099994, 0.0]]], [[[-63.748983985999985, -64.29483528399999, 0.0], [-63.75837317799994, -64.29504989699996, 0.0], [-63.75965476199997, -64.29229487099997, 0.0], [-63.74878415999996, -64.29092013399998, 0.0], [-63.748983985999985, -64.29483528399999, 0.0]]], [[[-65.54528109999995, -65.46429099199997, 0.0], [-65.55217691099995, -65.46041916299998, 0.0], [-65.53807000199998, -65.45678730999998, 0.0], [-65.54350484899999, -65.46321757599998, 0.0], [-65.54528109999995, -65.46429099199997, 0.0]]], [[[-54.66911914599996, -63.43471351499994, 0.0], [-54.672794771999975, -63.43475256299996, 0.0], [-54.67640008099994, -63.43143227199994, 0.0], [-54.66561233199997, -63.429111613999964, 0.0], [-54.66911914599996, -63.43471351499994, 0.0]]], [[[-65.43687423299997, -65.60681640599995, 0.0], [-65.44439051199998, -65.60497990899995, 0.0], [-65.42934860299994, -65.60462715499995, 0.0], [-65.43687423299997, -65.60681640599995, 0.0]]], [[[-64.40684779199995, -65.71471065599997, 0.0], [-64.41601427099994, -65.71442786599994, 0.0], [-64.42554037599996, -65.70641184199997, 0.0], [-64.40946593999996, -65.71256463299994, 0.0], [-64.40684779199995, -65.71471065599997, 0.0]]], [[[-59.753773587999945, -51.37451324699998, 0.0], [-59.76183845299994, -51.378378374999954, 0.0], [-59.76736535499998, -51.37594757299996, 0.0], [-59.76106728899998, -51.372274018999974, 0.0], [-59.753773587999945, -51.37451324699998, 0.0]]], [[[-67.84911722799995, -67.23623594899993, 0.0], [-67.85184771599995, -67.23675724899994, 0.0], [-67.86043089499998, -67.23259540899994, 0.0], [-67.85004728199993, -67.23023084799996, 0.0], [-67.84911722799995, -67.23623594899993, 0.0]]], [[[-59.87479104399995, -51.37885437199998, 0.0], [-59.87341393799994, -51.38127670499995, 0.0], [-59.88952531199993, -51.380126572999984, 0.0], [-59.87455453299998, -51.37455520799995, 0.0], [-59.87479104399995, -51.37885437199998, 0.0]]], [[[-63.79784382699995, -64.92337753599998, 0.0], [-63.81085039799996, -64.92244787099997, 0.0], [-63.784736823999935, -64.91827718899998, 0.0], [-63.78946215399998, -64.92075774499995, 0.0], [-63.79784382699995, -64.92337753599998, 0.0]]], [[[-61.27036749699994, -64.05305125999996, 0.0], [-61.27395273899998, -64.05223533599997, 0.0], [-61.27974229499995, -64.04807851899994, 0.0], [-61.26914421699996, -64.04764848999997, 0.0], [-61.27036749699994, -64.05305125999996, 0.0]]], [[[-65.68094527299996, -66.07002738699998, 0.0], [-65.67955199399995, -66.07698209799997, 0.0], [-65.69075774999993, -66.07281766599993, 0.0], [-65.68316109999995, -66.06894296899998, 0.0], [-65.68094527299996, -66.07002738699998, 0.0]]], [[[-64.96784492499995, -65.45033636199997, 0.0], [-64.97579601899997, -65.45052084199995, 0.0], [-64.95786783799997, -65.44838349699995, 0.0], [-64.96239129799994, -65.44973105499997, 0.0], [-64.96784492499995, -65.45033636199997, 0.0]]], [[[-63.89601655599995, -64.96858040799998, 0.0], [-63.90182202799997, -64.96893946999995, 0.0], [-63.87082846299995, -64.96407424399996, 0.0], [-63.87219000999994, -64.96595872999995, 0.0], [-63.89601655599995, -64.96858040799998, 0.0]]], [[[-59.711827176999975, -51.43863830799995, 0.0], [-59.715363400999934, -51.43819198799997, 0.0], [-59.71837701199996, -51.43000564799996, 0.0], [-59.709370183999965, -51.429332993999935, 0.0], [-59.711827176999975, -51.43863830799995, 0.0]]], [[[-64.03244901099998, -65.04231457099996, 0.0], [-64.03714180699995, -65.04417258499996, 0.0], [-64.04641823899993, -65.04307119299995, 0.0], [-64.03990592799994, -65.03942478399995, 0.0], [-64.03244901099998, -65.04231457099996, 0.0]]], [[[-61.240485675999935, -51.66610273899994, 0.0], [-61.23562956699993, -51.667201371999965, 0.0], [-61.235692031999974, -51.67139229299994, 0.0], [-61.246730335999985, -51.66917547699995, 0.0], [-61.240485675999935, -51.66610273899994, 0.0]]], [[[-71.87545800599997, -70.13598371299997, 0.0], [-71.87902633499993, -70.13430427599997, 0.0], [-71.88368211199997, -70.12933546799997, 0.0], [-71.87320764699996, -70.13104614899999, 0.0], [-71.87545800599997, -70.13598371299997, 0.0]]], [[[-72.25814978199998, -70.49098246699998, 0.0], [-72.26250216699998, -70.49217859899994, 0.0], [-72.27177278899995, -70.48953915199996, 0.0], [-72.25551131299994, -70.48922271599997, 0.0], [-72.25814978199998, -70.49098246699998, 0.0]]], [[[-65.70276484799996, -65.76195137499997, 0.0], [-65.70551470599997, -65.75649369799999, 0.0], [-65.69392275299998, -65.75580891899995, 0.0], [-65.70276484799996, -65.76195137499997, 0.0]]], [[[-63.840653875999976, -64.89906088499998, 0.0], [-63.847322566999935, -64.89924113099994, 0.0], [-63.85865624199994, -64.89733592599998, 0.0], [-63.836499146999984, -64.89765607899994, 0.0], [-63.840653875999976, -64.89906088499998, 0.0]]], [[[-64.30108435999995, -65.24481824699996, 0.0], [-64.30804404399998, -65.24363507899994, 0.0], [-64.31927932699995, -65.23920877299997, 0.0], [-64.29958123099993, -65.24213000099996, 0.0], [-64.30108435999995, -65.24481824699996, 0.0]]], [[[-73.72285970999997, -73.38044705999994, 0.0], [-73.72800524499996, -73.38230714299993, 0.0], [-73.72965610499995, -73.37786516599994, 0.0], [-73.72294347399998, -73.37466006499994, 0.0], [-73.72285970999997, -73.38044705999994, 0.0]]], [[[-59.851158994999935, -51.33624420399997, 0.0], [-59.84565438599998, -51.336736299999984, 0.0], [-59.86035888299995, -51.341471396999964, 0.0], [-59.85555352599994, -51.33619842699994, 0.0], [-59.851158994999935, -51.33624420399997, 0.0]]], [[[-72.20098851799997, -69.70220152699994, 0.0], [-72.20451574799995, -69.70300083799998, 0.0], [-72.21780977599997, -69.69947589899994, 0.0], [-72.20498391499996, -69.69806193199997, 0.0], [-72.20098851799997, -69.70220152699994, 0.0]]], [[[-58.53678796999998, -51.90013165899995, 0.0], [-58.549036962999935, -51.899750187999985, 0.0], [-58.554202062999934, -51.897278265999944, 0.0], [-58.54485986999998, -51.89596600899995, 0.0], [-58.53678796999998, -51.90013165899995, 0.0]]], [[[-65.36198096399994, -65.35772542799998, 0.0], [-65.37279287499996, -65.35837836699994, 0.0], [-65.35637777499994, -65.35454242499998, 0.0], [-65.36198096399994, -65.35772542799998, 0.0]]], [[[-59.87130471599994, -52.13075832399994, 0.0], [-59.86764535599997, -52.135523854999974, 0.0], [-59.87831623899996, -52.13049683199995, 0.0], [-59.87563934499997, -52.128712235999956, 0.0], [-59.87130471599994, -52.13075832399994, 0.0]]], [[[-59.00097932199998, -52.081075288999955, 0.0], [-59.005169766999984, -52.08750305399997, 0.0], [-59.010655301999975, -52.08166275199994, 0.0], [-59.00568856599995, -52.080335236999986, 0.0], [-59.00097932199998, -52.081075288999955, 0.0]]], [[[-63.39551001999996, -65.05473638099994, 0.0], [-63.402291195999965, -65.05091003999996, 0.0], [-63.38461385699998, -65.05180503599996, 0.0], [-63.39551001999996, -65.05473638099994, 0.0]]], [[[-58.77750453799996, -51.94685216099998, 0.0], [-58.76690759099995, -51.945298768999976, 0.0], [-58.75686349299997, -51.94641647599997, 0.0], [-58.783104794999986, -51.947465516999955, 0.0], [-58.77750453799996, -51.94685216099998, 0.0]]], [[[-64.46027298699994, -65.20846876199994, 0.0], [-64.46885928799998, -65.20877743799997, 0.0], [-64.47044167999996, -65.20608084699995, 0.0], [-64.45740032499998, -65.20547409899996, 0.0], [-64.46027298699994, -65.20846876199994, 0.0]]], [[[-61.12387490699996, -62.56889461499998, 0.0], [-61.12781667899998, -62.56886535199993, 0.0], [-61.13280975599997, -62.56579934599995, 0.0], [-61.12067679799998, -62.564591116999964, 0.0], [-61.12387490699996, -62.56889461499998, 0.0]]], [[[-62.994342064999955, -64.32095105299999, 0.0], [-62.99967510499994, -64.32435979899998, 0.0], [-63.00985385699994, -64.32277945399994, 0.0], [-62.99358041199997, -64.31729456599999, 0.0], [-62.994342064999955, -64.32095105299999, 0.0]]], [[[-62.837597019999976, -64.44575583599993, 0.0], [-62.84512694599994, -64.44675234999994, 0.0], [-62.84616018999998, -64.44532527899997, 0.0], [-62.829853595999964, -64.44298771299998, 0.0], [-62.837597019999976, -64.44575583599993, 0.0]]], [[[-67.17229809799994, -66.32038136799997, 0.0], [-67.17485618799998, -66.32330330299993, 0.0], [-67.18885335399995, -66.31847966099997, 0.0], [-67.17945414699994, -66.31813734799994, 0.0], [-67.17229809799994, -66.32038136799997, 0.0]]], [[[-65.61279555599998, -65.68053920099999, 0.0], [-65.62398285499995, -65.68127866899994, 0.0], [-65.62902441099993, -65.67738839799995, 0.0], [-65.62245505699997, -65.67698460199995, 0.0], [-65.61279555599998, -65.68053920099999, 0.0]]], [[[-65.45638728399996, -65.41366686599997, 0.0], [-65.45973091999997, -65.41337234499997, 0.0], [-65.46428017999995, -65.41113686299997, 0.0], [-65.45232548399997, -65.40853601299995, 0.0], [-65.45638728399996, -65.41366686599997, 0.0]]], [[[-60.47904087899997, -52.17942026199995, 0.0], [-60.47562290999997, -52.18161752799995, 0.0], [-60.475317734999976, -52.185584812999934, 0.0], [-60.48453404299994, -52.18338754699994, 0.0], [-60.47904087899997, -52.17942026199995, 0.0]]], [[[-57.89374886999997, -63.30094007399998, 0.0], [-57.876549746999956, -63.305131174999985, 0.0], [-57.900190807999934, -63.29998922799996, 0.0], [-57.89374886999997, -63.30094007399998, 0.0]]], [[[-58.93911065499998, -51.85225448799997, 0.0], [-58.93311776499996, -51.85317001599998, 0.0], [-58.92820443499994, -51.859159089999935, 0.0], [-58.942208188999984, -51.85511360399994, 0.0], [-58.93911065499998, -51.85225448799997, 0.0]]], [[[-64.37851887999994, -64.77363426799997, 0.0], [-64.37837411099997, -64.77364302499996, 0.0], [-64.37081016699995, -64.77031449699996, 0.0], [-64.37691098699997, -64.77627594099994, 0.0], [-64.38508569099997, -64.77276484899994, 0.0], [-64.37851887999994, -64.77363426799997, 0.0]]], [[[-64.36527804199994, -64.77958545899997, 0.0], [-64.37300661899997, -64.77847902499997, 0.0], [-64.35911743999998, -64.77460867899998, 0.0], [-64.36175456099994, -64.77787565299997, 0.0], [-64.36527804199994, -64.77958545899997, 0.0]]], [[[-63.69998951599996, -64.34475642999996, 0.0], [-63.711075421999965, -64.34533840099994, 0.0], [-63.71374470899997, -64.34338790799995, 0.0], [-63.70566720499994, -64.34130790099994, 0.0], [-63.69998951599996, -64.34475642999996, 0.0]]], [[[-67.10296587399995, -66.29448113299998, 0.0], [-67.10990287499993, -66.29488033299998, 0.0], [-67.09812986899993, -66.28704106799995, 0.0], [-67.09755568799994, -66.29244592099997, 0.0], [-67.10296587399995, -66.29448113299998, 0.0]]], [[[-60.195173814999976, -62.47520645999998, 0.0], [-60.19957366899996, -62.475391196999965, 0.0], [-60.204523123999934, -62.470685500999934, 0.0], [-60.19806060499997, -62.469084678999934, 0.0], [-60.195173814999976, -62.47520645999998, 0.0]]], [[[-58.52788446699998, -51.89785809899996, 0.0], [-58.519629736999946, -51.89788692299993, 0.0], [-58.516714896999986, -51.89889819399997, 0.0], [-58.534369451999964, -51.89966244999994, 0.0], [-58.52788446699998, -51.89785809899996, 0.0]]], [[[-65.35117618599998, -65.36733960599997, 0.0], [-65.36581800199997, -65.37013295399998, 0.0], [-65.34703643299997, -65.36592292599994, 0.0], [-65.35117618599998, -65.36733960599997, 0.0]]], [[[-58.49140120399994, -51.97966167599998, 0.0], [-58.48519469099995, -51.98083278799999, 0.0], [-58.482261188999985, -51.982202263999966, 0.0], [-58.50031996599995, -51.981809349999935, 0.0], [-58.49140120399994, -51.97966167599998, 0.0]]], [[[-42.028229402999955, -53.55163612299998, 0.0], [-42.03580804099994, -53.55491337199993, 0.0], [-42.03789045999997, -53.54905870299996, 0.0], [-42.030482511999935, -53.54682266399993, 0.0], [-42.028229402999955, -53.55163612299998, 0.0]]], [[[-71.82131557099996, -73.16045687499997, 0.0], [-71.82948220699996, -73.16073220399994, 0.0], [-71.83848301799998, -73.15847917799994, 0.0], [-71.83088312299998, -73.15597281699996, 0.0], [-71.82131557099996, -73.16045687499997, 0.0]]], [[[-58.93301095299995, -51.86474952899994, 0.0], [-58.92712869099995, -51.866574861999936, 0.0], [-58.91884316799997, -51.87205276699996, 0.0], [-58.94453515399994, -51.86030349899994, 0.0], [-58.93301095299995, -51.86474952899994, 0.0]]], [[[-59.89531123399996, -51.36598120999997, 0.0], [-59.90591970099996, -51.36933820799993, 0.0], [-59.90892564999996, -51.36856384399994, 0.0], [-59.89809979499995, -51.362315302999946, 0.0], [-59.89531123399996, -51.36598120999997, 0.0]]], [[[-58.90660180499998, -51.87001571899998, 0.0], [-58.89978494099995, -51.87364349599994, 0.0], [-58.918309110999985, -51.86769638299995, 0.0], [-58.910351651999974, -51.86776504699998, 0.0], [-58.90660180499998, -51.87001571899998, 0.0]]], [[[-71.23861940199998, -70.25001006299993, 0.0], [-71.24458034899999, -70.25209687999995, 0.0], [-71.24948307099999, -70.24631850899993, 0.0], [-71.23647562299993, -70.24759422399995, 0.0], [-71.23861940199998, -70.25001006299993, 0.0]]], [[[-65.68788603799999, -65.95326338499996, 0.0], [-65.69766531299996, -65.95961036299997, 0.0], [-65.69681039199997, -65.95341968799994, 0.0], [-65.68788603799999, -65.95326338499996, 0.0]]], [[[-67.71849767799995, -66.88066766599997, 0.0], [-67.72366760799997, -66.87765732799994, 0.0], [-67.71061253399995, -66.87274112699998, 0.0], [-67.71676826599997, -66.87925620699997, 0.0], [-67.71849767799995, -66.88066766599997, 0.0]]], [[[-60.20724572599994, -51.401467897999964, 0.0], [-60.20006265099994, -51.40187988499997, 0.0], [-60.19976128999997, -51.40293274099997, 0.0], [-60.211519055999986, -51.407668151999985, 0.0], [-60.20724572599994, -51.401467897999964, 0.0]]], [[[-67.07721467399995, -67.83670141799996, 0.0], [-67.08384294899997, -67.83901319599994, 0.0], [-67.06761803199998, -67.82890017099999, 0.0], [-67.06909100699994, -67.83263840999996, 0.0], [-67.07721467399995, -67.83670141799996, 0.0]]], [[[-59.58711428099997, -52.22880767399994, 0.0], [-59.59145440499998, -52.23203811899998, 0.0], [-59.59833611899995, -52.22802505699997, 0.0], [-59.58976067899994, -52.22536621299997, 0.0], [-59.58711428099997, -52.22880767399994, 0.0]]], [[[-59.07121743599998, -51.482724763999954, 0.0], [-59.059170621999954, -51.48536071999996, 0.0], [-59.092919248999976, -51.488561250999965, 0.0], [-59.07653130899996, -51.48287353699993, 0.0], [-59.07121743599998, -51.482724763999954, 0.0]]], [[[-64.40014921199997, -64.78949967999995, 0.0], [-64.40369248299999, -64.78996695599994, 0.0], [-64.41562007599998, -64.78776821099996, 0.0], [-64.39146364999993, -64.78647461799994, 0.0], [-64.40014921199997, -64.78949967999995, 0.0]]], [[[-72.26540312899994, -70.50171902999995, 0.0], [-72.27189641399997, -70.50084927799998, 0.0], [-72.27791357199999, -70.49874642999998, 0.0], [-72.26516884099993, -70.49740804799995, 0.0], [-72.26540312899994, -70.50171902999995, 0.0]]], [[[-64.43497467399993, -64.78705100599996, 0.0], [-64.43971570699995, -64.78793443599994, 0.0], [-64.44101374999997, -64.78263052799997, 0.0], [-64.42934456199998, -64.78416750199995, 0.0], [-64.43497467399993, -64.78705100599996, 0.0]]], [[[-66.07704421899996, -65.63538100999995, 0.0], [-66.08859868999997, -65.63561593999998, 0.0], [-66.06973662699994, -65.63337741699996, 0.0], [-66.07704421899996, -65.63538100999995, 0.0]]], [[[-61.089497464999965, -52.003491975999964, 0.0], [-61.09656609899997, -52.00805435399997, 0.0], [-61.10450795699995, -52.00426386299995, 0.0], [-61.098321357999964, -52.00307413199994, 0.0], [-61.089497464999965, -52.003491975999964, 0.0]]], [[[-65.19019927299996, -65.74357730799994, 0.0], [-65.19249562799996, -65.74565395999997, 0.0], [-65.19760415199994, -65.74086884299999, 0.0], [-65.19135652399996, -65.73642924399996, 0.0], [-65.19019927299996, -65.74357730799994, 0.0]]], [[[-61.584434596999984, -62.79041051299998, 0.0], [-61.59295153599999, -62.79050884199995, 0.0], [-61.60008912899997, -62.78964984299995, 0.0], [-61.58941521899993, -62.78610838999998, 0.0], [-61.584434596999984, -62.79041051299998, 0.0]]], [[[-68.69117125099996, -69.34736479399999, 0.0], [-68.69602108099997, -69.34452978699994, 0.0], [-68.68346352099996, -69.34501417499996, 0.0], [-68.68401716999995, -69.34573235099998, 0.0], [-68.69117125099996, -69.34736479399999, 0.0]]], [[[-63.830401431999974, -64.92719318499996, 0.0], [-63.839175103999935, -64.92801256499996, 0.0], [-63.83471165799995, -64.92148098899997, 0.0], [-63.830401431999974, -64.92719318499996, 0.0]]], [[[-65.56607057699995, -65.65378130399995, 0.0], [-65.57438690499998, -65.65297675599999, 0.0], [-65.57597060899997, -65.65138090999994, 0.0], [-65.56113319099995, -65.64980174399994, 0.0], [-65.56607057699995, -65.65378130399995, 0.0]]], [[[-66.40338365999997, -66.40540233699994, 0.0], [-66.41161010199994, -66.40679370299995, 0.0], [-66.41636530399995, -66.40605834299998, 0.0], [-66.40110561099993, -66.40279031299997, 0.0], [-66.40338365999997, -66.40540233699994, 0.0]]], [[[-63.46673131599994, -64.24210787199996, 0.0], [-63.47103522699996, -64.24304480099994, 0.0], [-63.48398895499997, -64.24041706799994, 0.0], [-63.47265132499996, -64.23920692999997, 0.0], [-63.46673131599994, -64.24210787199996, 0.0]]], [[[-59.79543119099998, -62.407287983999936, 0.0], [-59.81417661599994, -62.407348259999935, 0.0], [-59.81706413699993, -62.40601339099999, 0.0], [-59.81100381199997, -62.40466083999996, 0.0], [-59.79543119099998, -62.407287983999936, 0.0]]], [[[-58.66506612699993, -51.952102639999964, 0.0], [-58.663421992999986, -51.952907540999945, 0.0], [-58.652576807999935, -51.954334237999944, 0.0], [-58.66102254799995, -51.955291726999974, 0.0], [-58.671257380999975, -51.95182035199997, 0.0], [-58.66506612699993, -51.952102639999964, 0.0]]], [[[-62.88299608799997, -64.51803651299997, 0.0], [-62.89106809899994, -64.51848065999997, 0.0], [-62.891440157999966, -64.51534947499994, 0.0], [-62.87815489099995, -64.51568355799998, 0.0], [-62.88299608799997, -64.51803651299997, 0.0]]], [[[-65.62499639599997, -65.41247227099996, 0.0], [-65.63361000299994, -65.41280685299995, 0.0], [-65.63572528999998, -65.41075033399994, 0.0], [-65.61998806499997, -65.41131862499998, 0.0], [-65.62499639599997, -65.41247227099996, 0.0]]], [[[-65.62426614099996, -65.54411632399996, 0.0], [-65.63587840999998, -65.54446101599996, 0.0], [-65.61527356599998, -65.53906329699998, 0.0], [-65.62426614099996, -65.54411632399996, 0.0]]], [[[-61.827792716999966, -64.47767023899996, 0.0], [-61.82946286699996, -64.47201183799996, 0.0], [-61.82018206999999, -64.47406625099995, 0.0], [-61.82365826399996, -64.47620178899996, 0.0], [-61.827792716999966, -64.47767023899996, 0.0]]], [[[-64.45915925699995, -64.78265254999997, 0.0], [-64.46475104199993, -64.78329400599995, 0.0], [-64.46669116599998, -64.77901787899998, 0.0], [-64.45496073199996, -64.78078875899996, 0.0], [-64.45915925699995, -64.78265254999997, 0.0]]], [[[-65.84880452399995, -66.06505277699995, 0.0], [-65.85548071499994, -66.06668113599994, 0.0], [-65.84258940999996, -66.05900884999994, 0.0], [-65.84228069399995, -66.06223328099998, 0.0], [-65.84880452399995, -66.06505277699995, 0.0]]], [[[-59.00271310199997, -52.44038925399997, 0.0], [-58.99677743299998, -52.44191131799994, 0.0], [-58.99647607199995, -52.44247589299994, 0.0], [-59.00464009499996, -52.44615623399994, 0.0], [-59.00271310199997, -52.44038925399997, 0.0]]], [[[-65.33286456399998, -65.37932461499997, 0.0], [-65.33774956899998, -65.37946822499998, 0.0], [-65.32135493099997, -65.37644537799997, 0.0], [-65.32449092299998, -65.37780507599996, 0.0], [-65.33286456399998, -65.37932461499997, 0.0]]], [[[-71.63761674699998, -70.12847681799997, 0.0], [-71.64393308199993, -70.12745203499998, 0.0], [-71.65004926799998, -70.12431294399994, 0.0], [-71.64371879899994, -70.12349202399997, 0.0], [-71.63761674699998, -70.12847681799997, 0.0]]], [[[-64.17118892899998, -65.60616769299997, 0.0], [-64.15558633899997, -65.60982196099997, 0.0], [-64.15215695399996, -65.61185370499999, 0.0], [-64.17016229999996, -65.60936612799998, 0.0], [-64.17118892899998, -65.60616769299997, 0.0]]], [[[-67.77944756999995, -68.64037438099996, 0.0], [-67.78904137099994, -68.64133919199998, 0.0], [-67.78955474499998, -68.63625662099997, 0.0], [-67.78772944199994, -68.63487014999998, 0.0], [-67.77944756999995, -68.64037438099996, 0.0]]], [[[-65.60629893999999, -65.38791031599993, 0.0], [-65.61504429499996, -65.38846669799995, 0.0], [-65.61490928599994, -65.38599861999995, 0.0], [-65.61179254299998, -65.38258076299996, 0.0], [-65.60629893999999, -65.38791031599993, 0.0]]], [[[-65.03180731299994, -65.26041606699994, 0.0], [-65.03466375699998, -65.26074917799997, 0.0], [-65.04094456799999, -65.25511017599996, 0.0], [-65.02662757099995, -65.25818019199994, 0.0], [-65.03180731299994, -65.26041606699994, 0.0]]], [[[-58.80469655099995, -52.19731364699993, 0.0], [-58.80740498599994, -52.19390330699997, 0.0], [-58.80334233299993, -52.19005809299995, 0.0], [-58.798825731999955, -52.193960527999934, 0.0], [-58.80469655099995, -52.19731364699993, 0.0]]], [[[-57.75726987799993, -51.62101071699993, 0.0], [-57.744162578999976, -51.622750218999954, 0.0], [-57.74363996499994, -51.62518780999994, 0.0], [-57.76054670299993, -51.62286465999995, 0.0], [-57.75726987799993, -51.62101071699993, 0.0]]], [[[-61.20301163899995, -51.87137303399993, 0.0], [-61.20937073999994, -51.87411580099996, 0.0], [-61.21618760399997, -51.87227711699995, 0.0], [-61.215003139999965, -51.869200562999936, 0.0], [-61.20301163899995, -51.87137303399993, 0.0]]], [[[-58.604284517999986, -51.971634721999976, 0.0], [-58.59531234999997, -51.972103929999946, 0.0], [-58.59445022799997, -51.97364506699995, 0.0], [-58.60854553499996, -51.97295460699996, 0.0], [-58.604284517999986, -51.971634721999976, 0.0]]], [[[-59.552864530999955, -51.670334726999954, 0.0], [-59.557098844999985, -51.67133799199996, 0.0], [-59.53810928199994, -51.658848672999966, 0.0], [-59.54360626099998, -51.66441050199995, 0.0], [-59.552864530999955, -51.670334726999954, 0.0]]], [[[-60.82269198999995, -64.02232434699994, 0.0], [-60.828734252999936, -64.02239681799995, 0.0], [-60.83071782099995, -64.01971695499998, 0.0], [-60.816404750999936, -64.02076669399997, 0.0], [-60.82269198999995, -64.02232434699994, 0.0]]], [[[-60.300532836999935, -51.65056333999996, 0.0], [-60.30414726299995, -51.65125379999995, 0.0], [-60.30788566599995, -51.648253540999974, 0.0], [-60.30196525599996, -51.64527044699997, 0.0], [-60.300532836999935, -51.65056333999996, 0.0]]], [[[-55.38209577699996, -60.98677526199998, 0.0], [-55.391137501999935, -60.988126196999985, 0.0], [-55.39250888699996, -60.98709395599997, 0.0], [-55.390770403999966, -60.98350497599995, 0.0], [-55.38209577699996, -60.98677526199998, 0.0]]], [[[-56.36270997199995, -62.97153370299998, 0.0], [-56.36678428899995, -62.97164986499996, 0.0], [-56.37942007999993, -62.97050269799996, 0.0], [-56.36790726899994, -62.96760324799993, 0.0], [-56.36270997199995, -62.97153370299998, 0.0]]], [[[-58.075582735999944, -51.54307100799997, 0.0], [-58.08710121399997, -51.54161188699993, 0.0], [-58.09245895599997, -51.53847048299997, 0.0], [-58.08646225199993, -51.537303185999974, 0.0], [-58.075582735999944, -51.54307100799997, 0.0]]], [[[-46.09204848099995, -60.59289730399996, 0.0], [-46.09861988599994, -60.59203803999998, 0.0], [-46.09206918799998, -60.58476091099993, 0.0], [-46.09003125199996, -60.59107268599996, 0.0], [-46.09204848099995, -60.59289730399996, 0.0]]], [[[-63.68990834099998, -64.41623138999995, 0.0], [-63.696416272999954, -64.41670745399995, 0.0], [-63.70659517699994, -64.41376145599997, 0.0], [-63.69283402199994, -64.41348431499995, 0.0], [-63.68990834099998, -64.41623138999995, 0.0]]], [[[-59.77591181099996, -51.439659854999945, 0.0], [-59.77585496299997, -51.44685516599998, 0.0], [-59.77814950399994, -51.44761333699995, 0.0], [-59.782914060999985, -51.43827972599996, 0.0], [-59.77591181099996, -51.439659854999945, 0.0]]], [[[-66.40925785199994, -66.37406984899997, 0.0], [-66.41548347599996, -66.37172224199998, 0.0], [-66.41820274699995, -66.36835663499994, 0.0], [-66.40821460699993, -66.36883606699996, 0.0], [-66.40925785199994, -66.37406984899997, 0.0]]], [[[-63.110632591999945, -64.45694091199994, 0.0], [-63.10924145599995, -64.45253246099998, 0.0], [-63.09834830199998, -64.45331906099995, 0.0], [-63.10665560799998, -64.45610840099994, 0.0], [-63.110632591999945, -64.45694091199994, 0.0]]], [[[-61.212790860999974, -51.84078142699997, 0.0], [-61.219008816999974, -51.83871004599996, 0.0], [-61.219952286999956, -51.83551847299998, 0.0], [-61.21002138999995, -51.83904192499995, 0.0], [-61.212790860999974, -51.84078142699997, 0.0]]], [[[-63.887836119999974, -64.97465853899996, 0.0], [-63.89693143699998, -64.97540217699998, 0.0], [-63.876263172999984, -64.96954848699994, 0.0], [-63.88158052099993, -64.97328163699996, 0.0], [-63.887836119999974, -64.97465853899996, 0.0]]], [[[-63.76837043399996, -64.96321950799995, 0.0], [-63.776892944999986, -64.96318589799995, 0.0], [-63.78233960299997, -64.96228773799999, 0.0], [-63.777660440999966, -64.95946876399995, 0.0], [-63.76837043399996, -64.96321950799995, 0.0]]], [[[-59.65681542799996, -51.90609512499998, 0.0], [-59.65208378999995, -51.907229478999966, 0.0], [-59.64904870399994, -51.908864595999944, 0.0], [-59.66279305799998, -51.910483933999956, 0.0], [-59.65681542799996, -51.90609512499998, 0.0]]], [[[-71.88621845899996, -70.17599883499997, 0.0], [-71.89539411499999, -70.17606619099996, 0.0], [-71.90308203699993, -70.17509072799999, 0.0], [-71.89019659899998, -70.17318631199998, 0.0], [-71.88621845899996, -70.17599883499997, 0.0]]], [[[-68.23854064899996, -54.861808776999965, 0.0], [-68.24250793499994, -54.85825729399994, 0.0], [-68.23170471199995, -54.85956573499993, 0.0], [-68.23341369599996, -54.86157989499998, 0.0], [-68.23854064899996, -54.861808776999965, 0.0]]], [[[-58.246568571999944, -51.85446546299994, 0.0], [-58.249067165999975, -51.85934282599993, 0.0], [-58.26099139899998, -51.85589260799998, 0.0], [-58.25489684599995, -51.85422698499997, 0.0], [-58.246568571999944, -51.85446546299994, 0.0]]], [[[-65.64105632599995, -65.93117760099994, 0.0], [-65.65239801199994, -65.93243142599994, 0.0], [-65.63644911899996, -65.92791325299999, 0.0], [-65.64105632599995, -65.93117760099994, 0.0]]], [[[-58.952343621999944, -51.83620894099994, 0.0], [-58.95082155799997, -51.839722276999964, 0.0], [-58.960705437999934, -51.83635771399997, 0.0], [-58.94873110399993, -51.834805132999975, 0.0], [-58.952343621999944, -51.83620894099994, 0.0]]], [[[-61.14312768999997, -51.81032106899994, 0.0], [-61.13983942099998, -51.81248400299995, 0.0], [-61.13986612399998, -51.816966271999945, 0.0], [-61.14827753099996, -51.812167382999974, 0.0], [-61.14312768999997, -51.81032106899994, 0.0]]], [[[-65.96353569699994, -66.04646238799995, 0.0], [-65.96208557399996, -66.04160791799995, 0.0], [-65.95280120499996, -66.04197437299996, 0.0], [-65.96353569699994, -66.04646238799995, 0.0]]], [[[-58.30640786999999, -51.42111115299997, 0.0], [-58.30931848399996, -51.42834381899996, 0.0], [-58.31475442799996, -51.42451767799997, 0.0], [-58.31117624199993, -51.421179817999985, 0.0], [-58.30640786999999, -51.42111115299997, 0.0]]], [[[-58.91587234899998, -52.123181330999955, 0.0], [-58.91986252299995, -52.12589739499998, 0.0], [-58.92404152399996, -52.120533930999954, 0.0], [-58.921231998999986, -52.11897753399995, 0.0], [-58.91587234899998, -52.123181330999955, 0.0]]], [[[-65.13436670299996, -65.24154451899994, 0.0], [-65.14979827699995, -65.24249280699996, 0.0], [-65.15321774199998, -65.23908023599995, 0.0], [-65.13674700299998, -65.24086671099997, 0.0], [-65.13436670299996, -65.24154451899994, 0.0]]], [[[-63.86684355899996, -64.93688436899998, 0.0], [-63.87024945699994, -64.93764732599993, 0.0], [-63.88662951799995, -64.93620131999995, 0.0], [-63.86223691899994, -64.93488103799996, 0.0], [-63.86684355899996, -64.93688436899998, 0.0]]], [[[-62.97060632999995, -64.50433508199995, 0.0], [-62.97287887899995, -64.50251085899998, 0.0], [-62.97195461399997, -64.49743131599996, 0.0], [-62.964179516999934, -64.50162311999998, 0.0], [-62.97060632999995, -64.50433508199995, 0.0]]], [[[-59.05928766899996, -51.687296479999986, 0.0], [-59.064796014999956, -51.68611777999996, 0.0], [-59.07022822099998, -51.68008288699997, 0.0], [-59.06731379299998, -51.67934283599993, 0.0], [-59.05928766899996, -51.687296479999986, 0.0]]], [[[-58.85124635599993, -52.14270625499995, 0.0], [-58.86013460099997, -52.14370952099995, 0.0], [-58.86232042299997, -52.142225603999975, 0.0], [-58.85920762999996, -52.139059404999955, 0.0], [-58.85124635599993, -52.14270625499995, 0.0]]], [[[-66.21948137099997, -65.89860921699994, 0.0], [-66.22292811399996, -65.89449035999996, 0.0], [-66.21205152299996, -65.89489268499995, 0.0], [-66.21539559099995, -65.89698639699998, 0.0], [-66.21948137099997, -65.89860921699994, 0.0]]], [[[-67.68801308099995, -67.55703304199994, 0.0], [-67.69120214099996, -67.55229958099994, 0.0], [-67.68330336899999, -67.55226069499997, 0.0], [-67.68341118399997, -67.55497121199994, 0.0], [-67.68801308099995, -67.55703304199994, 0.0]]], [[[-70.74642190899993, -70.14721780599996, 0.0], [-70.75200683599996, -70.14926593699994, 0.0], [-70.75630324799994, -70.14600557299997, 0.0], [-70.74208364499998, -70.14414429199996, 0.0], [-70.74642190899993, -70.14721780599996, 0.0]]], [[[-61.15541161899995, -51.86831054899994, 0.0], [-61.16138924999996, -51.86825714299994, 0.0], [-61.16686333999996, -51.86358795399997, 0.0], [-61.162064450999935, -51.863076783999986, 0.0], [-61.15541161899995, -51.86831054899994, 0.0]]], [[[-64.96219626599998, -65.44151620199995, 0.0], [-64.97007874299999, -65.44224958699994, 0.0], [-64.96281803799997, -65.43617022099994, 0.0], [-64.96219626599998, -65.44151620199995, 0.0]]], [[[-58.279303063999976, -63.37329118499997, 0.0], [-58.28336045699996, -63.370370924999975, 0.0], [-58.27411071999995, -63.36846982499998, 0.0], [-58.27285940999997, -63.37117419799995, 0.0], [-58.279303063999976, -63.37329118499997, 0.0]]], [[[-65.59606373299994, -65.78333785799998, 0.0], [-65.60564118199994, -65.78300407599994, 0.0], [-65.60999610899995, -65.78194707299997, 0.0], [-65.59179006199997, -65.78006237599993, 0.0], [-65.59606373299994, -65.78333785799998, 0.0]]], [[[-62.62576817899998, -64.13218207099999, 0.0], [-62.63025941199999, -64.13375729999996, 0.0], [-62.632589965999955, -64.12921090399993, 0.0], [-62.621041670999944, -64.12897417899995, 0.0], [-62.62576817899998, -64.13218207099999, 0.0]]], [[[-63.65950575499994, -64.31386327899997, 0.0], [-63.664860559999966, -64.31073674699996, 0.0], [-63.65614230699998, -64.30818685299994, 0.0], [-63.65597404599998, -64.31130506099998, 0.0], [-63.65950575499994, -64.31386327899997, 0.0]]], [[[-66.78726982199998, -66.87248410299998, 0.0], [-66.78851890399994, -66.87305021599997, 0.0], [-66.79822428199998, -66.86667105099997, 0.0], [-66.78664348699994, -66.86877591099994, 0.0], [-66.78726982199998, -66.87248410299998, 0.0]]], [[[-64.26282102799996, -64.58383495999993, 0.0], [-64.26391005299996, -64.58523873099995, 0.0], [-64.26905442499998, -64.58018036099998, 0.0], [-64.26202084199997, -64.57686884299994, 0.0], [-64.26282102799996, -64.58383495999993, 0.0]]], [[[-59.81914986999993, -51.392572023999946, 0.0], [-59.812622922999935, -51.39350662399994, 0.0], [-59.83387841599995, -51.39479980699997, 0.0], [-59.820164578999936, -51.39335403699994, 0.0], [-59.81914986999993, -51.392572023999946, 0.0]]], [[[-68.83447978599997, -68.08175242599998, 0.0], [-68.83856351599997, -68.08685464699994, 0.0], [-68.84415153899994, -68.08359918899998, 0.0], [-68.83479438199998, -68.08055484799996, 0.0], [-68.83447978599997, -68.08175242599998, 0.0]]], [[[-64.38478905899996, -54.84905488099997, 0.0], [-64.38507459399995, -54.853147553999975, 0.0], [-64.39187985199999, -54.85248130499997, 0.0], [-64.39035699699997, -54.84624711699996, 0.0], [-64.38478905899996, -54.84905488099997, 0.0]]], [[[-58.596066373999975, -52.034528352999985, 0.0], [-58.60211266899995, -52.03958664199996, 0.0], [-58.60952843999996, -52.03590164399998, 0.0], [-58.59791268699996, -52.03385124399995, 0.0], [-58.596066373999975, -52.034528352999985, 0.0]]], [[[-68.86848120299999, -68.07981136199999, 0.0], [-68.87319908899997, -68.08397913999994, 0.0], [-68.87518436999994, -68.07916127599998, 0.0], [-68.86970774499997, -68.07641892899994, 0.0], [-68.86848120299999, -68.07981136199999, 0.0]]], [[[-66.24870696199997, -65.89255768199996, 0.0], [-66.25638173099998, -65.89139011499998, 0.0], [-66.25752499999999, -65.89003683699997, 0.0], [-66.24825083599995, -65.88928355499996, 0.0], [-66.24870696199997, -65.89255768199996, 0.0]]], [[[-65.35755593599998, -66.01097271499998, 0.0], [-65.36194491499998, -66.00987113999997, 0.0], [-65.36578100899999, -66.00601772299996, 0.0], [-65.35210911299998, -66.00937436799995, 0.0], [-65.35755593599998, -66.01097271499998, 0.0]]], [[[-63.68779650499994, -65.02767383999998, 0.0], [-63.69102137599998, -65.02922106199998, 0.0], [-63.69582440499994, -65.02328947999996, 0.0], [-63.689194602999976, -65.02321673999995, 0.0], [-63.68779650499994, -65.02767383999998, 0.0]]], [[[-68.53064770799995, -69.34785804199998, 0.0], [-68.53556900799998, -69.34776556999998, 0.0], [-68.53772216599998, -69.34496158899998, 0.0], [-68.52996300499996, -69.34343816499995, 0.0], [-68.53064770799995, -69.34785804199998, 0.0]]], [[[-59.65511597799997, -51.353587724999954, 0.0], [-59.66102926499997, -51.35411052899997, 0.0], [-59.661980522999954, -51.35021744399995, 0.0], [-59.65728844999995, -51.347657777999984, 0.0], [-59.65511597799997, -51.353587724999954, 0.0]]], [[[-62.87003534999997, -64.71825379499995, 0.0], [-62.87319091099994, -64.72036042699995, 0.0], [-62.87824222399996, -64.71648510899996, 0.0], [-62.86761481999997, -64.71451317199995, 0.0], [-62.87003534999997, -64.71825379499995, 0.0]]], [[[-59.92055386299995, -62.37775272599998, 0.0], [-59.930162320999955, -62.377340619999984, 0.0], [-59.93185913099995, -62.37403891499997, 0.0], [-59.92126410599997, -62.375941146999935, 0.0], [-59.92055386299995, -62.37775272599998, 0.0]]], [[[-57.89718295199998, -63.31670656199998, 0.0], [-57.90217697099996, -63.31670948899995, 0.0], [-57.90846483499996, -63.31558480999996, 0.0], [-57.904656827999986, -63.31246672499998, 0.0], [-57.89718295199998, -63.31670656199998, 0.0]]], [[[-65.76460785199998, -66.06499510899994, 0.0], [-65.77075487099995, -66.06491520199995, 0.0], [-65.77838158799995, -66.06239660799997, 0.0], [-65.77344115299996, -66.06102573899994, 0.0], [-65.76460785199998, -66.06499510899994, 0.0]]], [[[-65.56470764599999, -65.58661432399998, 0.0], [-65.55903968299998, -65.58154681399998, 0.0], [-65.55382657399997, -65.58444403699997, 0.0], [-65.55956554799997, -65.58592095899996, 0.0], [-65.56470764599999, -65.58661432399998, 0.0]]], [[[-63.79253718899997, -64.96497052299998, 0.0], [-63.803150733999985, -64.96495328599997, 0.0], [-63.803911134999964, -64.96328452999995, 0.0], [-63.796591339999964, -64.96192335399996, 0.0], [-63.79253718899997, -64.96497052299998, 0.0]]], [[[-66.84564903099994, -67.55663217899996, 0.0], [-66.85207302799995, -67.55709833099996, 0.0], [-66.83700847299997, -67.55191053299995, 0.0], [-66.83946981099996, -67.55506989899999, 0.0], [-66.84564903099994, -67.55663217899996, 0.0]]], [[[-67.03015899699994, -54.95389556899994, 0.0], [-67.03486633299997, -54.95082092299998, 0.0], [-67.03342437699996, -54.947284697999976, 0.0], [-67.02750396699997, -54.95140075699993, 0.0], [-67.03015899699994, -54.95389556899994, 0.0]]], [[[-59.83706257599994, -63.61343501099998, 0.0], [-59.834809931999985, -63.61440809199996, 0.0], [-59.851695792999976, -63.61379481199998, 0.0], [-59.82773792299997, -63.611354913999946, 0.0], [-59.83706257599994, -63.61343501099998, 0.0]]], [[[-63.21578179499994, -64.94047531399997, 0.0], [-63.22410697999999, -64.94217598199998, 0.0], [-63.22736130299995, -64.94075403299996, 0.0], [-63.209130838999954, -64.93812409999998, 0.0], [-63.21578179499994, -64.94047531399997, 0.0]]], [[[-65.62645149399998, -65.68238695799994, 0.0], [-65.63700452099994, -65.68258349899997, 0.0], [-65.64325428899997, -65.68008792799998, 0.0], [-65.63488691599997, -65.68002904199994, 0.0], [-65.62645149399998, -65.68238695799994, 0.0]]], [[[-60.87460412399997, -51.93089065799995, 0.0], [-60.87497796399998, -51.938504792999936, 0.0], [-60.87755669999996, -51.939340211999934, 0.0], [-60.87905835999999, -51.93399086599993, 0.0], [-60.87460412399997, -51.93089065799995, 0.0]]], [[[-65.93703667699998, -65.92999374899995, 0.0], [-65.94310269199997, -65.92969475799998, 0.0], [-65.95075246299996, -65.92795731899997, 0.0], [-65.93671997299998, -65.92737096699994, 0.0], [-65.93703667699998, -65.92999374899995, 0.0]]], [[[-68.41408205299996, -67.80666629799998, 0.0], [-68.41877696899996, -67.80714533799994, 0.0], [-68.40237633599997, -67.79999972499996, 0.0], [-68.40512998899999, -67.80210985899998, 0.0], [-68.41408205299996, -67.80666629799998, 0.0]]], [[[-59.138460530999964, -52.00658433499996, 0.0], [-59.13893081899994, -52.00973383699994, 0.0], [-59.14506353499996, -52.01181914899996, 0.0], [-59.14510694899997, -52.00700447999998, 0.0], [-59.138460530999964, -52.00658433499996, 0.0]]], [[[-59.074962977999974, -51.69084652699996, 0.0], [-59.07971227599995, -51.68999966399997, 0.0], [-59.081714991999945, -51.68415554799998, 0.0], [-59.07809865899998, -51.684159362999935, 0.0], [-59.074962977999974, -51.69084652699996, 0.0]]], [[[-64.25022744599994, -54.69139579299997, 0.0], [-64.25155994399995, -54.69458426999995, 0.0], [-64.25627127599995, -54.698248639999974, 0.0], [-64.25641404399994, -54.692204808999975, 0.0], [-64.25022744599994, -54.69139579299997, 0.0]]], [[[-60.34528221399995, -62.47687082999994, 0.0], [-60.34998959699993, -62.474485174999984, 0.0], [-60.34374611399994, -62.47138725899998, 0.0], [-60.34087256799995, -62.47376380299994, 0.0], [-60.34528221399995, -62.47687082999994, 0.0]]], [[[-71.30502696499997, -70.26929684999993, 0.0], [-71.31432507499994, -70.26973937199995, 0.0], [-71.32123085199999, -70.26939991499995, 0.0], [-71.30848282999995, -70.26625956199996, 0.0], [-71.30502696499997, -70.26929684999993, 0.0]]], [[[-66.23350246899997, -65.80190299299994, 0.0], [-66.24059590499996, -65.80482431099995, 0.0], [-66.24496197099995, -65.80265092899998, 0.0], [-66.23971372199998, -65.80016989599994, 0.0], [-66.23350246899997, -65.80190299299994, 0.0]]], [[[-55.677028664999966, -63.49435975399996, 0.0], [-55.68267734199998, -63.495885484999974, 0.0], [-55.683322987999986, -63.49576861299994, 0.0], [-55.678257300999974, -63.48909438299995, 0.0], [-55.677028664999966, -63.49435975399996, 0.0]]], [[[-59.983289783999965, -62.44586875199997, 0.0], [-59.99196981599994, -62.441082620999964, 0.0], [-59.99666657999995, -62.436623244999964, 0.0], [-59.98115406699998, -62.444478525999955, 0.0], [-59.983289783999965, -62.44586875199997, 0.0]]], [[[-60.992649331999985, -63.82092402899997, 0.0], [-60.99642401299997, -63.82110990799998, 0.0], [-60.999268934999975, -63.81691792199996, 0.0], [-60.99119027099994, -63.81689841399998, 0.0], [-60.992649331999985, -63.82092402899997, 0.0]]], [[[-65.04364878899997, -65.91380585899998, 0.0], [-65.04982470999994, -65.91454294999994, 0.0], [-65.05291002999996, -65.91289909399995, 0.0], [-65.04466340499994, -65.91026769699994, 0.0], [-65.04364878899997, -65.91380585899998, 0.0]]], [[[-64.41708083299994, -65.50656574899995, 0.0], [-64.41780535299995, -65.51296404999994, 0.0], [-64.42393339199998, -65.50833082199995, 0.0], [-64.41819244999994, -65.50512468699998, 0.0], [-64.41708083299994, -65.50656574899995, 0.0]]], [[[-63.66549631299995, -64.31307276299998, 0.0], [-63.674065448999954, -64.31240309199995, 0.0], [-63.67907564099994, -64.30758781699996, 0.0], [-63.669343323999954, -64.31064977899996, 0.0], [-63.66549631299995, -64.31307276299998, 0.0]]], [[[-67.36759556199996, -68.11275454799994, 0.0], [-67.36616109699997, -68.11508568899995, 0.0], [-67.38139082999999, -68.11434525399994, 0.0], [-67.37001991199998, -68.11185831899996, 0.0], [-67.36759556199996, -68.11275454799994, 0.0]]], [[[-64.02524521499998, -64.79398598199998, 0.0], [-64.03533402899996, -64.79442681799998, 0.0], [-64.01738927299994, -64.79100273999995, 0.0], [-64.02524521499998, -64.79398598199998, 0.0]]], [[[-63.91533314499998, -64.92962558299996, 0.0], [-63.92567277599994, -64.92976699499997, 0.0], [-63.92859388099998, -64.92859294599998, 0.0], [-63.91176325899994, -64.92871098899997, 0.0], [-63.91533314499998, -64.92962558299996, 0.0]]], [[[-58.395155959999954, -51.46466761099998, 0.0], [-58.38405900499998, -51.467387489999965, 0.0], [-58.38320832799997, -51.468398384999944, 0.0], [-58.40044122299997, -51.46699266899998, 0.0], [-58.395155959999954, -51.46466761099998, 0.0]]], [[[-59.02212228199994, -51.80655822999995, 0.0], [-59.01879586599995, -51.80620727799993, 0.0], [-59.015065091999986, -51.812062837999974, 0.0], [-59.026844876999974, -51.807492830999934, 0.0], [-59.02212228199994, -51.80655822999995, 0.0]]], [[[-64.10706283399998, -65.33359871799996, 0.0], [-64.11184491399996, -65.33553850699997, 0.0], [-64.11898718399993, -65.33353864199995, 0.0], [-64.11058101299994, -65.33150118699996, 0.0], [-64.10706283399998, -65.33359871799996, 0.0]]], [[[-65.37297120399995, -65.61194856599997, 0.0], [-65.38181046599993, -65.61240714199994, 0.0], [-65.38445842999994, -65.61108437599995, 0.0], [-65.36754164399997, -65.61097214699998, 0.0], [-65.37297120399995, -65.61194856599997, 0.0]]], [[[-54.70591239799995, -63.41099319699998, 0.0], [-54.711227348999955, -63.408690251999985, 0.0], [-54.70769189499998, -63.40461175199994, 0.0], [-54.70413191799997, -63.409548539999946, 0.0], [-54.70591239799995, -63.41099319699998, 0.0]]], [[[-63.692225348999955, -64.37643058799995, 0.0], [-63.702888823999956, -64.37687660199998, 0.0], [-63.70663842999994, -64.37626706699996, 0.0], [-63.68976203799997, -64.37578656499994, 0.0], [-63.692225348999955, -64.37643058799995, 0.0]]], [[[-36.66578179099997, -54.15619656499996, 0.0], [-36.66114873599997, -54.157699295999976, 0.0], [-36.66903689299994, -54.161850163999986, 0.0], [-36.670580229999985, -54.15606421799998, 0.0], [-36.66578179099997, -54.15619656499996, 0.0]]], [[[-67.12878789599995, -66.43401139099996, 0.0], [-67.14343452499998, -66.43745226999994, 0.0], [-67.13877807899996, -66.43353274899994, 0.0], [-67.12878789599995, -66.43401139099996, 0.0]]], [[[-64.32692683499994, -64.71260773699998, 0.0], [-64.33243923399993, -64.71178041799993, 0.0], [-64.33795559499998, -64.70897403299995, 0.0], [-64.32955693199995, -64.70892038299996, 0.0], [-64.32692683499994, -64.71260773699998, 0.0]]], [[[-64.21436093399996, -65.11880072899999, 0.0], [-64.21625847099995, -65.11881490799993, 0.0], [-64.22340463399996, -65.11822183499999, 0.0], [-64.21241420799998, -65.11407259199996, 0.0], [-64.21436093399996, -65.11880072899999, 0.0]]], [[[-71.85173635199999, -73.15604900899996, 0.0], [-71.85898064499997, -73.15667546799995, 0.0], [-71.84161096599996, -73.15387612799998, 0.0], [-71.84231759999994, -73.15432000299995, 0.0], [-71.85173635199999, -73.15604900899996, 0.0]]], [[[-64.16788024899995, -54.874328754999965, 0.0], [-64.16609565299996, -54.87682718899998, 0.0], [-64.17382890099998, -54.88063432599995, 0.0], [-64.17454273999994, -54.87569694499996, 0.0], [-64.16788024899995, -54.874328754999965, 0.0]]], [[[-59.296573483999964, -52.249104940999985, 0.0], [-59.30630578399996, -52.25050506799994, 0.0], [-59.30926980399994, -52.248685456999965, 0.0], [-59.29882897699997, -52.246183015999975, 0.0], [-59.296573483999964, -52.249104940999985, 0.0]]], [[[-44.82149259499994, -60.63220147399994, 0.0], [-44.82895784699997, -60.63310130299993, 0.0], [-44.82952714999993, -60.632820969999955, 0.0], [-44.81365738399995, -60.63036727399998, 0.0], [-44.82149259499994, -60.63220147399994, 0.0]]], [[[-65.69874326799999, -65.96614889599994, 0.0], [-65.70337993599998, -65.96680718199997, 0.0], [-65.70741903599998, -65.96618757899995, 0.0], [-65.69461443099993, -65.96306452399995, 0.0], [-65.69874326799999, -65.96614889599994, 0.0]]], [[[-64.14647467299994, -65.18726209499994, 0.0], [-64.15044592799995, -65.18737033199994, 0.0], [-64.15461862399997, -65.18433609299996, 0.0], [-64.14928516199996, -65.18216157399996, 0.0], [-64.14647467299994, -65.18726209499994, 0.0]]], [[[-61.152947205999965, -51.060449879999965, 0.0], [-61.157279233999986, -51.06200950899995, 0.0], [-61.16221447399994, -51.058630783999945, 0.0], [-61.157389798999986, -51.05584836899993, 0.0], [-61.152947205999965, -51.060449879999965, 0.0]]], [[[-67.18847102499996, -68.78369060699998, 0.0], [-67.18778898899996, -68.79182279999998, 0.0], [-67.19347252399996, -68.78399290599998, 0.0], [-67.18847102499996, -68.78369060699998, 0.0]]], [[[-60.86389669199997, -64.04633396899993, 0.0], [-60.86637572899997, -64.04563427799997, 0.0], [-60.87106866899995, -64.04100666699998, 0.0], [-60.86245615699994, -64.04177986699995, 0.0], [-60.86389669199997, -64.04633396899993, 0.0]]], [[[-60.87567414599994, -51.868058778999966, 0.0], [-60.87193955799995, -51.869786836999936, 0.0], [-60.871512311999936, -51.87343368699993, 0.0], [-60.876274577999936, -51.871576140999935, 0.0], [-60.87836403899996, -51.86470867999998, 0.0], [-60.87567414599994, -51.868058778999966, 0.0]]], [[[-64.01826911899997, -64.80738668599997, 0.0], [-64.02341363699998, -64.80790735399995, 0.0], [-64.00117360099995, -64.80346919399994, 0.0], [-64.01826911899997, -64.80738668599997, 0.0]]], [[[-66.06208750599995, -65.95740940899998, 0.0], [-66.06147137099998, -65.96052173799995, 0.0], [-66.07414126699996, -65.95889505799994, 0.0], [-66.06448831799997, -65.95678482999995, 0.0], [-66.06208750599995, -65.95740940899998, 0.0]]], [[[-64.31739498299999, -65.23580445999994, 0.0], [-64.32923193799996, -65.23555622299995, 0.0], [-64.33382969699994, -65.23236328999997, 0.0], [-64.32020255999998, -65.23470252599998, 0.0], [-64.31739498299999, -65.23580445999994, 0.0]]], [[[-59.65061272999998, -51.87452087599996, 0.0], [-59.64428033299998, -51.87587890799995, 0.0], [-59.65731133799994, -51.87614975199995, 0.0], [-59.651814359999946, -51.87265930399997, 0.0], [-59.65061272999998, -51.87452087599996, 0.0]]], [[[-60.46907306199995, -52.21427605699995, 0.0], [-60.471630981999965, -52.21177762299993, 0.0], [-60.47172250199998, -52.20420608699993, 0.0], [-60.46608056399998, -52.21046600599993, 0.0], [-60.46907306199995, -52.21427605699995, 0.0]]], [[[-65.94069117099997, -65.96538544499998, 0.0], [-65.94490491999994, -65.96551608499993, 0.0], [-65.95039028399998, -65.96428238999994, 0.0], [-65.93947221699995, -65.96090328999998, 0.0], [-65.94069117099997, -65.96538544499998, 0.0]]], [[[-67.68251006199995, -67.54745014499997, 0.0], [-67.68803508999997, -67.54755682699994, 0.0], [-67.68947807599994, -67.54718246999994, 0.0], [-67.67987550299995, -67.54418068799998, 0.0], [-67.68251006199995, -67.54745014499997, 0.0]]], [[[-46.666859984999974, -60.58260315399997, 0.0], [-46.67386516099998, -60.58175093799997, 0.0], [-46.675676084999964, -60.578751946999944, 0.0], [-46.667257365999944, -60.57934677099996, 0.0], [-46.666859984999974, -60.58260315399997, 0.0]]], [[[-54.78315774499998, -63.489190476999966, 0.0], [-54.78154761299999, -63.48522785499995, 0.0], [-54.772801809999976, -63.487233748999984, 0.0], [-54.78315774499998, -63.489190476999966, 0.0]]], [[[-59.78321811099994, -62.37466594399996, 0.0], [-59.78901937499995, -62.37296268999995, 0.0], [-59.79849746499997, -62.37121288399999, 0.0], [-59.784312161999935, -62.37115994499999, 0.0], [-59.78321811099994, -62.37466594399996, 0.0]]], [[[-66.59321612899998, -66.42206822299994, 0.0], [-66.59649241199998, -66.42214450699998, 0.0], [-66.60948806199997, -66.42134545499994, 0.0], [-66.59772409499993, -66.41914782699996, 0.0], [-66.59321612899998, -66.42206822299994, 0.0]]], [[[-60.84020240299998, -51.260941324999976, 0.0], [-60.85073235699997, -51.258887741999956, 0.0], [-60.85353017199998, -51.25479597999998, 0.0], [-60.85097001699995, -51.253674804999946, 0.0], [-60.84020240299998, -51.260941324999976, 0.0]]], [[[-59.823172229999955, -52.15905036399994, 0.0], [-59.825256975999935, -52.162623494999934, 0.0], [-59.82945527399994, -52.16612014999998, 0.0], [-59.83191674899996, -52.16244109599995, 0.0], [-59.823172229999955, -52.15905036399994, 0.0]]], [[[-64.05509792599997, -64.92712521199996, 0.0], [-64.06445629099994, -64.92777011899994, 0.0], [-64.06556095899998, -64.92765225299996, 0.0], [-64.05044397399996, -64.92623172799995, 0.0], [-64.05509792599997, -64.92712521199996, 0.0]]], [[[-64.32173334199996, -54.84186890899997, 0.0], [-64.32677779899996, -54.84248756899996, 0.0], [-64.32416039199995, -54.845485689999975, 0.0], [-64.33172707799997, -54.84776997199998, 0.0], [-64.33253609499997, -54.84286828299997, 0.0], [-64.32173334199996, -54.84186890899997, 0.0]]], [[[-63.868214432999935, -64.89693110099995, 0.0], [-63.87399985899998, -64.89692606399996, 0.0], [-63.878943095999944, -64.89455039099994, 0.0], [-63.85985142399994, -64.89594183099996, 0.0], [-63.868214432999935, -64.89693110099995, 0.0]]], [[[-64.22288216999993, -65.12459955499997, 0.0], [-64.22626327199998, -65.12532632999995, 0.0], [-64.20677672299996, -65.11969849799993, 0.0], [-64.22288216999993, -65.12459955499997, 0.0]]], [[[-65.34243120799994, -65.83553222399996, 0.0], [-65.34900292599997, -65.83525295099997, 0.0], [-65.35305872299995, -65.83350833599997, 0.0], [-65.34033094699998, -65.83426923399998, 0.0], [-65.34243120799994, -65.83553222399996, 0.0]]], [[[-65.16520683299996, -65.64038925099999, 0.0], [-65.16769887599997, -65.63983256699998, 0.0], [-65.17443477999996, -65.63561678099995, 0.0], [-65.16622109899998, -65.63543400599997, 0.0], [-65.16520683299996, -65.64038925099999, 0.0]]], [[[-44.44304460099994, -60.72444402999997, 0.0], [-44.44910199599997, -60.724460669999985, 0.0], [-44.454673739999976, -60.723471496999935, 0.0], [-44.44550743699995, -60.72066004299995, 0.0], [-44.44304460099994, -60.72444402999997, 0.0]]], [[[-64.23244495399996, -65.24669640099995, 0.0], [-64.23632250599996, -65.24748300699997, 0.0], [-64.24253028999993, -65.24497157399998, 0.0], [-64.22752212599994, -65.24446445999996, 0.0], [-64.23244495399996, -65.24669640099995, 0.0]]], [[[-59.664092048999976, -51.333890491999966, 0.0], [-59.663420634999966, -51.33613353099997, 0.0], [-59.656661059999976, -51.33500815699995, 0.0], [-59.66061683199996, -51.33776620599997, 0.0], [-59.67098514999998, -51.33413467199995, 0.0], [-59.664092048999976, -51.333890491999966, 0.0]]], [[[-64.12121382399994, -65.02242709399997, 0.0], [-64.13055231399994, -65.02441777499996, 0.0], [-64.13484057199997, -65.02288401199996, 0.0], [-64.12506787999996, -65.02095409099996, 0.0], [-64.12121382399994, -65.02242709399997, 0.0]]], [[[-60.16336786499994, -62.431751919999954, 0.0], [-60.16171766699995, -62.43505428399993, 0.0], [-60.17258275699999, -62.433439319999934, 0.0], [-60.16505469899994, -62.43078612099998, 0.0], [-60.16336786499994, -62.431751919999954, 0.0]]], [[[-60.97826323999993, -51.057093873999975, 0.0], [-60.98358216699995, -51.05394399399995, 0.0], [-60.98112072899994, -51.04906499499998, 0.0], [-60.976768162999974, -51.05661428099995, 0.0], [-60.97826323999993, -51.057093873999975, 0.0]]], [[[-65.21794397299993, -65.77689648199998, 0.0], [-65.22399613199997, -65.77917648799996, 0.0], [-65.22619621699994, -65.77558519799999, 0.0], [-65.22289476499998, -65.77529973999998, 0.0], [-65.21794397299993, -65.77689648199998, 0.0]]], [[[-63.732386916999985, -64.93928889599994, 0.0], [-63.73420283899998, -64.93937264099998, 0.0], [-63.75077047399998, -64.93835425799995, 0.0], [-63.74193923699994, -64.93697581999999, 0.0], [-63.732386916999985, -64.93928889599994, 0.0]]], [[[-58.78929223399996, -51.90620956599997, 0.0], [-58.77871789399995, -51.90678177099994, 0.0], [-58.77483600399995, -51.907645883999976, 0.0], [-58.79473580699994, -51.906632997999964, 0.0], [-58.78929223399996, -51.90620956599997, 0.0]]], [[[-36.050522178999984, -54.469675878999965, 0.0], [-36.048166512999956, -54.47038971699993, 0.0], [-36.047524057999965, -54.47431582799993, 0.0], [-36.051807087999975, -54.474101676999965, 0.0], [-36.050522178999984, -54.469675878999965, 0.0]]], [[[-65.36514696699999, -65.43663822399998, 0.0], [-65.36761042299997, -65.43694572599998, 0.0], [-65.37982951999999, -65.43514750199995, 0.0], [-65.36746225399997, -65.43385610399997, 0.0], [-65.36514696699999, -65.43663822399998, 0.0]]], [[[-65.77127828799996, -66.11889380999997, 0.0], [-65.77697765099998, -66.11958832599998, 0.0], [-65.76450596299998, -66.11603840499998, 0.0], [-65.76500623499999, -66.11754983699996, 0.0], [-65.77127828799996, -66.11889380999997, 0.0]]], [[[-66.19812170399996, -65.76325978999995, 0.0], [-66.20433769899995, -65.76335519299994, 0.0], [-66.19200463599998, -65.76220824799998, 0.0], [-66.19812170399996, -65.76325978999995, 0.0]]], [[[-55.68935725399996, -63.49424079399995, 0.0], [-55.69642512599995, -63.500263260999986, 0.0], [-55.69491413099996, -63.49415351599998, 0.0], [-55.68935725399996, -63.49424079399995, 0.0]]], [[[-64.21925228399994, -64.72665313799996, 0.0], [-64.22388655299994, -64.72710599099997, 0.0], [-64.23214842799996, -64.72476810599994, 0.0], [-64.22239170699999, -64.72410879499995, 0.0], [-64.21925228399994, -64.72665313799996, 0.0]]], [[[-65.65418229899996, -65.77902373699993, 0.0], [-65.66169565199993, -65.78072482199997, 0.0], [-65.64901098399997, -65.77706680999995, 0.0], [-65.65418229899996, -65.77902373699993, 0.0]]], [[[-68.24610900899995, -54.87771606399997, 0.0], [-68.25304412799994, -54.87490081799996, 0.0], [-68.23821258499999, -54.87602615399993, 0.0], [-68.23826599099993, -54.87622833299997, 0.0], [-68.24610900899995, -54.87771606399997, 0.0]]], [[[-65.71500906699998, -65.49519506199994, 0.0], [-65.72092186099997, -65.49441529399996, 0.0], [-65.70623913799994, -65.49200955599997, 0.0], [-65.71500906699998, -65.49519506199994, 0.0]]], [[[-58.957743627999946, -51.84468503299996, 0.0], [-58.956267339999954, -51.84681363499993, 0.0], [-58.97381876299994, -51.84660382599998, 0.0], [-58.97046182899999, -51.845261052999945, 0.0], [-58.957743627999946, -51.84468503299996, 0.0]]], [[[-60.80856568599995, -51.11268336099994, 0.0], [-60.799480012999936, -51.117593488999944, 0.0], [-60.81937272299996, -51.10841471499998, 0.0], [-60.81265504099997, -51.10990626199998, 0.0], [-60.80856568599995, -51.11268336099994, 0.0]]], [[[-60.96174462999994, -51.98288878999995, 0.0], [-60.96686047099996, -51.987826171999984, 0.0], [-60.973582448999935, -51.98503030499995, 0.0], [-60.968228660999955, -51.98193700599995, 0.0], [-60.96174462999994, -51.98288878999995, 0.0]]], [[[-61.998516182999936, -63.94669966599997, 0.0], [-62.000408032999985, -63.94689959599998, 0.0], [-62.00645694299993, -63.946211636999976, 0.0], [-61.99518868299998, -63.943787217999954, 0.0], [-61.998516182999936, -63.94669966599997, 0.0]]], [[[-63.92847372799997, -65.03397180099995, 0.0], [-63.925744098999985, -65.03441141299999, 0.0], [-63.91789607499999, -65.03440378799996, 0.0], [-63.93519588899994, -65.03543669799996, 0.0], [-63.92847372799997, -65.03397180099995, 0.0]]], [[[-65.70999670599997, -65.45028900599993, 0.0], [-65.71385252799996, -65.45204396999998, 0.0], [-65.71934551199996, -65.45079612499995, 0.0], [-65.71421889099997, -65.44797164299996, 0.0], [-65.70999670599997, -65.45028900599993, 0.0]]], [[[-59.71241463999996, -51.37060318199997, 0.0], [-59.70194329499998, -51.37162743999994, 0.0], [-59.70164522199997, -51.37241405699996, 0.0], [-59.71847619399995, -51.370889283999986, 0.0], [-59.71241463999996, -51.37060318199997, 0.0]]], [[[-60.503449338999985, -52.213655091999954, 0.0], [-60.50702546499997, -52.21302683999994, 0.0], [-60.50773930299994, -52.21029045999995, 0.0], [-60.501334088999954, -52.20958671799997, 0.0], [-60.503449338999985, -52.213655091999954, 0.0]]], [[[-66.30146789599996, -55.01727294899996, 0.0], [-66.30455017099996, -55.01661682099996, 0.0], [-66.30671691899994, -55.01062393199999, 0.0], [-66.30198669399994, -55.011615752999944, 0.0], [-66.30146789599996, -55.01727294899996, 0.0]]], [[[-72.40639046799998, -69.70621537599999, 0.0], [-72.40500008499998, -69.70726406199998, 0.0], [-72.41774325499995, -69.70491704399996, 0.0], [-72.41368976599995, -69.70277110799998, 0.0], [-72.40639046799998, -69.70621537599999, 0.0]]], [[[-63.687743790999946, -64.42234380299993, 0.0], [-63.695008952999956, -64.42062319599995, 0.0], [-63.69813939799997, -64.41880606799998, 0.0], [-63.684329082999966, -64.42011086799994, 0.0], [-63.687743790999946, -64.42234380299993, 0.0]]], [[[-63.473414840999965, -64.23225411499993, 0.0], [-63.47779442099994, -64.23269082599995, 0.0], [-63.48204787999998, -64.23086612099996, 0.0], [-63.47533056599997, -64.22890098799996, 0.0], [-63.473414840999965, -64.23225411499993, 0.0]]], [[[-44.82982156899993, -60.70601835599996, 0.0], [-44.83374357499997, -60.70638487699995, 0.0], [-44.837489664999964, -60.70559135499997, 0.0], [-44.82933177599995, -60.70280570399996, 0.0], [-44.82982156899993, -60.70601835599996, 0.0]]], [[[-67.09259302699996, -66.41554578299997, 0.0], [-67.09819982999994, -66.41706720699995, 0.0], [-67.09177737899995, -66.41017665299995, 0.0], [-67.09259302699996, -66.41554578299997, 0.0]]], [[[-60.96404383199996, -63.84449011999993, 0.0], [-60.96753061199996, -63.84508259599994, 0.0], [-60.970644499999935, -63.84470473399995, 0.0], [-60.95929377699997, -63.84173923199995, 0.0], [-60.96404383199996, -63.84449011999993, 0.0]]], [[[-60.525784390999945, -51.86651764099997, 0.0], [-60.529492189999985, -51.86458358899995, 0.0], [-60.52255334299997, -51.86165771699996, 0.0], [-60.52193917699998, -51.86300811999996, 0.0], [-60.525784390999945, -51.86651764099997, 0.0]]], [[[-67.51347448299998, -68.69834424799996, 0.0], [-67.50875640399994, -68.70189768099993, 0.0], [-67.51849099599997, -68.70145250399997, 0.0], [-67.51347448299998, -68.69834424799996, 0.0]]], [[[-64.21488858899994, -64.58761688499993, 0.0], [-64.21707279599997, -64.58391981599993, 0.0], [-64.21281545099998, -64.58249457999995, 0.0], [-64.21066742399995, -64.58529205799994, 0.0], [-64.21488858899994, -64.58761688499993, 0.0]]], [[[-58.39180335399993, -61.935201467999946, 0.0], [-58.397235612999964, -61.933365986999945, 0.0], [-58.39801078299996, -61.931640217999984, 0.0], [-58.38863022299995, -61.93277375599996, 0.0], [-58.39180335399993, -61.935201467999946, 0.0]]], [[[-65.06990421999996, -65.85731745599998, 0.0], [-65.07801411999998, -65.85513217699997, 0.0], [-65.08178386699996, -65.85197021299996, 0.0], [-65.07281650599998, -65.85366668399996, 0.0], [-65.06990421999996, -65.85731745599998, 0.0]]], [[[-59.91199318599996, -51.37486713199996, 0.0], [-59.90809205399995, -51.37671662099996, 0.0], [-59.91698208899999, -51.37402653999993, 0.0], [-59.919056668999986, -51.36950116799994, 0.0], [-59.91199318599996, -51.37486713199996, 0.0]]], [[[-71.93154053399996, -73.07493564099997, 0.0], [-71.93457649999993, -73.07543996499999, 0.0], [-71.94191084599998, -73.07347701999998, 0.0], [-71.93115062099997, -73.07184360199994, 0.0], [-71.93154053399996, -73.07493564099997, 0.0]]], [[[-72.30608502999996, -69.71282149999996, 0.0], [-72.31112049799998, -69.71399376899996, 0.0], [-72.31190783999995, -69.71387214199996, 0.0], [-72.30490392599995, -69.70762058499997, 0.0], [-72.30608502999996, -69.71282149999996, 0.0]]], [[[-60.63836383599994, -51.250792313999966, 0.0], [-60.64230020999997, -51.24915621499997, 0.0], [-60.64676640999994, -51.24336674399996, 0.0], [-60.63951026799998, -51.24631959199996, 0.0], [-60.63836383599994, -51.250792313999966, 0.0]]], [[[-68.86187825899998, -68.06620856199999, 0.0], [-68.86421331799994, -68.06331778199996, 0.0], [-68.85670223399995, -68.05880353299995, 0.0], [-68.86187825899998, -68.06620856199999, 0.0]]], [[[-68.16799926799996, -54.860748290999936, 0.0], [-68.17303466799996, -54.86081314099994, 0.0], [-68.17401885999993, -54.859416961999955, 0.0], [-68.16817474399994, -54.857025145999955, 0.0], [-68.16799926799996, -54.860748290999936, 0.0]]], [[[-64.14358380599998, -65.07083991099995, 0.0], [-64.14858451499998, -65.07049327599998, 0.0], [-64.13853892499998, -65.06981982899998, 0.0], [-64.13891449999994, -65.07023357699995, 0.0], [-64.14358380599998, -65.07083991099995, 0.0]]], [[[-65.59313754999994, -65.58182255199995, 0.0], [-65.60104556299996, -65.58261750299994, 0.0], [-65.58606333599994, -65.57997737299996, 0.0], [-65.59313754999994, -65.58182255199995, 0.0]]], [[[-58.46869742699994, -51.986538381999935, 0.0], [-58.46623313199996, -51.98999449699994, 0.0], [-58.47510993299994, -51.98785063699995, 0.0], [-58.474881050999954, -51.98747679699994, 0.0], [-58.46869742699994, -51.986538381999935, 0.0]]], [[[-64.16220362699994, -65.05234978599998, 0.0], [-64.16547049599995, -65.05494879299994, 0.0], [-64.17173382299995, -65.05400510799996, 0.0], [-64.16112920699999, -65.04946556499993, 0.0], [-64.16220362699994, -65.05234978599998, 0.0]]], [[[-55.47752076599994, -63.187773197999945, 0.0], [-55.48922919399996, -63.188259297999934, 0.0], [-55.49234560499997, -63.18568034799995, 0.0], [-55.48901347899994, -63.18548129799996, 0.0], [-55.47752076599994, -63.187773197999945, 0.0]]], [[[-63.837253601999976, -64.90053313099997, 0.0], [-63.83338070299993, -64.90279229199996, 0.0], [-63.85008019199995, -64.90118442099998, 0.0], [-63.84362283399997, -64.90025004099994, 0.0], [-63.837253601999976, -64.90053313099997, 0.0]]], [[[-65.10878048799998, -65.88948814899999, 0.0], [-65.11502818199995, -65.89101494399995, 0.0], [-65.10483202599994, -65.88415320599995, 0.0], [-65.10598565799995, -65.88829019399998, 0.0], [-65.10878048799998, -65.88948814899999, 0.0]]], [[[-55.37700084399995, -63.17864275499994, 0.0], [-55.376817218999975, -63.18064760899995, 0.0], [-55.386503619999985, -63.17586742399993, 0.0], [-55.38051914399995, -63.175082507999946, 0.0], [-55.37700084399995, -63.17864275499994, 0.0]]], [[[-59.69838788399994, -62.33179062199997, 0.0], [-59.70969934799996, -62.33198651099997, 0.0], [-59.71249100799997, -62.33075973499996, 0.0], [-59.70403245099993, -62.32987235999997, 0.0], [-59.69838788399994, -62.33179062199997, 0.0]]], [[[-64.15421268299997, -65.06769977099998, 0.0], [-64.15483851199997, -65.07069112299996, 0.0], [-64.16336303599996, -65.07002794399995, 0.0], [-64.15469359999997, -65.06645342299998, 0.0], [-64.15421268299997, -65.06769977099998, 0.0]]], [[[-63.356936332999965, -64.24256558399998, 0.0], [-63.362202140999955, -64.24049991899994, 0.0], [-63.364664699999935, -64.23789163199996, 0.0], [-63.35723381899999, -64.23841939699997, 0.0], [-63.356936332999965, -64.24256558399998, 0.0]]], [[[-64.04039658599999, -65.05041891199994, 0.0], [-64.04540194899994, -65.05049878199998, 0.0], [-64.05009183799996, -65.04931104399998, 0.0], [-64.04867397899994, -65.04643641199993, 0.0], [-64.04039658599999, -65.05041891199994, 0.0]]], [[[-64.21149547199997, -65.13181912699997, 0.0], [-64.21455013699995, -65.13289238699997, 0.0], [-64.21959999699993, -65.13220173199994, 0.0], [-64.20750972699994, -65.12969140999996, 0.0], [-64.21149547199997, -65.13181912699997, 0.0]]], [[[-67.18453993499998, -66.32438857799997, 0.0], [-67.18523414499998, -66.32536529999999, 0.0], [-67.19864861299993, -66.32305837999996, 0.0], [-67.19334710399994, -66.32255151999993, 0.0], [-67.18453993499998, -66.32438857799997, 0.0]]], [[[-63.00948157799996, -64.32050362799998, 0.0], [-63.01493380299996, -64.32090716199997, 0.0], [-63.01547720699995, -64.31802014399995, 0.0], [-63.00950653199993, -64.31737491399997, 0.0], [-63.00948157799996, -64.32050362799998, 0.0]]], [[[-71.96771785699997, -73.17813333999999, 0.0], [-71.97396994299999, -73.17852041599997, 0.0], [-71.98073866699997, -73.17774621199999, 0.0], [-71.97543316399998, -73.17540405299997, 0.0], [-71.96771785699997, -73.17813333999999, 0.0]]], [[[-60.30370133699995, -62.48203294799998, 0.0], [-60.300696829999936, -62.48460351399996, 0.0], [-60.315330347999975, -62.48235981399995, 0.0], [-60.30912430999996, -62.481386792999956, 0.0], [-60.30370133699995, -62.48203294799998, 0.0]]], [[[-64.93454934299996, -65.43681394099997, 0.0], [-64.94562210899994, -65.43836931399994, 0.0], [-64.94079623399995, -65.43470457399997, 0.0], [-64.93454934299996, -65.43681394099997, 0.0]]], [[[-60.056080160999954, -62.451819126999965, 0.0], [-60.05639261099998, -62.45208846299994, 0.0], [-60.06741135899995, -62.44870220699994, 0.0], [-60.060408844999984, -62.44766026399998, 0.0], [-60.056080160999954, -62.451819126999965, 0.0]]], [[[-62.79331978199997, -64.56071671999996, 0.0], [-62.79938502999994, -64.56221243699997, 0.0], [-62.80280961699998, -64.55991888799997, 0.0], [-62.79567202299995, -64.55837203399994, 0.0], [-62.79331978199997, -64.56071671999996, 0.0]]], [[[-68.19888591199998, -67.61171988499996, 0.0], [-68.20175338999996, -67.60976500899994, 0.0], [-68.19004705699996, -67.60722209999994, 0.0], [-68.19888591199998, -67.61171988499996, 0.0]]], [[[-59.839537597999936, -52.15941996299995, 0.0], [-59.84399251399998, -52.160121120999975, 0.0], [-59.83550156999996, -52.15504989799996, 0.0], [-59.839531024999985, -52.15774165999994, 0.0], [-59.839537597999936, -52.15941996299995, 0.0]]], [[[-58.38991685399998, -61.91913542499998, 0.0], [-58.398744196999985, -61.91889813299997, 0.0], [-58.39987331699996, -61.91634861199998, 0.0], [-58.39660067799997, -61.916414111999984, 0.0], [-58.38991685399998, -61.91913542499998, 0.0]]], [[[-61.010360093999964, -63.869335870999976, 0.0], [-61.01812191099998, -63.87033096499994, 0.0], [-61.020112032999975, -63.87027136699999, 0.0], [-61.006996141999934, -63.86653779899996, 0.0], [-61.010360093999964, -63.869335870999976, 0.0]]], [[[-64.26467019199998, -65.12301904199995, 0.0], [-64.25593113399998, -65.12521614699995, 0.0], [-64.27447399099998, -65.12460704699998, 0.0], [-64.26927642599998, -65.12327170599997, 0.0], [-64.26467019199998, -65.12301904199995, 0.0]]], [[[-64.41380570699994, -64.78564077899995, 0.0], [-64.42669305799996, -64.78699304199995, 0.0], [-64.42704448799998, -64.78666043199996, 0.0], [-64.42135443099994, -64.78395875099994, 0.0], [-64.41380570699994, -64.78564077899995, 0.0]]], [[[-65.73608767499996, -66.23160589899999, 0.0], [-65.73891677299997, -66.23091713999997, 0.0], [-65.74640530499994, -66.22706124399997, 0.0], [-65.73796125999996, -66.22761640599998, 0.0], [-65.73608767499996, -66.23160589899999, 0.0]]], [[[-68.85658042099993, -68.10511697099997, 0.0], [-68.86033832299995, -68.10581059699996, 0.0], [-68.84467699199996, -68.10203626499998, 0.0], [-68.85658042099993, -68.10511697099997, 0.0]]], [[[-59.03434924199996, -52.193719793999946, 0.0], [-59.03857102899997, -52.192273600999954, 0.0], [-59.03250947499998, -52.189076883999974, 0.0], [-59.03164418099993, -52.19089821099993, 0.0], [-59.03434924199996, -52.193719793999946, 0.0]]], [[[-64.14712426599993, -65.32438917499996, 0.0], [-64.15250666299994, -65.32638572799993, 0.0], [-64.15345747799995, -65.32217098899997, 0.0], [-64.14536662799998, -65.32274344999996, 0.0], [-64.14712426599993, -65.32438917499996, 0.0]]], [[[-57.62702146799995, -61.99675649999995, 0.0], [-57.63279249999994, -61.99750869899998, 0.0], [-57.63732866599997, -61.99695626199997, 0.0], [-57.635530080999956, -61.99382061199998, 0.0], [-57.62702146799995, -61.99675649999995, 0.0]]], [[[-66.23721426999998, -65.79831684399994, 0.0], [-66.24223573699999, -65.79589884799998, 0.0], [-66.23351014599996, -65.79371081899995, 0.0], [-66.23721426999998, -65.79831684399994, 0.0]]], [[[-61.99008431699997, -63.95406807499995, 0.0], [-61.99336471899994, -63.95142052199998, 0.0], [-61.98089523699997, -63.950957492999976, 0.0], [-61.985868334999964, -63.95307162299997, 0.0], [-61.99008431699997, -63.95406807499995, 0.0]]], [[[-60.64767980099998, -52.20357320399995, 0.0], [-60.64273156499996, -52.20645294399998, 0.0], [-60.65360026299999, -52.20321156299997, 0.0], [-60.651992219999954, -52.20226583699997, 0.0], [-60.64767980099998, -52.20357320399995, 0.0]]], [[[-66.02690750399995, -65.94871478399995, 0.0], [-66.03444389699996, -65.94919539399996, 0.0], [-66.03523960399997, -65.94898491399994, 0.0], [-66.02322329299994, -65.94800281199997, 0.0], [-66.02690750399995, -65.94871478399995, 0.0]]], [[[-61.29910564499994, -51.00636957499995, 0.0], [-61.30738602599996, -51.00481562899995, 0.0], [-61.31274008899999, -51.00005684699994, 0.0], [-61.30717963899997, -51.001237207999964, 0.0], [-61.29910564499994, -51.00636957499995, 0.0]]], [[[-60.549214261999964, -51.816358186999935, 0.0], [-60.553766319999966, -51.820220621999965, 0.0], [-60.556126492999965, -51.81802902399994, 0.0], [-60.54866208499993, -51.814198114999954, 0.0], [-60.549214261999964, -51.816358186999935, 0.0]]], [[[-58.19526111899995, -51.774314369999956, 0.0], [-58.189340708999964, -51.77515360299998, 0.0], [-58.187620279999976, -51.77674814599993, 0.0], [-58.19875156699993, -51.777213539999934, 0.0], [-58.19526111899995, -51.774314369999956, 0.0]]], [[[-65.78139245999995, -65.77388617699995, 0.0], [-65.78587162999997, -65.77406752899998, 0.0], [-65.78466650399997, -65.76998995499997, 0.0], [-65.77725722299994, -65.77295267599999, 0.0], [-65.78139245999995, -65.77388617699995, 0.0]]], [[[-62.896021788999974, -64.34936079999994, 0.0], [-62.904777286999945, -64.35169449499995, 0.0], [-62.910058969999966, -64.34929718299998, 0.0], [-62.90722666399995, -64.34905431199996, 0.0], [-62.896021788999974, -64.34936079999994, 0.0]]], [[[-64.96272268399997, -65.56991138099994, 0.0], [-64.96395369099997, -65.57345977399996, 0.0], [-64.96890232099997, -65.56779455299994, 0.0], [-64.96383924899993, -65.56773826899996, 0.0], [-64.96272268399997, -65.56991138099994, 0.0]]], [[[-64.12585221099994, -65.03409845799996, 0.0], [-64.13379954799996, -65.03427332499996, 0.0], [-64.13700343699998, -65.03305842399993, 0.0], [-64.12370231899996, -65.03282578899996, 0.0], [-64.12585221099994, -65.03409845799996, 0.0]]], [[[-58.98246770099996, -52.442752558999985, 0.0], [-58.98335601599996, -52.445840499999974, 0.0], [-58.99147659299996, -52.44304597399997, 0.0], [-58.990023192999956, -52.44235169899997, 0.0], [-58.98246770099996, -52.442752558999985, 0.0]]], [[[-64.00013051299999, -64.79401354799995, 0.0], [-64.00701030699997, -64.79368601799996, 0.0], [-64.01256517899998, -64.79262860499995, 0.0], [-63.99603564999995, -64.79240612599995, 0.0], [-64.00013051299999, -64.79401354799995, 0.0]]], [[[-62.28383942199997, -64.74932104799996, 0.0], [-62.28880420699994, -64.74967586199995, 0.0], [-62.294528612999954, -64.74942037899996, 0.0], [-62.284714838999946, -64.74628036699994, 0.0], [-62.28383942199997, -64.74932104799996, 0.0]]], [[[-71.88354477399997, -70.18844685599998, 0.0], [-71.88265880799997, -70.19045908799995, 0.0], [-71.89510993999994, -70.18948016299998, 0.0], [-71.88506784799995, -70.18764597299997, 0.0], [-71.88354477399997, -70.18844685599998, 0.0]]], [[[-65.62125341199999, -65.40700517999994, 0.0], [-65.63024668499997, -65.40676720399995, 0.0], [-65.61212980299996, -65.40480764299997, 0.0], [-65.61739992399998, -65.40638038999998, 0.0], [-65.62125341199999, -65.40700517999994, 0.0]]], [[[-58.95929057799998, -62.08877602299998, 0.0], [-58.96201714099993, -62.08998337799994, 0.0], [-58.96456335299996, -62.08552848199997, 0.0], [-58.960363933999986, -62.085428013999945, 0.0], [-58.95929057799998, -62.08877602299998, 0.0]]], [[[-66.06871591199996, -65.97732700299997, 0.0], [-66.07286976699999, -65.97622074699996, 0.0], [-66.06472940399993, -65.97452640399996, 0.0], [-66.06547346299993, -65.97599584899996, 0.0], [-66.06871591199996, -65.97732700299997, 0.0]]], [[[-64.15709539799997, -65.33671175799998, 0.0], [-64.15852403699995, -65.33935828399996, 0.0], [-64.16586266199994, -65.33628187099998, 0.0], [-64.15741434299997, -65.33536786199994, 0.0], [-64.15709539799997, -65.33671175799998, 0.0]]], [[[-62.071537939999985, -64.19731523399997, 0.0], [-62.077313782999965, -64.19720488499996, 0.0], [-62.07836481299995, -64.19447850499995, 0.0], [-62.071150054999976, -64.19466889599994, 0.0], [-62.071537939999985, -64.19731523399997, 0.0]]], [[[-66.25957008999995, -65.80666377599994, 0.0], [-66.25857706599999, -65.80836169599996, 0.0], [-66.27012373899998, -65.80528123099998, 0.0], [-66.26364188799994, -65.80434157099995, 0.0], [-66.25957008999995, -65.80666377599994, 0.0]]], [[[-68.06426271699996, -68.58141825299998, 0.0], [-68.07282893499996, -68.58160543499997, 0.0], [-68.07359898299995, -68.57818003799997, 0.0], [-68.06370608199995, -68.58106849899997, 0.0], [-68.06426271699996, -68.58141825299998, 0.0]]], [[[-63.91298788299997, -64.94011809799997, 0.0], [-63.92009212299996, -64.94079857199995, 0.0], [-63.92077536399995, -64.94059690399996, 0.0], [-63.90969272899997, -64.93648598099998, 0.0], [-63.91298788299997, -64.94011809799997, 0.0]]], [[[-72.30016890599995, -70.51198774899996, 0.0], [-72.30011006599995, -70.51579936099995, 0.0], [-72.30734252599996, -70.51478934099998, 0.0], [-72.30140658499994, -70.51135498399998, 0.0], [-72.30016890599995, -70.51198774899996, 0.0]]], [[[-65.12431982899994, -65.89894223999994, 0.0], [-65.13605424499997, -65.90131807799997, 0.0], [-65.12072197899994, -65.89790623699997, 0.0], [-65.12431982899994, -65.89894223999994, 0.0]]], [[[-64.15603743999998, -65.23433374699994, 0.0], [-64.16601416999998, -65.23622506499999, 0.0], [-64.16629219899994, -65.23586589999996, 0.0], [-64.16071567999995, -65.23195970799998, 0.0], [-64.15603743999998, -65.23433374699994, 0.0]]], [[[-64.29884866099997, -65.23962003699995, 0.0], [-64.30216097899995, -65.23937085699998, 0.0], [-64.31214610899997, -65.23663035899995, 0.0], [-64.30204158199996, -65.23674965399994, 0.0], [-64.29884866099997, -65.23962003699995, 0.0]]], [[[-57.87508468799996, -63.31176193299996, 0.0], [-57.880777964999936, -63.31183807399998, 0.0], [-57.86785053299997, -63.31043214099998, 0.0], [-57.868387852999945, -63.31099781499995, 0.0], [-57.87508468799996, -63.31176193299996, 0.0]]], [[[-60.56141337399998, -51.478587973999936, 0.0], [-60.56562501999997, -51.47930181199996, 0.0], [-60.56812345399999, -51.476089539999975, 0.0], [-60.56398319199997, -51.47501878299994, 0.0], [-60.56141337399998, -51.478587973999936, 0.0]]], [[[-55.62802742699995, -63.49923597099996, 0.0], [-55.63262079399993, -63.50069588599996, 0.0], [-55.63247255899995, -63.49545295099995, 0.0], [-55.62673928299995, -63.49800465799996, 0.0], [-55.62802742699995, -63.49923597099996, 0.0]]], [[[-64.48048798999997, -65.18499733899995, 0.0], [-64.48838557499994, -65.18535527099993, 0.0], [-64.48448907099998, -65.18122481499995, 0.0], [-64.48048798999997, -65.18499733899995, 0.0]]], [[[-61.989080172999934, -64.27377772899996, 0.0], [-61.990085316999966, -64.27509178299994, 0.0], [-61.99742267199997, -64.27328621999993, 0.0], [-61.99101808499995, -64.27063004799999, 0.0], [-61.989080172999934, -64.27377772899996, 0.0]]], [[[-60.76875463199997, -51.31857493799998, 0.0], [-60.76609229799993, -51.31878366199993, 0.0], [-60.762008340999955, -51.321164866999936, 0.0], [-60.765955529999985, -51.32289789899994, 0.0], [-60.76875463199997, -51.31857493799998, 0.0]]], [[[-62.662887216999934, -64.78542006299995, 0.0], [-62.669855832999986, -64.78756456899998, 0.0], [-62.67557729899994, -64.78493419699998, 0.0], [-62.673357806999945, -64.78464957999995, 0.0], [-62.662887216999934, -64.78542006299995, 0.0]]], [[[-71.57364130299999, -73.21157005799995, 0.0], [-71.57272117099996, -73.21536048999997, 0.0], [-71.58168250299997, -73.21298651699993, 0.0], [-71.58162213799994, -73.21241995999998, 0.0], [-71.57364130299999, -73.21157005799995, 0.0]]], [[[-61.076183483999955, -64.28677495099998, 0.0], [-61.074106161999964, -64.28380576699993, 0.0], [-61.065578907999964, -64.28519300399995, 0.0], [-61.076183483999955, -64.28677495099998, 0.0]]], [[[-58.43518923999994, -61.931274437999946, 0.0], [-58.43904864899997, -61.931301160999965, 0.0], [-58.44225539599995, -61.930492450999964, 0.0], [-58.432674179999935, -61.92918835399996, 0.0], [-58.43518923999994, -61.931274437999946, 0.0]]], [[[-64.22990147699994, -65.13322719899998, 0.0], [-64.24059932599994, -65.13339965199998, 0.0], [-64.23074209999999, -65.13015400599994, 0.0], [-64.22990147699994, -65.13322719899998, 0.0]]], [[[-69.04072823199994, -68.04730616499995, 0.0], [-69.04405535899997, -68.04783416499998, 0.0], [-69.04881229699998, -68.04680252599996, 0.0], [-69.03999762899997, -68.04411575499995, 0.0], [-69.04072823199994, -68.04730616499995, 0.0]]], [[[-65.39241879699995, -65.44166457599994, 0.0], [-65.38693382599996, -65.43865989799997, 0.0], [-65.38074133199996, -65.44040501999996, 0.0], [-65.39241879699995, -65.44166457599994, 0.0]]], [[[-58.99479850399996, -63.66374494099995, 0.0], [-58.999506536999945, -63.663818909999975, 0.0], [-59.002197560999946, -63.662969490999956, 0.0], [-58.99974937799993, -63.65936503399996, 0.0], [-58.99479850399996, -63.66374494099995, 0.0]]], [[[-71.71659240299994, -69.73911066799997, 0.0], [-71.72156127599999, -69.73968428599994, 0.0], [-71.71411323099994, -69.73555071099997, 0.0], [-71.71659240299994, -69.73911066799997, 0.0]]], [[[-58.70730493099995, -52.14670063199998, 0.0], [-58.70665643299998, -52.14969898399994, 0.0], [-58.71026132199995, -52.151823770999954, 0.0], [-58.70933053599998, -52.144930612999985, 0.0], [-58.70730493099995, -52.14670063199998, 0.0]]], [[[-65.48310859799994, -65.43414142599994, 0.0], [-65.48723648499998, -65.43482797399997, 0.0], [-65.49178052599996, -65.43194000199998, 0.0], [-65.47993119399996, -65.43276045099998, 0.0], [-65.48310859799994, -65.43414142599994, 0.0]]], [[[-64.17467792399998, -64.58166943799995, 0.0], [-64.17644436499995, -64.58206036099995, 0.0], [-64.17972281899995, -64.57845167999994, 0.0], [-64.17172410099994, -64.57835300399995, 0.0], [-64.17467792399998, -64.58166943799995, 0.0]]], [[[-68.45066833499993, -54.86296081499995, 0.0], [-68.45455932599998, -54.86536788899997, 0.0], [-68.46009063699995, -54.86526489299996, 0.0], [-68.45574951199995, -54.86206817599998, 0.0], [-68.45066833499993, -54.86296081499995, 0.0]]], [[[-59.85044018599996, -62.39727536799995, 0.0], [-59.84944252099996, -62.39804868899995, 0.0], [-59.86010159699998, -62.39564455599998, 0.0], [-59.85847325799995, -62.39379308599996, 0.0], [-59.85044018599996, -62.39727536799995, 0.0]]], [[[-72.15622021699994, -69.77753050799998, 0.0], [-72.15939075199998, -69.78351278099996, 0.0], [-72.16204428199995, -69.77806486999998, 0.0], [-72.15622021699994, -69.77753050799998, 0.0]]], [[[-59.030494369999985, -52.17039940799998, 0.0], [-59.03269926499996, -52.17084191299995, 0.0], [-59.03684202599993, -52.168251733999966, 0.0], [-59.03108564799999, -52.166638116999934, 0.0], [-59.030494369999985, -52.17039940799998, 0.0]]], [[[-67.11863624099993, -66.25196734699995, 0.0], [-67.12418458199994, -66.25334556299998, 0.0], [-67.12545275099995, -66.24922910999999, 0.0], [-67.12163979699994, -66.24948886499993, 0.0], [-67.11863624099993, -66.25196734699995, 0.0]]], [[[-45.149600385999975, -60.762408318999974, 0.0], [-45.15302013799993, -60.76390321799994, 0.0], [-45.15619633399996, -60.76153336899995, 0.0], [-45.15320167999994, -60.75943146499998, 0.0], [-45.149600385999975, -60.762408318999974, 0.0]]], [[[-62.57057313399997, -64.03512557699997, 0.0], [-62.57813268199993, -64.03483195999996, 0.0], [-62.58345414899998, -64.03382704899997, 0.0], [-62.572311715999945, -64.03283553199998, 0.0], [-62.57057313399997, -64.03512557699997, 0.0]]], [[[-67.38272094699994, -54.89159774799998, 0.0], [-67.38470458999996, -54.892913817999954, 0.0], [-67.39400482199994, -54.892349242999956, 0.0], [-67.38254547099996, -54.888648986999954, 0.0], [-67.38272094699994, -54.89159774799998, 0.0]]], [[[-59.89140023599998, -51.27203903399993, 0.0], [-59.89524926599995, -51.27152023499997, 0.0], [-59.89916123699999, -51.267371751999974, 0.0], [-59.89034356499997, -51.27124176199993, 0.0], [-59.89140023599998, -51.27203903399993, 0.0]]], [[[-66.07215645799994, -65.64840147599995, 0.0], [-66.07930988199996, -65.64788640799998, 0.0], [-66.08359987699998, -65.64675734099995, 0.0], [-66.06746696899995, -65.64642266199996, 0.0], [-66.07215645799994, -65.64840147599995, 0.0]]], [[[-64.38518629599997, -64.76482195299997, 0.0], [-64.38600332299995, -64.76579995699996, 0.0], [-64.39251241999995, -64.76202637299997, 0.0], [-64.38515467699995, -64.76176726899996, 0.0], [-64.38518629599997, -64.76482195299997, 0.0]]], [[[-64.27725038499995, -65.23815175099998, 0.0], [-64.28550503599996, -65.23664729899997, 0.0], [-64.28913111299994, -65.23504029499998, 0.0], [-64.27364541199995, -65.23692378199996, 0.0], [-64.27725038499995, -65.23815175099998, 0.0]]], [[[-62.91836573899997, -64.25948985899998, 0.0], [-62.92272938399998, -64.26008002899994, 0.0], [-62.93205180699994, -64.25852379599996, 0.0], [-62.914940799999954, -64.25825006799994, 0.0], [-62.91836573899997, -64.25948985899998, 0.0]]], [[[-67.24955738299997, -67.83812059799993, 0.0], [-67.25452335999995, -67.83981204299994, 0.0], [-67.24652533499994, -67.83578784099996, 0.0], [-67.24955738299997, -67.83812059799993, 0.0]]], [[[-58.312587005999944, -51.39440927299995, 0.0], [-58.31229708899997, -51.39625940099995, 0.0], [-58.32028506499995, -51.39555368199996, 0.0], [-58.31606982499994, -51.39241800099995, 0.0], [-58.312587005999944, -51.39440927299995, 0.0]]], [[[-58.38949120899997, -52.009755936999966, 0.0], [-58.391259693999984, -52.00537959299999, 0.0], [-58.38906328899998, -52.00402023799995, 0.0], [-58.38649136599997, -52.00694125399997, 0.0], [-58.38949120899997, -52.009755936999966, 0.0]]], [[[-59.506514864999986, -52.28743799999995, 0.0], [-59.50766407799995, -52.28418962899997, 0.0], [-59.50212945399994, -52.284265138999956, 0.0], [-59.50212182399997, -52.28503189299994, 0.0], [-59.506514864999986, -52.28743799999995, 0.0]]], [[[-58.844545136999955, -51.89586437999998, 0.0], [-58.84668665199996, -51.89764897599997, 0.0], [-58.85156454699995, -51.89568592099994, 0.0], [-58.84823330199998, -51.89360389299998, 0.0], [-58.844545136999955, -51.89586437999998, 0.0]]], [[[-65.63853625499996, -65.78902376099995, 0.0], [-65.64336605099999, -65.79005489999997, 0.0], [-65.64404788199994, -65.78981157199996, 0.0], [-65.63766125499995, -65.78382140199994, 0.0], [-65.63853625499996, -65.78902376099995, 0.0]]], [[[-63.72765354699993, -64.34090290599994, 0.0], [-63.72827919399998, -64.34220210899997, 0.0], [-63.73513977699997, -64.34025420599994, 0.0], [-63.73259301599995, -64.33753393099994, 0.0], [-63.72765354699993, -64.34090290599994, 0.0]]], [[[-58.94562732999998, -51.846470574999955, 0.0], [-58.94910251899995, -51.846031884999945, 0.0], [-58.95398151699993, -51.84262536099993, 0.0], [-58.94724476099998, -51.84399483699997, 0.0], [-58.94562732999998, -51.846470574999955, 0.0]]], [[[-72.15416912299997, -69.78777510599997, 0.0], [-72.15764504499998, -69.78934285299994, 0.0], [-72.16185963899994, -69.78568280299999, 0.0], [-72.15363402699995, -69.78621585699995, 0.0], [-72.15416912299997, -69.78777510599997, 0.0]]], [[[-58.632539950999956, -63.977461726999934, 0.0], [-58.63575245699997, -63.980228883999985, 0.0], [-58.64550554099998, -63.97936560599999, 0.0], [-58.63814137099996, -63.97789980999994, 0.0], [-58.632539950999956, -63.977461726999934, 0.0]]], [[[-67.00717925999999, -54.958045958999946, 0.0], [-67.01045227099996, -54.95629119899996, 0.0], [-67.00534820599995, -54.95380783099995, 0.0], [-67.00421142599998, -54.95568084699994, 0.0], [-67.00717925999999, -54.958045958999946, 0.0]]], [[[-62.69330734499994, -64.55038358799999, 0.0], [-62.68962891799998, -64.55308889499997, 0.0], [-62.70004719999997, -64.55247536699994, 0.0], [-62.69645597899995, -64.55043595599994, 0.0], [-62.69330734499994, -64.55038358799999, 0.0]]], [[[-65.81569946199994, -65.48400906099994, 0.0], [-65.81782917999993, -65.48422297599996, 0.0], [-65.82493072699998, -65.48061712999998, 0.0], [-65.81307278499997, -65.48264677999998, 0.0], [-65.81569946199994, -65.48400906099994, 0.0]]], [[[-61.287129300999936, -51.784638978999965, 0.0], [-61.28886498899993, -51.784886933999985, 0.0], [-61.30144204499999, -51.777791596999975, 0.0], [-61.29848565499998, -51.77785644699998, 0.0], [-61.287129300999936, -51.784638978999965, 0.0]]], [[[-45.92801303899995, -60.515179426999964, 0.0], [-45.93191931399997, -60.51444673399993, 0.0], [-45.929118373999984, -60.510362843999985, 0.0], [-45.92723061399994, -60.51279974899995, 0.0], [-45.92801303899995, -60.515179426999964, 0.0]]], [[[-68.25601196299993, -54.84694290199997, 0.0], [-68.25028991699998, -54.846843718999935, 0.0], [-68.24785613999995, -54.84821319599996, 0.0], [-68.25812530499996, -54.84828567499994, 0.0], [-68.25601196299993, -54.84694290199997, 0.0]]], [[[-64.00485460399995, -65.00681041499996, 0.0], [-64.01108623699997, -65.00711238999997, 0.0], [-63.99779563699997, -65.00550910399994, 0.0], [-63.99800388399996, -65.00592997799998, 0.0], [-64.00485460399995, -65.00681041499996, 0.0]]], [[[-62.89632853299997, -64.41551360099999, 0.0], [-62.905753294999954, -64.41604190199996, 0.0], [-62.90806968199996, -64.41586043099994, 0.0], [-62.90162827599994, -64.41331223599997, 0.0], [-62.89632853299997, -64.41551360099999, 0.0]]], [[[-66.25780572799994, -65.89726690999998, 0.0], [-66.25922924399998, -65.89737596699996, 0.0], [-66.26784737399998, -65.89688933899998, 0.0], [-66.26207057399995, -65.89433811299995, 0.0], [-66.25780572799994, -65.89726690999998, 0.0]]], [[[-71.75276547199996, -73.04601191899997, 0.0], [-71.75598734199997, -73.04605992499995, 0.0], [-71.76552536599996, -73.04458484499997, 0.0], [-71.75725024299999, -73.04338573599995, 0.0], [-71.75276547199996, -73.04601191899997, 0.0]]], [[[-65.71691577599995, -66.06603886799996, 0.0], [-65.71863290399995, -66.06872231499995, 0.0], [-65.72293164599995, -66.06586397699994, 0.0], [-65.71675305699995, -66.06340120299996, 0.0], [-65.71691577599995, -66.06603886799996, 0.0]]], [[[-58.30688561699998, -51.82615051499994, 0.0], [-58.30854501099998, -51.82820663699994, 0.0], [-58.32040871899994, -51.82677230999997, 0.0], [-58.30993355999993, -51.825273133999985, 0.0], [-58.30688561699998, -51.82615051499994, 0.0]]], [[[-58.502393008999945, -51.97437748899995, 0.0], [-58.50647091999997, -51.97439656299997, 0.0], [-58.50773739999994, -51.97359166099994, 0.0], [-58.50071835699998, -51.971634721999976, 0.0], [-58.502393008999945, -51.97437748899995, 0.0]]], [[[-64.36563165199993, -64.78765869399996, 0.0], [-64.36774361499994, -64.78770259499998, 0.0], [-64.37273647299997, -64.78673183499996, 0.0], [-64.36028904899996, -64.78514987499995, 0.0], [-64.36563165199993, -64.78765869399996, 0.0]]], [[[-63.683217911999975, -64.26565801399994, 0.0], [-63.68666396399993, -64.26898970299999, 0.0], [-63.69323078299993, -64.26609691899995, 0.0], [-63.68350388599998, -64.26312479099994, 0.0], [-63.683217911999975, -64.26565801399994, 0.0]]], [[[-58.61036584999994, -51.90310330699998, 0.0], [-58.60843561399997, -51.90470166499995, 0.0], [-58.62353037099996, -51.90385861699997, 0.0], [-58.62218378299997, -51.90253491799996, 0.0], [-58.61036584999994, -51.90310330699998, 0.0]]], [[[-62.50079030599994, -64.48730229099993, 0.0], [-62.495845154999984, -64.48410371499995, 0.0], [-62.49092680499996, -64.48585035399998, 0.0], [-62.50079030599994, -64.48730229099993, 0.0]]], [[[-63.903619515999935, -64.43525755599995, 0.0], [-63.90000958699994, -64.43246000899995, 0.0], [-63.892280952999954, -64.43335323199994, 0.0], [-63.903619515999935, -64.43525755599995, 0.0]]], [[[-59.79473767099995, -52.127938910999944, 0.0], [-59.79783096999995, -52.12597585599997, 0.0], [-59.794159787999945, -52.12381515699997, 0.0], [-59.79241647099997, -52.12603149599994, 0.0], [-59.79473767099995, -52.127938910999944, 0.0]]], [[[-57.26773007999998, -63.20890941399995, 0.0], [-57.27123781499995, -63.20987568299995, 0.0], [-57.27352683999993, -63.20461383999998, 0.0], [-57.26900711199994, -63.20652525899993, 0.0], [-57.26773007999998, -63.20890941399995, 0.0]]], [[[-60.56500697399997, -51.975149475999956, 0.0], [-60.56358559199998, -51.976471782999965, 0.0], [-60.55882348399996, -51.97656021299997, 0.0], [-60.56457986299995, -51.97872314699998, 0.0], [-60.56500697399997, -51.975149475999956, 0.0]]], [[[-65.40162867199996, -65.49180065099995, 0.0], [-65.40647731599995, -65.49212390599996, 0.0], [-65.41189035899998, -65.49145327999997, 0.0], [-65.41031828799998, -65.48920449999997, 0.0], [-65.40162867199996, -65.49180065099995, 0.0]]], [[[-60.944232874999955, -64.11928622399995, 0.0], [-60.93677877699997, -64.12373112099993, 0.0], [-60.94433044699997, -64.12239748899998, 0.0], [-60.944232874999955, -64.11928622399995, 0.0]]], [[[-58.89515207499994, -51.89137692899993, 0.0], [-58.897395116999974, -51.89115948999995, 0.0], [-58.90293024299996, -51.887600377999945, 0.0], [-58.893621519999954, -51.88836907799998, 0.0], [-58.89515207499994, -51.89137692899993, 0.0]]], [[[-67.39731597899998, -54.89734268199999, 0.0], [-67.40153503399995, -54.89505004899996, 0.0], [-67.40113830599995, -54.89393234299996, 0.0], [-67.39577484099993, -54.893943786999955, 0.0], [-67.39731597899998, -54.89734268199999, 0.0]]], [[[-61.02019104499993, -64.04470823799994, 0.0], [-61.02474154899994, -64.04513190799997, 0.0], [-61.02747658699997, -64.04295201399998, 0.0], [-61.01454440899994, -64.04351691699998, 0.0], [-61.02019104499993, -64.04470823799994, 0.0]]], [[[-64.12692550199995, -65.51257460899996, 0.0], [-64.13317218299994, -65.51331843499997, 0.0], [-64.13299467399997, -65.51070451099997, 0.0], [-64.12224046299997, -65.51119303499996, 0.0], [-64.12692550199995, -65.51257460899996, 0.0]]], [[[-65.44463013199999, -65.50657428299996, 0.0], [-65.44189249699997, -65.50889154799995, 0.0], [-65.45703319499995, -65.50759387599999, 0.0], [-65.45575493999996, -65.50725806099996, 0.0], [-65.44463013199999, -65.50657428299996, 0.0]]], [[[-65.39983834899994, -65.59150905399997, 0.0], [-65.40135504699998, -65.59178624699996, 0.0], [-65.40834692899995, -65.58969405099998, 0.0], [-65.39761320399998, -65.58900786799995, 0.0], [-65.39983834899994, -65.59150905399997, 0.0]]], [[[-59.53079589099997, -62.32754125599996, 0.0], [-59.53253621299996, -62.32766050699996, 0.0], [-59.53918162999997, -62.32482476299998, 0.0], [-59.52732977699998, -62.32613526199998, 0.0], [-59.53079589099997, -62.32754125599996, 0.0]]], [[[-59.93355619999994, -51.368936331999976, 0.0], [-59.937622645999966, -51.370786445999954, 0.0], [-59.93986946999996, -51.36940551699996, 0.0], [-59.935680941999976, -51.366311811999935, 0.0], [-59.93355619999994, -51.368936331999976, 0.0]]], [[[-70.76576835499998, -70.25138661399995, 0.0], [-70.76853463899994, -70.25140797499995, 0.0], [-70.77067677199994, -70.24985146299997, 0.0], [-70.76295253299998, -70.24995371499995, 0.0], [-70.76576835499998, -70.25138661399995, 0.0]]], [[[-60.459593670999936, -51.852494813999954, 0.0], [-60.458718198999975, -51.85580215699997, 0.0], [-60.46548165699994, -51.85410461599997, 0.0], [-60.46074761799997, -51.85194931199993, 0.0], [-60.459593670999936, -51.852494813999954, 0.0]]], [[[-63.770041326999944, -64.44465090999995, 0.0], [-63.771063666999964, -64.44093109699998, 0.0], [-63.76517385699998, -64.44022551599994, 0.0], [-63.76691624099993, -64.44249265499997, 0.0], [-63.770041326999944, -64.44465090999995, 0.0]]], [[[-59.78550889599995, -51.39373290999998, 0.0], [-59.78036673299994, -51.39388165899993, 0.0], [-59.778905710999936, -51.394526335999956, 0.0], [-59.791845043999956, -51.39385119499997, 0.0], [-59.78550889599995, -51.39373290999998, 0.0]]], [[[-59.50545779399994, -51.82842407399994, 0.0], [-59.50905123899997, -51.82624588199997, 0.0], [-59.50783434999994, -51.82436523699994, 0.0], [-59.503916655999944, -51.82459030399997, 0.0], [-59.50545779399994, -51.82842407399994, 0.0]]], [[[-68.24681854199997, -54.861057280999944, 0.0], [-68.24520111099997, -54.86204147299998, 0.0], [-68.25374603299997, -54.86257934599996, 0.0], [-68.25302886999998, -54.860916137999936, 0.0], [-68.24681854199997, -54.861057280999944, 0.0]]], [[[-65.60326127099995, -65.58872892099998, 0.0], [-65.60542407599996, -65.58658579299998, 0.0], [-65.59430519299997, -65.58538460599993, 0.0], [-65.59693637099997, -65.58680521499997, 0.0], [-65.60326127099995, -65.58872892099998, 0.0]]], [[[-71.77601265299995, -70.17362993899997, 0.0], [-71.77806390699999, -70.17461896699996, 0.0], [-71.78044856299994, -70.17183870199995, 0.0], [-71.77251110999998, -70.17068550799996, 0.0], [-71.77601265299995, -70.17362993899997, 0.0]]], [[[-60.72864391099995, -63.91760105999998, 0.0], [-60.72977317899995, -63.91779327599994, 0.0], [-60.73805859599997, -63.917178527999965, 0.0], [-60.73191407899998, -63.91466466099996, 0.0], [-60.72864391099995, -63.91760105999998, 0.0]]], [[[-59.66862104399996, -51.91026329099998, 0.0], [-59.67208947599994, -51.91164169499996, 0.0], [-59.678982633999965, -51.910817720999944, 0.0], [-59.676480191999985, -51.90965805299999, 0.0], [-59.66862104399996, -51.91026329099998, 0.0]]], [[[-68.17542266799995, -54.87134170499996, 0.0], [-68.16969299299996, -54.871414184999935, 0.0], [-68.16854858399995, -54.87176132199994, 0.0], [-68.17807006799995, -54.87314224199997, 0.0], [-68.18160247799995, -54.870944976999965, 0.0], [-68.17542266799995, -54.87134170499996, 0.0]]], [[[-65.10100125399998, -65.83953034699994, 0.0], [-65.10550776099996, -65.84110452699997, 0.0], [-65.10819938899994, -65.83674904999998, 0.0], [-65.10089932599993, -65.83879542399995, 0.0], [-65.10100125399998, -65.83953034699994, 0.0]]], [[[-71.91343300699998, -70.20384361999999, 0.0], [-71.91661418699994, -70.20112407899995, 0.0], [-71.90850063699997, -70.20035263599993, 0.0], [-71.91226146299994, -70.20320625199997, 0.0], [-71.91343300699998, -70.20384361999999, 0.0]]], [[[-60.56964196599995, -51.97934875699997, 0.0], [-60.57707681099998, -51.98258361999996, 0.0], [-60.57894601199996, -51.98233566499994, 0.0], [-60.57680732599994, -51.97949805799993, 0.0], [-60.56964196599995, -51.97934875699997, 0.0]]], [[[-64.39378721799994, -64.76453513899997, 0.0], [-64.38692385499996, -64.76618264099994, 0.0], [-64.40142480399999, -64.76515440899993, 0.0], [-64.40072045299996, -64.76477738999995, 0.0], [-64.39378721799994, -64.76453513899997, 0.0]]], [[[-57.745462534999945, -51.67049881799994, 0.0], [-57.742475626999976, -51.67084214099998, 0.0], [-57.74069797799996, -51.67269989899995, 0.0], [-57.74974262499995, -51.67282196899998, 0.0], [-57.745462534999945, -51.67049881799994, 0.0]]], [[[-64.43375155399997, -64.77532104699998, 0.0], [-64.42560743199994, -64.77877565399996, 0.0], [-64.43872619799998, -64.77647237299993, 0.0], [-64.43375155399997, -64.77532104699998, 0.0]]], [[[-59.63027657899994, -52.240235902999984, 0.0], [-59.63271798499994, -52.23930320899996, 0.0], [-59.63301171599994, -52.23648605499994, 0.0], [-59.627777951999974, -52.23806915499995, 0.0], [-59.63027657899994, -52.240235902999984, 0.0]]], [[[-59.67832650599996, -51.42484054799996, 0.0], [-59.68128289599997, -51.42532501399995, 0.0], [-59.68307580399994, -51.424913026999945, 0.0], [-59.67924584799994, -51.421502687999975, 0.0], [-59.67832650599996, -51.42484054799996, 0.0]]], [[[-71.24578194199995, -73.01599126399998, 0.0], [-71.25136968999993, -73.01726025999994, 0.0], [-71.25272267399998, -73.01356040399997, 0.0], [-71.24509336299997, -73.01527596599993, 0.0], [-71.24578194199995, -73.01599126399998, 0.0]]], [[[-59.825913087999936, -52.01679425899994, 0.0], [-59.82783137499996, -52.01775340199998, 0.0], [-59.83060223399997, -52.01679425899994, 0.0], [-59.82644594499993, -52.013117541999975, 0.0], [-59.825913087999936, -52.01679425899994, 0.0]]], [[[-64.26929639399998, -64.60683899399999, 0.0], [-64.27488615299995, -64.60815269499994, 0.0], [-64.28173576399996, -64.60573286899995, 0.0], [-64.28030947599996, -64.60548326299994, 0.0], [-64.26929639399998, -64.60683899399999, 0.0]]], [[[-59.01781416699998, -51.75050805099994, 0.0], [-59.01880217399997, -51.75088570599996, 0.0], [-59.02384138899998, -51.750351647999935, 0.0], [-59.020324237999944, -51.74741814599997, 0.0], [-59.01781416699998, -51.75050805099994, 0.0]]], [[[-62.93869209099995, -64.29220657099995, 0.0], [-62.94378821199996, -64.28975324599998, 0.0], [-62.93279510599996, -64.29096262499996, 0.0], [-62.93869209099995, -64.29220657099995, 0.0]]], [[[-45.48358968799994, -60.53918541999997, 0.0], [-45.48247419499995, -60.54009876899994, 0.0], [-45.49079347199995, -60.53916252899995, 0.0], [-45.48954738699996, -60.536387342999944, 0.0], [-45.48358968799994, -60.53918541999997, 0.0]]], [[[-67.42837524399994, -54.88484191899994, 0.0], [-67.43107604999994, -54.88881301899994, 0.0], [-67.43504333499993, -54.88564681999998, 0.0], [-67.43418121299999, -54.884998321999944, 0.0], [-67.42837524399994, -54.88484191899994, 0.0]]], [[[-59.87289371299994, -51.34525704799995, 0.0], [-59.87686052299995, -51.34599647899995, 0.0], [-59.866459744999986, -51.34260711899998, 0.0], [-59.868670538999936, -51.34441834699993, 0.0], [-59.87289371299994, -51.34525704799995, 0.0]]], [[[-58.60005163899996, -52.15765378699996, 0.0], [-58.60297369699998, -52.158073403999936, 0.0], [-58.60473990199995, -52.15600583799994, 0.0], [-58.60026144699998, -52.155014016999985, 0.0], [-58.60005163899996, -52.15765378699996, 0.0]]], [[[-45.15018453699997, -60.77129799299996, 0.0], [-45.15309121599995, -60.76963210399998, 0.0], [-45.15387135999998, -60.766907293999964, 0.0], [-45.14883570099994, -60.76718877899998, 0.0], [-45.15018453699997, -60.77129799299996, 0.0]]], [[[-59.48623178699995, -52.287720158999946, 0.0], [-59.48892496399998, -52.288261845999955, 0.0], [-59.49248789099994, -52.28763051399994, 0.0], [-59.486258489999955, -52.28509183399996, 0.0], [-59.48623178699995, -52.287720158999946, 0.0]]], [[[-59.706372159999944, -52.36109695599998, 0.0], [-59.70564736699998, -52.36314163399993, 0.0], [-59.71225442299993, -52.363393403999964, 0.0], [-59.711953061999964, -52.361920930999986, 0.0], [-59.706372159999944, -52.36109695599998, 0.0]]], [[[-45.60441094199996, -60.65575171699999, 0.0], [-45.60807962499996, -60.65610382799997, 0.0], [-45.61389648699998, -60.65553396699994, 0.0], [-45.60260679399994, -60.65406378299997, 0.0], [-45.60441094199996, -60.65575171699999, 0.0]]], [[[-71.70158535799999, -69.73449191399999, 0.0], [-71.70437492899998, -69.73466886199998, 0.0], [-71.70636744699993, -69.73309551599993, 0.0], [-71.70131031799997, -69.73177656699994, 0.0], [-71.70158535799999, -69.73449191399999, 0.0]]], [[[-61.275859363999984, -51.71059700899997, 0.0], [-61.28185988299998, -51.71020790999995, 0.0], [-61.28196669399995, -51.70859619999993, 0.0], [-61.278529651999975, -51.707928627999934, 0.0], [-61.275859363999984, -51.71059700899997, 0.0]]], [[[-71.24811154899999, -70.97051444199997, 0.0], [-71.25037819799996, -70.97083567099997, 0.0], [-71.25540480999996, -70.96967727299995, 0.0], [-71.25026128499997, -70.96818698999994, 0.0], [-71.24811154899999, -70.97051444199997, 0.0]]], [[[-60.96328064399995, -51.77737072599996, 0.0], [-60.966423230999965, -51.778711544999965, 0.0], [-60.968170088999955, -51.77749046399998, 0.0], [-60.96501974299997, -51.77448270599996, 0.0], [-60.96328064399995, -51.77737072599996, 0.0]]], [[[-59.25258340299996, -51.45183715999997, 0.0], [-59.25779046399998, -51.45407257299996, 0.0], [-59.25946893099996, -51.45379028499997, 0.0], [-59.247486966999986, -51.449205018999976, 0.0], [-59.25258340299996, -51.45183715999997, 0.0]]], [[[-72.19107140099999, -70.25168542599994, 0.0], [-72.19590972699996, -70.25203958999998, 0.0], [-72.20143994699998, -70.25170541499995, 0.0], [-72.19569337499996, -70.24934419299996, 0.0], [-72.19107140099999, -70.25168542599994, 0.0]]], [[[-45.913026239999965, -60.64134821799996, 0.0], [-45.91441079599997, -60.64381013999997, 0.0], [-45.91761157499997, -60.63966168799993, 0.0], [-45.91281860799995, -60.638551365999945, 0.0], [-45.913026239999965, -60.64134821799996, 0.0]]], [[[-55.394570933999944, -60.977207101999966, 0.0], [-55.39667083899997, -60.979410720999965, 0.0], [-55.39962428899997, -60.975454078999974, 0.0], [-55.394093157999976, -60.974643094999976, 0.0], [-55.394570933999944, -60.977207101999966, 0.0]]], [[[-71.83736228599997, -70.19806016199993, 0.0], [-71.84448530399999, -70.19789902299993, 0.0], [-71.84440077599999, -70.19605563099998, 0.0], [-71.83855254499997, -70.19630954599995, 0.0], [-71.83736228599997, -70.19806016199993, 0.0]]], [[[-71.93797924499995, -70.10803279899994, 0.0], [-71.94298522099996, -70.10890568399998, 0.0], [-71.94475819499996, -70.10626933399993, 0.0], [-71.93523148399998, -70.10681005799995, 0.0], [-71.93797924499995, -70.10803279899994, 0.0]]], [[[-59.835167783999964, -51.971971132999954, 0.0], [-59.83673562399997, -51.97586593799997, 0.0], [-59.84053887699997, -51.97683105699997, 0.0], [-59.840859311999964, -51.97548446899998, 0.0], [-59.835167783999964, -51.971971132999954, 0.0]]], [[[-58.876334794999934, -52.19196414899994, 0.0], [-58.87841380399993, -52.192091940999944, 0.0], [-58.88150370999995, -52.185429571999975, 0.0], [-58.87752116599995, -52.18729114499996, 0.0], [-58.876334794999934, -52.19196414899994, 0.0]]], [[[-61.27167452799995, -51.728438592999964, 0.0], [-61.27320803599997, -51.73001406299994, 0.0], [-61.276997937999965, -51.728645539999945, 0.0], [-61.27118624599996, -51.72624895599995, 0.0], [-61.27167452799995, -51.728438592999964, 0.0]]], [[[-64.14731917899996, -65.03861809599994, 0.0], [-64.14448229599998, -65.04225789599997, 0.0], [-64.15387645799996, -65.03805559699998, 0.0], [-64.14883224899995, -65.03811469899995, 0.0], [-64.14731917899996, -65.03861809599994, 0.0]]], [[[-61.19164503199994, -62.688419221999936, 0.0], [-61.201411217999976, -62.687993045999974, 0.0], [-61.205202966999934, -62.68736478699998, 0.0], [-61.19628689399997, -62.686403825999946, 0.0], [-61.19164503199994, -62.688419221999936, 0.0]]], [[[-59.68732506099997, -51.325718937999966, 0.0], [-59.690437874999986, -51.32487592699994, 0.0], [-59.68127984999995, -51.324240127999985, 0.0], [-59.68133844899995, -51.324697208999964, 0.0], [-59.68732506099997, -51.325718937999966, 0.0]]], [[[-61.09704715999993, -51.02462880599995, 0.0], [-61.094224303999965, -51.025101837999955, 0.0], [-61.09293877399995, -51.027123631999984, 0.0], [-61.09669624099996, -51.02832524899998, 0.0], [-61.09704715999993, -51.02462880599995, 0.0]]], [[[-59.48193778999996, -51.823962456999936, 0.0], [-59.48422958699996, -51.82310466499996, 0.0], [-59.47908275699996, -51.81831705299993, 0.0], [-59.47730018899995, -51.820741459999965, 0.0], [-59.48193778999996, -51.823962456999936, 0.0]]], [[[-64.31379283499996, -65.20578525299999, 0.0], [-64.31809733299997, -65.20586467399994, 0.0], [-64.32134775699996, -65.20510116299994, 0.0], [-64.31689748899998, -65.20250379999999, 0.0], [-64.31379283499996, -65.20578525299999, 0.0]]], [[[-60.00816183699993, -51.37739607299994, 0.0], [-60.01111813499995, -51.37820484399998, 0.0], [-60.012029980999955, -51.375019588999976, 0.0], [-60.00770036199998, -51.375351387999956, 0.0], [-60.00816183699993, -51.37739607299994, 0.0]]], [[[-58.68091619399996, -51.95786438199997, 0.0], [-58.685917262999965, -51.95747528299995, 0.0], [-58.688339594999945, -51.95548782599997, 0.0], [-58.68070257099998, -51.95628509699998, 0.0], [-58.68091619399996, -51.95786438199997, 0.0]]], [[[-60.97158207899997, -51.06082189299997, 0.0], [-60.97501530799997, -51.06033170499995, 0.0], [-60.976318024999955, -51.05775296799993, 0.0], [-60.97203221299998, -51.05752980899996, 0.0], [-60.97158207899997, -51.06082189299997, 0.0]]], [[[-58.85279749199998, -51.88878674799997, 0.0], [-58.84744928599997, -51.88951154099993, 0.0], [-58.84670541999998, -51.89126248799994, 0.0], [-58.85649774799998, -51.888454870999965, 0.0], [-58.85279749199998, -51.88878674799997, 0.0]]], [[[-61.39627089299995, -63.88583108599994, 0.0], [-61.39967454199996, -63.88551012499994, 0.0], [-61.403362276999985, -63.88339510199995, 0.0], [-61.39246425599998, -63.884682140999985, 0.0], [-61.39627089299995, -63.88583108599994, 0.0]]], [[[-64.09798358199998, -54.74618288199997, 0.0], [-64.09506874199997, -54.746480314999985, 0.0], [-64.10315890899994, -54.74921669499997, 0.0], [-64.10149328699998, -54.74535007099996, 0.0], [-64.09798358199998, -54.74618288199997, 0.0]]], [[[-68.70078053999998, -69.11201459199998, 0.0], [-68.70590996499993, -69.11264634299994, 0.0], [-68.69787019699999, -69.11076886499995, 0.0], [-68.70078053999998, -69.11201459199998, 0.0]]], [[[-71.84623901499998, -70.19326171899996, 0.0], [-71.84543974299999, -70.19543449799994, 0.0], [-71.85183690699995, -70.19330374499998, 0.0], [-71.84928310099997, -70.19062636399997, 0.0], [-71.84623901499998, -70.19326171899996, 0.0]]], [[[-64.09982251099996, -64.78355633299998, 0.0], [-64.10653614999995, -64.78368862799994, 0.0], [-64.11214283599998, -64.78329334499995, 0.0], [-64.10455165099995, -64.78166433399997, 0.0], [-64.09982251099996, -64.78355633299998, 0.0]]], [[[-63.80742956599994, -64.42502158899998, 0.0], [-63.80120920799993, -64.42695589799996, 0.0], [-63.81313525799993, -64.42394659299998, 0.0], [-63.80742956599994, -64.42502158899998, 0.0]]], [[[-44.894129015999965, -60.67932712999993, 0.0], [-44.89360670299993, -60.68027962999997, 0.0], [-44.900391010999954, -60.67785749199999, 0.0], [-44.898389133999956, -60.675866981999945, 0.0], [-44.894129015999965, -60.67932712999993, 0.0]]], [[[-59.710206884999934, -62.34153664199994, 0.0], [-59.708750015999954, -62.343680878999976, 0.0], [-59.71789442399995, -62.34066118699997, 0.0], [-59.71219019599994, -62.340295545999936, 0.0], [-59.710206884999934, -62.34153664199994, 0.0]]], [[[-72.90144962299996, -71.10479824999999, 0.0], [-72.90597125799997, -71.10435113199998, 0.0], [-72.90719379199999, -71.10261751499996, 0.0], [-72.90272348199994, -71.10234428799998, 0.0], [-72.90144962299996, -71.10479824999999, 0.0]]], [[[-59.247206922999965, -52.95083835699995, 0.0], [-59.24945410599997, -52.95177468299994, 0.0], [-59.25245034999995, -52.94971476499995, 0.0], [-59.24926684099995, -52.94765484799996, 0.0], [-59.247206922999965, -52.95083835699995, 0.0]]], [[[-58.593703526999946, -51.90006015999995, 0.0], [-58.590083378999964, -51.900205117999974, 0.0], [-58.587252873999944, -51.90164325899997, 0.0], [-58.59633948299995, -51.900468332999935, 0.0], [-58.593703526999946, -51.90006015999995, 0.0]]], [[[-59.658574002999956, -51.35908279599994, 0.0], [-59.66097726199996, -51.359128572999964, 0.0], [-59.66299523699996, -51.35751495599993, 0.0], [-59.658676999999955, -51.35592041199993, 0.0], [-59.658574002999956, -51.35908279599994, 0.0]]], [[[-62.911826194999946, -64.34954436699996, 0.0], [-62.91817688599997, -64.35095718999997, 0.0], [-62.92276078699996, -64.34887193799995, 0.0], [-62.92072247699997, -64.34863466199994, 0.0], [-62.911826194999946, -64.34954436699996, 0.0]]], [[[-71.59706931099998, -73.10331058399998, 0.0], [-71.60093797899998, -73.10351279499997, 0.0], [-71.61077587399996, -73.10289104099996, 0.0], [-71.60532583799994, -73.10148178699995, 0.0], [-71.59706931099998, -73.10331058399998, 0.0]]], [[[-59.88901464299994, -51.35700367499993, 0.0], [-59.890841841999986, -51.358239664999985, 0.0], [-59.89355412799995, -51.35769420699995, 0.0], [-59.88687087799997, -51.35441346099998, 0.0], [-59.88901464299994, -51.35700367499993, 0.0]]], [[[-65.78067007299995, -65.92593034799995, 0.0], [-65.78110034599996, -65.92859645999994, 0.0], [-65.78938309799997, -65.92771954199998, 0.0], [-65.78163372799997, -65.92573663699994, 0.0], [-65.78067007299995, -65.92593034799995, 0.0]]], [[[-58.70417047999996, -52.15764940099996, 0.0], [-58.705314888999965, -52.154132249999975, 0.0], [-58.70241190499996, -52.153525712999965, 0.0], [-58.70175959199997, -52.15634858899995, 0.0], [-58.70417047999996, -52.15764940099996, 0.0]]], [[[-67.14929323099994, -68.35338355199997, 0.0], [-67.15509183299997, -68.35550655499998, 0.0], [-67.16044913399998, -68.35392507899996, 0.0], [-67.15249915499999, -68.35321170499998, 0.0], [-67.14929323099994, -68.35338355199997, 0.0]]], [[[-59.716441102999966, -51.375016767999966, 0.0], [-59.721213242999966, -51.37474976699997, 0.0], [-59.72273531899998, -51.37285387099996, 0.0], [-59.714926695999964, -51.37418896899993, 0.0], [-59.716441102999966, -51.375016767999966, 0.0]]], [[[-59.690407651999976, -52.03300628899996, 0.0], [-59.69216110699995, -52.03121175599995, 0.0], [-59.68712319799994, -52.02944717599996, 0.0], [-59.687107938999986, -52.031236268999976, 0.0], [-59.690407651999976, -52.03300628899996, 0.0]]], [[[-59.67958665799995, -51.393475758999955, 0.0], [-59.682291256999974, -51.395509007999976, 0.0], [-59.68471359899996, -51.39524199199997, 0.0], [-59.67646625399993, -51.391644687999985, 0.0], [-59.67958665799995, -51.393475758999955, 0.0]]], [[[-59.97640229799998, -51.38536169199995, 0.0], [-59.98050697599996, -51.38553367399993, 0.0], [-59.980963960999986, -51.383364865999965, 0.0], [-59.97603829499997, -51.383706417999974, 0.0], [-59.97640229799998, -51.38536169199995, 0.0]]], [[[-58.50643050699995, -51.96263966599997, 0.0], [-58.50775420699995, -51.963612412999964, 0.0], [-58.51583082999997, -51.962480152999944, 0.0], [-58.51053652999997, -51.96152836899995, 0.0], [-58.50643050699995, -51.96263966599997, 0.0]]], [[[-60.177342313999986, -51.40613327199998, 0.0], [-60.18177499199999, -51.40661392399994, 0.0], [-60.18413628999997, -51.40562591799994, 0.0], [-60.17960824399995, -51.403970338999954, 0.0], [-60.177342313999986, -51.40613327199998, 0.0]]], [[[-58.61382188199997, -51.97377487999995, 0.0], [-58.61706818899995, -51.97432038199997, 0.0], [-58.61804093699993, -51.97377106599998, 0.0], [-58.61175050099996, -51.97173401699996, 0.0], [-58.61382188199997, -51.97377487999995, 0.0]]], [[[-61.13637567599994, -51.88588939099998, 0.0], [-61.13851190599996, -51.88983760299993, 0.0], [-61.13977075599996, -51.890024522999965, 0.0], [-61.14077402199996, -51.886331895999945, 0.0], [-61.13637567599994, -51.88588939099998, 0.0]]], [[[-71.30658626199994, -70.30338130199993, 0.0], [-71.31036530799997, -70.30405570499994, 0.0], [-71.30231736599995, -70.30185829699997, 0.0], [-71.30658626199994, -70.30338130199993, 0.0]]], [[[-45.138798151999936, -60.76276630299998, 0.0], [-45.134572230999936, -60.766752097999984, 0.0], [-45.14374269399997, -60.76273262899997, 0.0], [-45.138798151999936, -60.76276630299998, 0.0]]], [[[-59.01244533999994, -51.72103796599998, 0.0], [-59.01485241399996, -51.71330175999998, 0.0], [-59.01379192799993, -51.71301565799996, 0.0], [-59.011609920999945, -51.71723089899996, 0.0], [-59.01244533999994, -51.72103796599998, 0.0]]], [[[-60.11563050399997, -51.68732646799998, 0.0], [-60.11432180099996, -51.68881363099996, 0.0], [-60.11908072299997, -51.68655314299997, 0.0], [-60.12211453499998, -51.68203216699993, 0.0], [-60.11563050399997, -51.68732646799998, 0.0]]], [[[-72.03687633699997, -70.16801027899999, 0.0], [-72.04285504299997, -70.16826934899996, 0.0], [-72.04463876899996, -70.16670123199998, 0.0], [-72.03511038599999, -70.16761962099997, 0.0], [-72.03687633699997, -70.16801027899999, 0.0]]], [[[-59.74534310699994, -52.10476455899993, 0.0], [-59.74773492199995, -52.10600052099994, 0.0], [-59.74893273699996, -52.104848481999966, 0.0], [-59.74462594399995, -52.10147628999994, 0.0], [-59.74534310699994, -52.10476455899993, 0.0]]], [[[-71.77223894699995, -70.08915689799994, 0.0], [-71.77677529499994, -70.08946607799999, 0.0], [-71.77849263999997, -70.08788468199998, 0.0], [-71.77281402099999, -70.08740353799993, 0.0], [-71.77223894699995, -70.08915689799994, 0.0]]], [[[-72.33579349599995, -70.57517704599996, 0.0], [-72.33992548099997, -70.57529647699994, 0.0], [-72.34150994599997, -70.57493442999998, 0.0], [-72.33829388099997, -70.57289994999996, 0.0], [-72.33579349599995, -70.57517704599996, 0.0]]], [[[-59.797405209999965, -52.003792534999945, 0.0], [-59.799430067999936, -52.00315310599996, 0.0], [-59.79846276599994, -51.99879989799996, 0.0], [-59.79639277999996, -52.002566961999946, 0.0], [-59.797405209999965, -52.003792534999945, 0.0]]], [[[-71.98179280699998, -70.17463813899997, 0.0], [-71.98623716099996, -70.17582810799996, 0.0], [-71.99391435599995, -70.17351525799995, 0.0], [-71.98649957799995, -70.17391354899996, 0.0], [-71.98179280699998, -70.17463813899997, 0.0]]], [[[-64.25253058199996, -65.24083012399996, 0.0], [-64.24772343499995, -65.24247557699994, 0.0], [-64.25982051099999, -65.23901904999997, 0.0], [-64.25253058199996, -65.24083012399996, 0.0]]], [[[-58.34422576399999, -51.52440044499997, 0.0], [-58.34728133699997, -51.526517601999956, 0.0], [-58.34874612699997, -51.52575068599998, 0.0], [-58.347637636999934, -51.523410540999976, 0.0], [-58.34422576399999, -51.52440044499997, 0.0]]], [[[-71.68780026799993, -70.09044968199998, 0.0], [-71.69013284799996, -70.09049041899993, 0.0], [-71.69244043399993, -70.08848720799995, 0.0], [-71.68577896299996, -70.08885756499996, 0.0], [-71.68780026799993, -70.09044968199998, 0.0]]], [[[-64.66502270199999, -54.89012635299997, 0.0], [-64.66623622699996, -54.89091157499996, 0.0], [-64.67128068499994, -54.891363672999944, 0.0], [-64.66364261499996, -54.888389346999986, 0.0], [-64.66502270199999, -54.89012635299997, 0.0]]], [[[-59.87747461499998, -51.40362135099997, 0.0], [-59.88613583799997, -51.40676924899998, 0.0], [-59.887872551999976, -51.40562940899997, 0.0], [-59.88568452299995, -51.40477115999994, 0.0], [-59.87747461499998, -51.40362135099997, 0.0]]], [[[-71.64966661599993, -70.10054927599998, 0.0], [-71.65213789499995, -70.10089520499997, 0.0], [-71.65633004499995, -70.09962267599997, 0.0], [-71.64831624899995, -70.09981350699996, 0.0], [-71.64966661599993, -70.10054927599998, 0.0]]], [[[-59.091874847999975, -52.036488134999956, 0.0], [-59.094872634999945, -52.03437096199997, 0.0], [-59.09355619599995, -52.03277527399996, 0.0], [-59.091168133999986, -52.033351283999934, 0.0], [-59.091874847999975, -52.036488134999956, 0.0]]], [[[-59.31205127399994, -51.79293103599997, 0.0], [-59.311505773999954, -51.788948491999975, 0.0], [-59.30764911499995, -51.78791470999994, 0.0], [-59.31177280299994, -51.79135175099998, 0.0], [-59.31205127399994, -51.79293103599997, 0.0]]], [[[-59.39479204799994, -52.350974220999944, 0.0], [-59.39781860199997, -52.35128731299994, 0.0], [-59.39901878699993, -52.34972185299995, 0.0], [-59.393330951999985, -52.34893912399997, 0.0], [-59.39479204799994, -52.350974220999944, 0.0]]], [[[-58.308346668999945, -63.352313100999936, 0.0], [-58.30451967299996, -63.35532794299996, 0.0], [-58.31203880999993, -63.354035212999975, 0.0], [-58.308346668999945, -63.352313100999936, 0.0]]], [[[-58.52692879999995, -51.99777374499996, 0.0], [-58.52489556699999, -51.99506912399994, 0.0], [-58.527962582999976, -51.99311218499997, 0.0], [-58.52338113199994, -51.994939424999984, 0.0], [-58.52692879999995, -51.99777374499996, 0.0]]], [[[-55.39780087999998, -60.98208282199994, 0.0], [-55.39452354399998, -60.98468007599996, 0.0], [-55.40346451499994, -60.98257543699998, 0.0], [-55.39944986499995, -60.981910898999956, 0.0], [-55.39780087999998, -60.98208282199994, 0.0]]], [[[-58.61907377499995, -51.967333649999944, 0.0], [-58.62199201899995, -51.96732983499999, 0.0], [-58.622461225999984, -51.96582684499998, 0.0], [-58.61818495099993, -51.964426850999985, 0.0], [-58.61907377499995, -51.967333649999944, 0.0]]], [[[-67.43099975599995, -54.881473540999934, 0.0], [-67.42792510999993, -54.88242721599994, 0.0], [-67.43929290799997, -54.88213348399995, 0.0], [-67.43733978299997, -54.88143157999997, 0.0], [-67.43099975599995, -54.881473540999934, 0.0]]], [[[-60.389187711999966, -51.76235351799994, 0.0], [-60.38623895099994, -51.763368226999944, 0.0], [-60.394207852999955, -51.763906099999986, 0.0], [-60.39104165499998, -51.76166687199998, 0.0], [-60.389187711999966, -51.76235351799994, 0.0]]], [[[-59.61687173299998, -51.346006013999954, 0.0], [-59.61397637699997, -51.34643707499998, 0.0], [-59.61308755299996, -51.34758148399993, 0.0], [-59.61956109399995, -51.34610901099995, 0.0], [-59.61687173299998, -51.346006013999954, 0.0]]], [[[-68.23844146699997, -54.87927246099997, 0.0], [-68.24325561499995, -54.87916946399997, 0.0], [-68.24645233199993, -54.87847137499995, 0.0], [-68.24237060499996, -54.87757492099996, 0.0], [-68.23844146699997, -54.87927246099997, 0.0]]], [[[-60.31418492199998, -51.57694223499993, 0.0], [-60.31613804699998, -51.57962778199993, 0.0], [-60.32205845699997, -51.57926157099996, 0.0], [-60.317114609999976, -51.577064304999965, 0.0], [-60.31418492199998, -51.57694223499993, 0.0]]], [[[-59.994828738999956, -51.37942805999995, 0.0], [-59.993551500999956, -51.382053488999986, 0.0], [-59.99941493399996, -51.38037817899993, 0.0], [-59.998800209999956, -51.38047280699993, 0.0], [-59.994828738999956, -51.37942805999995, 0.0]]], [[[-71.55259464999995, -73.01674289399995, 0.0], [-71.55364084399997, -73.01869918099999, 0.0], [-71.56099830499994, -73.01638760399999, 0.0], [-71.55259464999995, -73.01674289399995, 0.0]]], [[[-59.023139484999945, -51.730332948999944, 0.0], [-59.02101393199996, -51.731565485999965, 0.0], [-59.01756371399995, -51.731387025999936, 0.0], [-59.02124739499993, -51.73411712899997, 0.0], [-59.023139484999945, -51.730332948999944, 0.0]]], [[[-58.60598504099994, -52.00354847899996, 0.0], [-58.60733162899999, -52.00155339199995, 0.0], [-58.603303308999955, -52.00132451099995, 0.0], [-58.603234644999986, -52.003514146999976, 0.0], [-58.60598504099994, -52.00354847899996, 0.0]]], [[[-70.73192183299994, -70.14624868099997, 0.0], [-70.73290820599993, -70.14643607999994, 0.0], [-70.73653915299997, -70.14474586399996, 0.0], [-70.73096323499993, -70.14320379999998, 0.0], [-70.73192183299994, -70.14624868099997, 0.0]]], [[[-59.397396939999965, -52.338639833999935, 0.0], [-59.39558495899996, -52.33864746299997, 0.0], [-59.39328851099998, -52.340459443999976, 0.0], [-59.397723939999935, -52.34195487599993, 0.0], [-59.397396939999965, -52.338639833999935, 0.0]]], [[[-72.06125412899996, -70.08768171599996, 0.0], [-72.06408010899997, -70.08770650899999, 0.0], [-72.06524108899998, -70.08702851599998, 0.0], [-72.05874339699994, -70.08723546399995, 0.0], [-72.06125412899996, -70.08768171599996, 0.0]]], [[[-57.72569484699994, -51.67344714999996, 0.0], [-57.72495604399995, -51.67429015499994, 0.0], [-57.733863361999965, -51.67304847099996, 0.0], [-57.72627974399995, -51.67269751899994, 0.0], [-57.72569484699994, -51.67344714999996, 0.0]]], [[[-59.614903348999974, -51.39788208199997, 0.0], [-59.61776834999995, -51.397005358999934, 0.0], [-59.61328973199994, -51.39476165999997, 0.0], [-59.612225430999956, -51.39629898299995, 0.0], [-59.614903348999974, -51.39788208199997, 0.0]]], [[[-60.508790878999946, -51.86979460799995, 0.0], [-60.51096697299994, -51.868368489999966, 0.0], [-60.51007578799994, -51.86472635699994, 0.0], [-60.50753106499997, -51.86559066999996, 0.0], [-60.508790878999946, -51.86979460799995, 0.0]]], [[[-64.21079504199997, -64.60186356099996, 0.0], [-64.21390924899998, -64.60329137699995, 0.0], [-64.21701031199996, -64.59991970799996, 0.0], [-64.21314869999998, -64.60060456099995, 0.0], [-64.21079504199997, -64.60186356099996, 0.0]]], [[[-72.26494392599994, -69.68569491199997, 0.0], [-72.26903849999997, -69.68608711999997, 0.0], [-72.27104354299996, -69.68437470599997, 0.0], [-72.26684571999994, -69.68407624099996, 0.0], [-72.26494392599994, -69.68569491199997, 0.0]]], [[[-61.42703075099996, -63.971318821999944, 0.0], [-61.433118614999955, -63.97181642299995, 0.0], [-61.43451431099999, -63.969369116999985, 0.0], [-61.42703075099996, -63.971318821999944, 0.0]]], [[[-64.58158642599994, -54.81165910599998, 0.0], [-64.58310261899999, -54.810096751999936, 0.0], [-64.57862923199997, -54.80819318299996, 0.0], [-64.57948583799998, -54.810191929999974, 0.0], [-64.58158642599994, -54.81165910599998, 0.0]]], [[[-71.37781113399996, -70.25835461999998, 0.0], [-71.38091927399995, -70.25982447399997, 0.0], [-71.38513080699994, -70.25934839799999, 0.0], [-71.38227021199998, -70.25772462999998, 0.0], [-71.37781113399996, -70.25835461999998, 0.0]]], [[[-58.45228346299996, -52.03424556899995, 0.0], [-58.45204551699993, -52.035554272999946, 0.0], [-58.46031655699994, -52.031560517999935, 0.0], [-58.45484138399996, -52.03204456799995, 0.0], [-58.45228346299996, -52.03424556899995, 0.0]]], [[[-72.26887682599994, -70.17974240299998, 0.0], [-72.27018058999994, -70.18121438999998, 0.0], [-72.27390543999996, -70.17869613999994, 0.0], [-72.26907865399994, -70.17787735899998, 0.0], [-72.26887682599994, -70.17974240299998, 0.0]]], [[[-71.33490217199994, -70.25566216899995, 0.0], [-71.33766201799995, -70.25727206699997, 0.0], [-71.34211132199994, -70.25659504199996, 0.0], [-71.33956849999998, -70.25520969199994, 0.0], [-71.33490217199994, -70.25566216899995, 0.0]]], [[[-57.79019440999997, -51.60368118399998, 0.0], [-57.78911103599995, -51.60505828999993, 0.0], [-57.78396119499996, -51.60745773499997, 0.0], [-57.794073956999966, -51.60431442399994, 0.0], [-57.79019440999997, -51.60368118399998, 0.0]]], [[[-58.532768731999965, -52.06375088599998, 0.0], [-58.53413692199996, -52.06660623899995, 0.0], [-58.537111247999974, -52.06517856199997, 0.0], [-58.53372051599996, -52.06232320899994, 0.0], [-58.532768731999965, -52.06375088599998, 0.0]]], [[[-65.57899475099998, -54.949596404999966, 0.0], [-65.57311248799994, -54.95064926099997, 0.0], [-65.57286834699994, -54.95209503199993, 0.0], [-65.57978057899999, -54.94997405999993, 0.0], [-65.57899475099998, -54.949596404999966, 0.0]]], [[[-60.90131444899998, -51.16955880299997, 0.0], [-60.899502465999944, -51.16992500499998, 0.0], [-60.89799945999994, -51.17134025099995, 0.0], [-60.904427228999964, -51.17036753299993, 0.0], [-60.90131444899998, -51.16955880299997, 0.0]]], [[[-60.09081292899998, -51.40277158199996, 0.0], [-60.09258675499996, -51.40267622299996, 0.0], [-60.09456659099993, -51.40110839299996, 0.0], [-60.08871487999994, -51.401062586999956, 0.0], [-60.09081292899998, -51.40277158199996, 0.0]]], [[[-68.26150512699996, -54.86826705899995, 0.0], [-68.26540374799998, -54.867980956999986, 0.0], [-68.26627349899996, -54.86748123199993, 0.0], [-68.26248168899997, -54.86635971099997, 0.0], [-68.26150512699996, -54.86826705899995, 0.0]]], [[[-59.48146606199998, -51.809419867999964, 0.0], [-59.48263062799998, -51.80989418199994, 0.0], [-59.48568576099996, -51.80927510099997, 0.0], [-59.48034753199994, -51.807469941999955, 0.0], [-59.48146606199998, -51.809419867999964, 0.0]]], [[[-59.081852753999954, -52.447951082999964, 0.0], [-59.084822447999954, -52.44714116599994, 0.0], [-59.07645330899999, -52.44403648499997, 0.0], [-59.07935551099996, -52.446398741999985, 0.0], [-59.081852753999954, -52.447951082999964, 0.0]]], [[[-71.89455538899995, -70.00485027299999, 0.0], [-71.89697715499995, -70.00522993199996, 0.0], [-71.89838358799994, -70.00358729199996, 0.0], [-71.89574093299996, -70.00250214299996, 0.0], [-71.89455538899995, -70.00485027299999, 0.0]]], [[[-58.259817957999985, -51.85945448499996, 0.0], [-58.26421248899993, -51.86000761599996, 0.0], [-58.264925837999954, -51.85959181399994, 0.0], [-58.25768935699995, -51.857745499999965, 0.0], [-58.259817957999985, -51.85945448499996, 0.0]]], [[[-59.77376821399997, -51.232607073999986, 0.0], [-59.779547407999985, -51.232076881999944, 0.0], [-59.77972290799994, -51.23089432799998, 0.0], [-59.77520637199996, -51.23090954699995, 0.0], [-59.77376821399997, -51.232607073999986, 0.0]]], [[[-60.089885478999975, -51.38891684899994, 0.0], [-60.09058524799997, -51.38942626599999, 0.0], [-60.094614132999936, -51.38678979699995, 0.0], [-60.090237273999946, -51.38724991199996, 0.0], [-60.089885478999975, -51.38891684899994, 0.0]]], [[[-61.20318700099995, -51.83301088899998, 0.0], [-61.20714284199994, -51.833094811999956, 0.0], [-61.20880223499995, -51.83195040299995, 0.0], [-61.20577336599996, -51.831259942999964, 0.0], [-61.20318700099995, -51.83301088899998, 0.0]]], [[[-59.82564629899997, -51.353101350999964, 0.0], [-59.82883920099994, -51.35290680099996, 0.0], [-59.82247247099997, -51.35207519699998, 0.0], [-59.82405175599996, -51.352998353999965, 0.0], [-59.82564629899997, -51.353101350999964, 0.0]]], [[[-60.18876851199997, -65.06191573699994, 0.0], [-60.19078029899998, -65.06217813499995, 0.0], [-60.195217441999944, -65.06075895299995, 0.0], [-60.19081001599994, -65.06028609199996, 0.0], [-60.18876851199997, -65.06191573699994, 0.0]]], [[[-59.762238400999934, -51.38249740799995, 0.0], [-59.76342095799998, -51.38011322199998, 0.0], [-59.75856103299998, -51.38054428299995, 0.0], [-59.760319608999964, -51.38171539499996, 0.0], [-59.762238400999934, -51.38249740799995, 0.0]]], [[[-59.19880409099994, -51.71854296899994, 0.0], [-59.19858993999998, -51.720184796999945, 0.0], [-59.20016038399996, -51.714188554999964, 0.0], [-59.198518555999954, -51.71618730199998, 0.0], [-59.19880409099994, -51.71854296899994, 0.0]]], [[[-58.138954411999975, -51.80544361999995, 0.0], [-58.13859201599996, -51.80661473199996, 0.0], [-58.14479852799997, -51.804406022999956, 0.0], [-58.14229608699998, -51.80393299999997, 0.0], [-58.138954411999975, -51.80544361999995, 0.0]]], [[[-59.636364294999964, -51.339872483999955, 0.0], [-59.63707766099998, -51.338171132999946, 0.0], [-59.63142061099995, -51.332441425999946, 0.0], [-59.63423958799996, -51.33606540399995, 0.0], [-59.636364294999964, -51.339872483999955, 0.0]]], [[[-60.72796048099997, -51.58841262399994, 0.0], [-60.72607220599997, -51.588630061999936, 0.0], [-60.72501171999994, -51.58909545499995, 0.0], [-60.72950161799997, -51.59047637499998, 0.0], [-60.72796048099997, -51.58841262399994, 0.0]]], [[[-58.883925216999955, -51.89104597199997, 0.0], [-58.887152654999966, -51.891674473999956, 0.0], [-58.88600252499998, -51.88876386099997, 0.0], [-58.883925216999955, -51.89104597199997, 0.0]]], [[[-64.09691282399996, -54.739520390999985, 0.0], [-64.09262979399995, -54.73981782399994, 0.0], [-64.09126160399995, -54.74071012199994, 0.0], [-64.09411695799997, -54.742018825999935, 0.0], [-64.09691282399996, -54.739520390999985, 0.0]]], [[[-58.34323500299996, -51.546599312999945, 0.0], [-58.34610174799997, -51.54604618199994, 0.0], [-58.34771345799999, -51.543322487999944, 0.0], [-58.34287260699995, -51.54593174099995, 0.0], [-58.34323500299996, -51.546599312999945, 0.0]]], [[[-58.56551731299999, -51.94575661299996, 0.0], [-58.56781757599998, -51.94662254999997, 0.0], [-58.569595224999944, -51.94544762299995, 0.0], [-58.567458993999935, -51.94362419799995, 0.0], [-58.56551731299999, -51.94575661299996, 0.0]]], [[[-71.39237838099996, -70.26262369499995, 0.0], [-71.39779018099995, -70.26440955099997, 0.0], [-71.40063232799997, -70.26279440299999, 0.0], [-71.39237838099996, -70.26262369499995, 0.0]]], [[[-58.45731008499996, -51.97607884399997, 0.0], [-58.45504415499994, -51.977772569999956, 0.0], [-58.459968928999956, -51.977539872999955, 0.0], [-58.45959508899995, -51.97625431999995, 0.0], [-58.45731008499996, -51.97607884399997, 0.0]]], [[[-59.80537118299998, -51.39444885499995, 0.0], [-59.80758370799998, -51.39420089899994, 0.0], [-59.80851449399995, -51.39291153199997, 0.0], [-59.802491086999964, -51.393106080999985, 0.0], [-59.80537118299998, -51.39444885499995, 0.0]]], [[[-61.191585861999954, -51.82715685199997, 0.0], [-61.194381728999986, -51.82685941999995, 0.0], [-61.19497659399997, -51.82340920099995, 0.0], [-61.193013538999935, -51.82376612099995, 0.0], [-61.191585861999954, -51.82715685199997, 0.0]]], [[[-59.91215284699996, -51.36797258499996, 0.0], [-59.91444258299998, -51.36813281599996, 0.0], [-59.91276322999994, -51.36542437099996, 0.0], [-59.91075290499998, -51.365941249999935, 0.0], [-59.91215284699996, -51.36797258499996, 0.0]]], [[[-58.93963659199994, -51.83654782999997, 0.0], [-58.93844640699996, -51.836822488999985, 0.0], [-58.936985377999974, -51.838447549999955, 0.0], [-58.939903620999985, -51.839084603999936, 0.0], [-58.93963659199994, -51.83654782999997, 0.0]]], [[[-59.015583651999975, -51.77784224199996, 0.0], [-59.017502444999934, -51.778265672999964, 0.0], [-59.01908554399995, -51.77508802999995, 0.0], [-59.01495804199993, -51.77680082899997, 0.0], [-59.015583651999975, -51.77784224199996, 0.0]]], [[[-58.810858709999934, -51.89817090399998, 0.0], [-58.813036901999965, -51.897892430999946, 0.0], [-58.815978033999954, -51.89629407299998, 0.0], [-58.81334207799995, -51.895843937999985, 0.0], [-58.810858709999934, -51.89817090399998, 0.0]]], [[[-58.485644107999974, -51.98518524399998, 0.0], [-58.48320651599994, -51.985429383999985, 0.0], [-58.48208880999994, -51.98712310999997, 0.0], [-58.48727729799998, -51.986453222999955, 0.0], [-58.485644107999974, -51.98518524399998, 0.0]]], [[[-64.48327114299997, -54.87858810899996, 0.0], [-64.48526988999998, -54.87711284299996, 0.0], [-64.48022543199994, -54.87635141599998, 0.0], [-64.48136757399993, -54.87768391399993, 0.0], [-64.48327114299997, -54.87858810899996, 0.0]]], [[[-60.25805367799995, -51.757238008999934, 0.0], [-60.25999917399997, -51.75695190599998, 0.0], [-60.25983132699997, -51.75359497299996, 0.0], [-60.256939786999965, -51.755811311999935, 0.0], [-60.25805367799995, -51.757238008999934, 0.0]]], [[[-65.58744049099994, -54.94893264799998, 0.0], [-65.58837127699996, -54.95038604699994, 0.0], [-65.59251403799993, -54.949874877999946, 0.0], [-65.59101867699997, -54.94898605299994, 0.0], [-65.58744049099994, -54.94893264799998, 0.0]]], [[[-60.38739806299998, -52.21832114099993, 0.0], [-60.38864727999999, -52.21695295099994, 0.0], [-60.385435006999955, -52.21564424699994, 0.0], [-60.38531603399997, -52.21707192399998, 0.0], [-60.38739806299998, -52.21832114099993, 0.0]]], [[[-59.53826798799997, -51.92124900999994, 0.0], [-59.53984345799995, -51.921374894999985, 0.0], [-59.54029549999996, -51.918023683999934, 0.0], [-59.53786326699998, -51.918928877999974, 0.0], [-59.53826798799997, -51.92124900999994, 0.0]]], [[[-71.60649103399999, -70.11768198799996, 0.0], [-71.60912236599995, -70.11777098799996, 0.0], [-71.61037362199994, -70.11667718099994, 0.0], [-71.60472456499997, -70.11698378699998, 0.0], [-71.60649103399999, -70.11768198799996, 0.0]]], [[[-59.03092063599996, -51.80275659999995, 0.0], [-59.028620373999956, -51.80324106599994, 0.0], [-59.02885307099996, -51.80497293899998, 0.0], [-59.031801831999985, -51.80468302199995, 0.0], [-59.03092063599996, -51.80275659999995, 0.0]]], [[[-60.68895962299996, -52.19664401699998, 0.0], [-60.69042242199998, -52.196727531999954, 0.0], [-60.69230797399996, -52.195403286999976, 0.0], [-60.68911371799999, -52.19452653099995, 0.0], [-60.68895962299996, -52.19664401699998, 0.0]]], [[[-71.66469659599994, -70.11311969199994, 0.0], [-71.66655109699997, -70.11365105199997, 0.0], [-71.67128116099997, -70.11273503699994, 0.0], [-71.66863010299994, -70.11182961699996, 0.0], [-71.66469659599994, -70.11311969199994, 0.0]]], [[[-58.50342462799995, -51.917591526999956, 0.0], [-58.50540064099994, -51.91809888199998, 0.0], [-58.50894067999997, -51.91745038399995, 0.0], [-58.506148321999945, -51.91638608299996, 0.0], [-58.50342462799995, -51.917591526999956, 0.0]]], [[[-59.91006998299997, -51.37243958299996, 0.0], [-59.912095575999956, -51.37126466899997, 0.0], [-59.90788421999997, -51.37067717999997, 0.0], [-59.908197007999945, -51.37149734199994, 0.0], [-59.91006998299997, -51.37243958299996, 0.0]]], [[[-71.65501088199994, -70.08853008099999, 0.0], [-71.65691208499999, -70.08917094999998, 0.0], [-71.65980262599999, -70.08793085599996, 0.0], [-71.65757195999998, -70.08720259099994, 0.0], [-71.65501088199994, -70.08853008099999, 0.0]]], [[[-60.37864159099996, -51.75759257699997, 0.0], [-60.38232615499999, -51.758711554999934, 0.0], [-60.38332261399995, -51.758277513999985, 0.0], [-60.38170327599994, -51.75669632199998, 0.0], [-60.37864159099996, -51.75759257699997, 0.0]]], [[[-58.26152754599997, -51.866548989999956, 0.0], [-58.26282072899994, -51.867075417999956, 0.0], [-58.26541853799995, -51.86668631899994, 0.0], [-58.26377058799994, -51.864954445999956, 0.0], [-58.26152754599997, -51.866548989999956, 0.0]]], [[[-60.080178159999946, -51.94832382399994, 0.0], [-60.08153619199999, -51.94675979799996, 0.0], [-60.080654996999954, -51.944570161999934, 0.0], [-60.07936181399998, -51.94553909499996, 0.0], [-60.080178159999946, -51.94832382399994, 0.0]]], [[[-61.08742067299994, -51.944161951999945, 0.0], [-61.08907913199994, -51.94448695699998, 0.0], [-61.083521134999955, -51.94215627799997, 0.0], [-61.08742067299994, -51.944161951999945, 0.0]]], [[[-61.22417583099997, -51.87269755099993, 0.0], [-61.226257858999986, -51.871924225999976, 0.0], [-61.222212774999946, -51.87132936099994, 0.0], [-61.22233174799999, -51.871805252999934, 0.0], [-61.22417583099997, -51.87269755099993, 0.0]]], [[[-58.365357296999946, -51.46828613599996, 0.0], [-58.36637963599998, -51.47015915199995, 0.0], [-58.36870278699996, -51.468049624999935, 0.0], [-58.364560024999946, -51.467996218999986, 0.0], [-58.365357296999946, -51.46828613599996, 0.0]]], [[[-61.16857613899998, -51.84716568199997, 0.0], [-61.16663827299993, -51.848405458999935, 0.0], [-61.167351621999956, -51.850526429999945, 0.0], [-61.16950771399996, -51.848367561999964, 0.0], [-61.16857613899998, -51.84716568199997, 0.0]]], [[[-58.15837847299997, -51.80372425099995, 0.0], [-58.163532128999975, -51.80254932399998, 0.0], [-58.16527163099994, -51.80011173199995, 0.0], [-58.162464013999966, -51.80233951599996, 0.0], [-58.15837847299997, -51.80372425099995, 0.0]]], [[[-71.72936262799993, -70.07995738499994, 0.0], [-71.73102702499995, -70.08005034499996, 0.0], [-71.73255806999998, -70.07925750299995, 0.0], [-71.72925938499998, -70.07808525299998, 0.0], [-71.72936262799993, -70.07995738499994, 0.0]]], [[[-59.25343407999998, -52.00746689099998, 0.0], [-59.254467862999945, -52.00721893499997, 0.0], [-59.24913873099996, -52.00431213599995, 0.0], [-59.250450986999965, -52.00594482599996, 0.0], [-59.25343407999998, -52.00746689099998, 0.0]]], [[[-59.15460553699995, -51.537756007999974, 0.0], [-59.15650910499994, -51.53745857499996, 0.0], [-59.15379656699997, -51.53551409299996, 0.0], [-59.15343607799997, -51.53687975499997, 0.0], [-59.15460553699995, -51.537756007999974, 0.0]]], [[[-60.98588647299994, -52.02560196099995, 0.0], [-60.98618925799997, -52.02431082199996, 0.0], [-60.982043164999936, -52.02163467599996, 0.0], [-60.98320473999996, -52.02400360299998, 0.0], [-60.98588647299994, -52.02560196099995, 0.0]]], [[[-59.71774837999993, -52.365094531999944, 0.0], [-59.71766064199994, -52.36609016799997, 0.0], [-59.72232220199999, -52.36529289699996, 0.0], [-59.71876690499994, -52.36443077499996, 0.0], [-59.71774837999993, -52.365094531999944, 0.0]]], [[[-60.647448493999946, -51.23520339099997, 0.0], [-60.64628977499996, -51.23605169699994, 0.0], [-60.652374889999976, -51.23879336199997, 0.0], [-60.65254300399994, -51.237822096999935, 0.0], [-60.647448493999946, -51.23520339099997, 0.0]]], [[[-60.10950511999994, -51.40094893099996, 0.0], [-60.10825701899995, -51.40209759099997, 0.0], [-60.11450353799995, -51.39901426599994, 0.0], [-60.11383556199996, -51.398649802999955, 0.0], [-60.10950511999994, -51.40094893099996, 0.0]]], [[[-59.88533505999993, -51.39854956399995, 0.0], [-59.88624508099997, -51.39952073799998, 0.0], [-59.89026298799996, -51.398211826999955, 0.0], [-59.888621323999985, -51.397924898999975, 0.0], [-59.88533505999993, -51.39854956399995, 0.0]]], [[[-59.722024801999964, -51.36390274699994, 0.0], [-59.72335440799998, -51.36390589299998, 0.0], [-59.72383963699997, -51.36218285999996, 0.0], [-59.72022504599994, -51.36312555599994, 0.0], [-59.722024801999964, -51.36390274699994, 0.0]]], [[[-60.260304952999945, -51.66071782199998, 0.0], [-60.261453176999964, -51.66090092699994, 0.0], [-60.26320793799994, -51.65994343799997, 0.0], [-60.25884392399996, -51.659100389999935, 0.0], [-60.260304952999945, -51.66071782199998, 0.0]]], [[[-60.27083672899994, -51.758092500999965, 0.0], [-60.27179421799997, -51.75702819999998, 0.0], [-60.26801385299996, -51.75570449999998, 0.0], [-60.26830376999993, -51.756505586999936, 0.0], [-60.27083672899994, -51.758092500999965, 0.0]]], [[[-60.95303127799997, -51.84066615599994, 0.0], [-60.95437404799998, -51.840931517999934, 0.0], [-60.950459885999976, -51.838476739999976, 0.0], [-60.95122964099994, -51.83975977099993, 0.0], [-60.95303127799997, -51.84066615599994, 0.0]]], [[[-59.18733491299997, -51.59515724399995, 0.0], [-59.189783948999946, -51.59506950599996, 0.0], [-59.19062318199997, -51.594268418999945, 0.0], [-59.18841065799995, -51.593375779999974, 0.0], [-59.18733491299997, -51.59515724399995, 0.0]]], [[[-71.99697584599994, -70.17168784499995, 0.0], [-72.00126710599994, -70.17300862399998, 0.0], [-72.00223593399994, -70.17233292299994, 0.0], [-71.99999536399997, -70.17125248499997, 0.0], [-71.99697584599994, -70.17168784499995, 0.0]]], [[[-58.09847453499998, -51.79694901499994, 0.0], [-58.09472850199995, -51.79725800499995, 0.0], [-58.093622239999945, -51.797689065999975, 0.0], [-58.096277268999984, -51.79827652999995, 0.0], [-58.09847453499998, -51.79694901499994, 0.0]]], [[[-61.04238976899995, -51.79070434799996, 0.0], [-61.043984311999964, -51.79055938899995, 0.0], [-61.040245908999964, -51.788369752999984, 0.0], [-61.039879697999936, -51.78892288399993, 0.0], [-61.04238976899995, -51.79070434799996, 0.0]]], [[[-58.80154836599996, -51.90522692299999, 0.0], [-58.80350530599998, -51.905352807999975, 0.0], [-58.80563390699996, -51.90387651999998, 0.0], [-58.80269658999998, -51.90382311399998, 0.0], [-58.80154836599996, -51.90522692299999, 0.0]]], [[[-59.01564265099995, -52.13216245399997, 0.0], [-59.01724878799996, -52.13127015699996, 0.0], [-59.01427446099996, -52.12990196699997, 0.0], [-59.01373908299996, -52.130734777999976, 0.0], [-59.01564265099995, -52.13216245399997, 0.0]]], [[[-58.96008966699998, -51.84386487399996, 0.0], [-58.962519628999985, -51.843410923999954, 0.0], [-58.963976843999944, -51.842361883999956, 0.0], [-58.96057031899994, -51.842632726999966, 0.0], [-58.96008966699998, -51.84386487399996, 0.0]]], [[[-60.08782850199998, -51.404323414999965, 0.0], [-60.08825573099995, -51.40468581699997, 0.0], [-60.09198651699995, -51.403446093999946, 0.0], [-60.086279787999956, -51.40320950199998, 0.0], [-60.08782850199998, -51.404323414999965, 0.0]]], [[[-59.75412955199994, -52.02384134399995, 0.0], [-59.752538604999984, -52.023881263999954, 0.0], [-59.757019895999974, -52.025559999999984, 0.0], [-59.755505460999984, -52.02442321999996, 0.0], [-59.75412955199994, -52.02384134399995, 0.0]]], [[[-58.86731456999996, -52.20696468299997, 0.0], [-58.86925973299998, -52.20713195999997, 0.0], [-58.87042702999997, -52.20585785099996, 0.0], [-58.868561642999964, -52.20520553799997, 0.0], [-58.86731456999996, -52.20696468299997, 0.0]]], [[[-58.230019467999966, -51.84870872699997, 0.0], [-58.23117532099997, -51.84978065699994, 0.0], [-58.23653497099997, -51.84862480299995, 0.0], [-58.23172845199997, -51.848548508999954, 0.0], [-58.230019467999966, -51.84870872699997, 0.0]]], [[[-58.875357433999966, -52.204339147999974, 0.0], [-58.877650948999985, -52.204280650999976, 0.0], [-58.87884215899999, -52.20286667499994, 0.0], [-58.87620429699996, -52.20303070699998, 0.0], [-58.875357433999966, -52.204339147999974, 0.0]]], [[[-58.94245895399996, -51.83592011899998, 0.0], [-58.94449600199994, -51.835939191999955, 0.0], [-58.94681152299995, -51.83371140899993, 0.0], [-58.94259246799999, -51.83502366499994, 0.0], [-58.94245895399996, -51.83592011899998, 0.0]]], [[[-72.19897176799998, -69.71192324599997, 0.0], [-72.20136294699995, -69.71209958099996, 0.0], [-72.20175368199995, -69.71123903699998, 0.0], [-72.19846003299995, -69.71039556899996, 0.0], [-72.19897176799998, -69.71192324599997, 0.0]]], [[[-61.14810121199997, -51.825074823999955, 0.0], [-61.14845813199997, -51.82620506799998, 0.0], [-61.151372970999944, -51.82566968899994, 0.0], [-61.15036169999996, -51.82447995899997, 0.0], [-61.14810121199997, -51.825074823999955, 0.0]]], [[[-58.86047067099997, -52.210483171999954, 0.0], [-58.86095132299994, -52.21115837299993, 0.0], [-58.863644498999975, -52.20999107599994, 0.0], [-58.861786740999946, -52.20916328599998, 0.0], [-58.86047067099997, -52.210483171999954, 0.0]]], [[[-68.20400237999996, -54.87093353299997, 0.0], [-68.20536041299994, -54.87213897699996, 0.0], [-68.20846557599998, -54.87179183999996, 0.0], [-68.20694732699997, -54.87083816499995, 0.0], [-68.20400237999996, -54.87093353299997, 0.0]]], [[[-58.69125451499997, -51.94251785499995, 0.0], [-58.69093026499996, -51.94317016799994, 0.0], [-58.69488992099997, -51.94255600199995, 0.0], [-58.69461907799996, -51.941430665999974, 0.0], [-58.69125451499997, -51.94251785499995, 0.0]]], [[[-60.74316344199997, -51.323485818999984, 0.0], [-60.74728495599999, -51.323294558999976, 0.0], [-60.74747192899997, -51.322268408999946, 0.0], [-60.74501146499995, -51.322092881999936, 0.0], [-60.74316344199997, -51.323485818999984, 0.0]]], [[[-58.83065183499997, -52.19063206199996, 0.0], [-58.831394226999976, -52.190803382999945, 0.0], [-58.83316454599998, -52.19063206199996, 0.0], [-58.83128001299997, -52.18829067299998, 0.0], [-58.83065183499997, -52.19063206199996, 0.0]]], [[[-68.25778961199995, -54.87386703499993, 0.0], [-68.26129913299997, -54.873695373999965, 0.0], [-68.26149749799998, -54.87321472199994, 0.0], [-68.25708007799994, -54.873146056999985, 0.0], [-68.25778961199995, -54.87386703499993, 0.0]]], [[[-64.61271382099994, -54.917059233999964, 0.0], [-64.61276141099995, -54.91596468199998, 0.0], [-64.60985846799997, -54.91510807599997, 0.0], [-64.60985846799997, -54.91610744999997, 0.0], [-64.61271382099994, -54.917059233999964, 0.0]]], [[[-60.50531091099998, -52.22788582099997, 0.0], [-60.50706447099998, -52.22716579599995, 0.0], [-60.50678751899994, -52.22551900999997, 0.0], [-60.50411062499995, -52.22694668699995, 0.0], [-60.50531091099998, -52.22788582099997, 0.0]]], [[[-60.10978880299996, -51.68064455899997, 0.0], [-60.110752608999974, -51.67959321999996, 0.0], [-60.111525933999985, -51.67721375899998, 0.0], [-60.10861109399997, -51.680069111999956, 0.0], [-60.10978880299996, -51.68064455899997, 0.0]]], [[[-61.073326649999956, -51.79949561799998, 0.0], [-61.07528970599998, -51.79973356399995, 0.0], [-61.07540867899996, -51.79866280699997, 0.0], [-61.07219640599993, -51.79765153599993, 0.0], [-61.073326649999956, -51.79949561799998, 0.0]]], [[[-58.18697972699994, -51.85412408999997, 0.0], [-58.18914647499997, -51.85485651199997, 0.0], [-58.19254918499996, -51.85416605199998, 0.0], [-58.18965382899995, -51.85391428199995, 0.0], [-58.18697972699994, -51.85412408999997, 0.0]]], [[[-58.197890264999955, -51.86573834899997, 0.0], [-58.198431951999964, -51.866394474999936, 0.0], [-58.20143411899994, -51.865894750999985, 0.0], [-58.200751287999935, -51.86493344599995, 0.0], [-58.197890264999955, -51.86573834899997, 0.0]]], [[[-61.29543198799996, -51.79880104299997, 0.0], [-61.29656876699994, -51.798701860999984, 0.0], [-61.29869736899997, -51.79685554799994, 0.0], [-61.29568375799994, -51.79712639099995, 0.0], [-61.29543198799996, -51.79880104299997, 0.0]]], [[[-58.85790537099996, -51.90589185099998, 0.0], [-58.85722254099994, -51.906708195999954, 0.0], [-58.862086955999985, -51.90509508699995, 0.0], [-58.86100671999998, -51.90493054799998, 0.0], [-58.85790537099996, -51.90589185099998, 0.0]]], [[[-60.08576682199998, -51.406036839999956, 0.0], [-60.08652593599999, -51.406181799999956, 0.0], [-60.08934114799996, -51.406086441999946, 0.0], [-60.08484749799999, -51.40518234499996, 0.0], [-60.08576682199998, -51.406036839999956, 0.0]]], [[[-58.26731767199993, -51.85962639099995, 0.0], [-58.27038468799998, -51.860725022999986, 0.0], [-58.272311109999976, -51.86007270999994, 0.0], [-58.26953401099996, -51.85934791799997, 0.0], [-58.26731767199993, -51.85962639099995, 0.0]]], [[[-59.67999398799998, -51.388773766999975, 0.0], [-59.67855967799994, -51.38900264499995, 0.0], [-59.68300755599995, -51.38970074499997, 0.0], [-59.68287404599994, -51.38914761299998, 0.0], [-59.67999398799998, -51.388773766999975, 0.0]]], [[[-60.51353539799999, -51.78674087699994, 0.0], [-60.515988248999975, -51.78615722899997, 0.0], [-60.51671685599996, -51.784543611999936, 0.0], [-60.51414193499994, -51.78535995699997, 0.0], [-60.51353539799999, -51.78674087699994, 0.0]]], [[[-58.200726405999944, -51.87075386199996, 0.0], [-58.20364083399994, -51.87054786799996, 0.0], [-58.20421685399998, -51.87010917799995, 0.0], [-58.20027627099995, -51.86979255799997, 0.0], [-58.200726405999944, -51.87075386199996, 0.0]]], [[[-58.32592095799998, -51.83138427899996, 0.0], [-58.32632150099994, -51.831975556999964, 0.0], [-58.33037270899996, -51.83134994699998, 0.0], [-58.32806100299996, -51.830827332999945, 0.0], [-58.32592095799998, -51.83138427899996, 0.0]]], [[[-58.31921281199993, -51.39095649799998, 0.0], [-58.31956376399995, -51.39142570599995, 0.0], [-58.32237519599994, -51.39165458799994, 0.0], [-58.320937054999945, -51.39038047899999, 0.0], [-58.31921281199993, -51.39095649799998, 0.0]]], [[[-68.25564575199996, -54.83559417699996, 0.0], [-68.25438690199996, -54.835517882999966, 0.0], [-68.25238037099996, -54.83629608199993, 0.0], [-68.25862884499998, -54.83528137199994, 0.0], [-68.25564575199996, -54.83559417699996, 0.0]]], [[[-60.68661528399997, -52.20362796899997, 0.0], [-60.689589609999985, -52.203271049999955, 0.0], [-60.689589609999985, -52.202497724999944, 0.0], [-60.68762655499995, -52.202200292999976, 0.0], [-60.68661528399997, -52.20362796899997, 0.0]]], [[[-64.35518856399995, -54.84258274699994, 0.0], [-64.35342776299996, -54.842963460999954, 0.0], [-64.35552168799995, -54.84467667299998, 0.0], [-64.35647347299994, -54.844200780999984, 0.0], [-64.35518856399995, -54.84258274699994, 0.0]]], [[[-58.92049683999994, -52.12812004299997, 0.0], [-58.92307938999994, -52.12818489299997, 0.0], [-58.92364396499994, -52.12677345499998, 0.0], [-58.921973127999934, -52.12699852199995, 0.0], [-58.92049683999994, -52.12812004299997, 0.0]]], [[[-60.105320828999936, -51.49755821399998, 0.0], [-60.108143704999975, -51.49779472599994, 0.0], [-60.108143704999975, -51.49722252099997, 0.0], [-60.10563363399996, -51.49594459699995, 0.0], [-60.105320828999936, -51.49755821399998, 0.0]]], [[[-67.35598754899996, -54.88423919699994, 0.0], [-67.35803985599995, -54.88407134999994, 0.0], [-67.35868835399998, -54.883548736999956, 0.0], [-67.35475921599993, -54.88387298599997, 0.0], [-67.35598754899996, -54.88423919699994, 0.0]]], [[[-59.69707192799996, -51.43790207099994, 0.0], [-59.69939507899994, -51.43800506799994, 0.0], [-59.69957818399996, -51.43725738699993, 0.0], [-59.69699563399996, -51.43678054999998, 0.0], [-59.69707192799996, -51.43790207099994, 0.0]]], [[[-60.510148063999964, -51.32675396399998, 0.0], [-60.50873125499999, -51.32735467799995, 0.0], [-60.51488469399993, -51.32601977699994, 0.0], [-60.51384089499999, -51.32602436099995, 0.0], [-60.510148063999964, -51.32675396399998, 0.0]]], [[[-64.36189864399995, -54.83106615599996, 0.0], [-64.36099444899997, -54.83149445899994, 0.0], [-64.36418292599996, -54.832398653999974, 0.0], [-64.36346908799999, -54.83106615599996, 0.0], [-64.36189864399995, -54.83106615599996, 0.0]]], [[[-60.39458037899993, -51.766623262999985, 0.0], [-60.39637841599995, -51.76694641299997, 0.0], [-60.39269723299998, -51.76583252199998, 0.0], [-60.39332093599995, -51.76660118299998, 0.0], [-60.39458037899993, -51.766623262999985, 0.0]]], [[[-68.19799041699997, -54.87313842799995, 0.0], [-68.19858550999999, -54.87309265099998, 0.0], [-68.20069122299998, -54.87206649799998, 0.0], [-68.19714355499997, -54.87217330899995, 0.0], [-68.19799041699997, -54.87313842799995, 0.0]]], [[[-60.614934020999954, -52.24907567399998, 0.0], [-60.61600477899998, -52.24919464699997, 0.0], [-60.61701604999996, -52.248183375999986, 0.0], [-60.614101209999944, -52.24794542999996, 0.0], [-60.614934020999954, -52.24907567399998, 0.0]]], [[[-59.81918956399994, -51.41028879199996, 0.0], [-59.82080549699998, -51.41035072699998, 0.0], [-59.820907069999976, -51.40868617499996, 0.0], [-59.81881516399994, -51.408801866999966, 0.0], [-59.81918956399994, -51.41028879199996, 0.0]]], [[[-60.75162591399999, -51.320535279999945, 0.0], [-60.75317606899995, -51.32068689499994, 0.0], [-60.75616158899999, -51.31967697399995, 0.0], [-60.75416268699996, -51.31943283299995, 0.0], [-60.75162591399999, -51.320535279999945, 0.0]]], [[[-59.87793665199996, -51.40145295499997, 0.0], [-59.87903163399994, -51.40145409099995, 0.0], [-59.87346736699993, -51.40076330699998, 0.0], [-59.875838863999945, -51.40110829799994, 0.0], [-59.87793665199996, -51.40145295499997, 0.0]]], [[[-66.54755401599994, -55.063507079999965, 0.0], [-66.54888915999999, -55.06259155299995, 0.0], [-66.54600524899996, -55.06291198699995, 0.0], [-66.54638671899994, -55.06324768099995, 0.0], [-66.54755401599994, -55.063507079999965, 0.0]]], [[[-58.23067450299993, -51.56713030399993, 0.0], [-58.232230898999944, -51.56715319199998, 0.0], [-58.23234533999994, -51.56497499999995, 0.0], [-58.231364962999976, -51.564902520999965, 0.0], [-58.23067450299993, -51.56713030399993, 0.0]]], [[[-59.057743925999944, -52.07958469499994, 0.0], [-59.05847062599997, -52.07784042399993, 0.0], [-59.05675401199994, -52.07777175999996, 0.0], [-59.05692185899994, -52.078610992999984, 0.0], [-59.057743925999944, -52.07958469499994, 0.0]]], [[[-68.18495178199998, -54.85486602799995, 0.0], [-68.18616485599995, -54.85449600199996, 0.0], [-68.18291473399995, -54.854251861999956, 0.0], [-68.18323516799995, -54.85473251299993, 0.0], [-68.18495178199998, -54.85486602799995, 0.0]]], [[[-60.08460718599997, -51.41630371599996, 0.0], [-60.08278376599998, -51.41659362399997, 0.0], [-60.08841042299997, -51.416166404999956, 0.0], [-60.08749490599996, -51.41573533999997, 0.0], [-60.08460718599997, -51.41630371599996, 0.0]]], [[[-61.23331205499994, -51.72109725699994, 0.0], [-61.23384743399998, -51.72228698699996, 0.0], [-61.23503716399995, -51.72091879699997, 0.0], [-61.23396640699997, -51.71984803999993, 0.0], [-61.23331205499994, -51.72109725699994, 0.0]]], [[[-60.245512351999935, -51.15987906999993, 0.0], [-60.24283754399994, -51.15989141599994, 0.0], [-60.24237177499998, -51.16035718499995, 0.0], [-60.24819389099997, -51.16000785899996, 0.0], [-60.245512351999935, -51.15987906999993, 0.0]]], [[[-59.371963077999965, -52.357817041999965, 0.0], [-59.37288511899993, -52.35832267799998, 0.0], [-59.37416407999996, -52.35692474399997, 0.0], [-59.37231999699998, -52.35686525799997, 0.0], [-59.371963077999965, -52.357817041999965, 0.0]]], [[[-60.979172604999974, -52.02285919399998, 0.0], [-60.980225461999964, -52.023517228999935, 0.0], [-60.97820367199995, -52.020921327999986, 0.0], [-60.97806252899994, -52.02173385799995, 0.0], [-60.979172604999974, -52.02285919399998, 0.0]]], [[[-61.219393629999956, -51.84492073299998, 0.0], [-61.22108735499995, -51.845023728999934, 0.0], [-61.22138108699994, -51.84405861099998, 0.0], [-61.21980180199995, -51.84364280899996, 0.0], [-61.219393629999956, -51.84492073299998, 0.0]]], [[[-60.26604691399996, -51.15749383299993, 0.0], [-60.26391568399998, -51.15857223099994, 0.0], [-60.26848396299994, -51.15709585199994, 0.0], [-60.26689557799995, -51.15709948699998, 0.0], [-60.26604691399996, -51.15749383299993, 0.0]]], [[[-58.87098596799996, -51.89442868599997, 0.0], [-58.87178705499997, -51.89512677499994, 0.0], [-58.87366579299999, -51.894743398999935, 0.0], [-58.872977239999955, -51.89362187699999, 0.0], [-58.87098596799996, -51.89442868599997, 0.0]]], [[[-60.25388224499994, -51.15848321499993, 0.0], [-60.25330003999994, -51.159065425999984, 0.0], [-60.25935504399996, -51.15883250699994, 0.0], [-60.255672484999934, -51.158765553999956, 0.0], [-60.25388224499994, -51.15848321499993, 0.0]]], [[[-60.52828492499998, -51.84345779599994, 0.0], [-60.52927803799997, -51.842097681999974, 0.0], [-60.52732648199998, -51.84185848499993, 0.0], [-60.52828492499998, -51.84345779599994, 0.0]]], [[[-59.03663911299998, -51.81384239399995, 0.0], [-59.03839005899994, -51.813712693999946, 0.0], [-59.038405317999946, -51.81313285999994, 0.0], [-59.03559769999998, -51.81340370399994, 0.0], [-59.03663911299998, -51.81384239399995, 0.0]]], [[[-60.464249508999956, -51.84429321499994, 0.0], [-60.464768307999975, -51.845727540999974, 0.0], [-60.46667441899996, -51.84559548999994, 0.0], [-60.46559800499995, -51.844243623999944, 0.0], [-60.464249508999956, -51.84429321499994, 0.0]]], [[[-60.79032251999996, -51.12061226099996, 0.0], [-60.787384895999935, -51.12077033199995, 0.0], [-60.78643353299998, -51.121468005999986, 0.0], [-60.788366863999954, -51.12160593799996, 0.0], [-60.79032251999996, -51.12061226099996, 0.0]]], [[[-60.794058932999974, -51.119736150999984, 0.0], [-60.79458863499997, -51.11977488399998, 0.0], [-60.79789025699995, -51.11816126699995, 0.0], [-60.794619168999986, -51.11890281799998, 0.0], [-60.794058932999974, -51.119736150999984, 0.0]]], [[[-60.08371162199995, -51.956702821999954, 0.0], [-60.08478237899993, -51.95741665999998, 0.0], [-60.08537724399997, -51.95569155099997, 0.0], [-60.08383059499994, -51.95551309099994, 0.0], [-60.08371162199995, -51.956702821999954, 0.0]]], [[[-60.39264001299995, -51.79807815799995, 0.0], [-60.39312066499997, -51.79863510299998, 0.0], [-60.39482964899997, -51.79768524399998, 0.0], [-60.39329614099995, -51.797074891999955, 0.0], [-60.39264001299995, -51.79807815799995, 0.0]]], [[[-64.09441438999994, -54.742851636999944, 0.0], [-64.09453336299998, -54.74356547499997, 0.0], [-64.09756717599998, -54.74314906899997, 0.0], [-64.09608001299995, -54.742613690999974, 0.0], [-64.09441438999994, -54.742851636999944, 0.0]]], [[[-58.93592156699998, -51.84825096299994, 0.0], [-58.936818020999965, -51.84799537799995, 0.0], [-58.937493221999944, -51.846595383999954, 0.0], [-58.93545235899995, -51.84749183799994, 0.0], [-58.93592156699998, -51.84825096299994, 0.0]]], [[[-58.44602360799996, -51.949655751999956, 0.0], [-58.445626878999974, -51.950548390999984, 0.0], [-58.448777818999986, -51.950411061999944, 0.0], [-58.44848027299997, -51.949743489999946, 0.0], [-58.44602360799996, -51.949655751999956, 0.0]]], [[[-60.11491666599994, -51.68351933099996, 0.0], [-60.11354847599995, -51.683757276999984, 0.0], [-60.11307258399995, -51.68417368199994, 0.0], [-60.11450025999994, -51.685184952999975, 0.0], [-60.11491666599994, -51.68351933099996, 0.0]]], [[[-58.40473450999997, -52.018239595999944, 0.0], [-58.405497449999984, -52.01860199199996, 0.0], [-58.40714921399996, -52.01738128899996, 0.0], [-58.405909436999934, -52.017171480999934, 0.0], [-58.40473450999997, -52.018239595999944, 0.0]]], [[[-58.87618158599997, -51.89450116599994, 0.0], [-58.87777994399994, -51.89467664099993, 0.0], [-58.87832163099995, -51.89421506299993, 0.0], [-58.876078588999974, -51.89350552999997, 0.0], [-58.87618158599997, -51.89450116599994, 0.0]]], [[[-64.60543267099996, -54.91344245399995, 0.0], [-64.60662240099998, -54.91444182699996, 0.0], [-64.60871632699997, -54.913870756999984, 0.0], [-64.60819284499996, -54.91334727499998, 0.0], [-64.60543267099996, -54.91344245399995, 0.0]]], [[[-58.43378342999995, -51.95055923599995, 0.0], [-58.434489148999944, -51.95113144099997, 0.0], [-58.436507123999945, -51.950700379999944, 0.0], [-58.435175793999974, -51.95006713999993, 0.0], [-58.43378342999995, -51.95055923599995, 0.0]]], [[[-58.96039484299996, -51.84021420899995, 0.0], [-58.95887277899993, -51.84051556899993, 0.0], [-58.958636266999974, -51.84135098899998, 0.0], [-58.960238439999955, -51.84120984499998, 0.0], [-58.96039484299996, -51.84021420899995, 0.0]]], [[[-59.01138581699996, -51.724761583999964, 0.0], [-59.01235856399995, -51.725310899999954, 0.0], [-59.012648480999985, -51.72285804999996, 0.0], [-59.01171006599998, -51.72295723199994, 0.0], [-59.01138581699996, -51.724761583999964, 0.0]]], [[[-58.33114709199998, -51.44815597699994, 0.0], [-58.33253945699994, -51.44783172799998, 0.0], [-58.32960213999996, -51.446923829999946, 0.0], [-58.33096398699996, -51.44767532499998, 0.0], [-58.33114709199998, -51.44815597699994, 0.0]]], [[[-59.00858773599998, -51.74912796199993, 0.0], [-59.00957574199998, -51.74913559099997, 0.0], [-59.00943841299994, -51.74725494599994, 0.0], [-59.00874413799994, -51.74724731599997, 0.0], [-59.00858773599998, -51.74912796199993, 0.0]]], [[[-59.02473676499994, -51.723934278999934, 0.0], [-59.02530133999994, -51.72237788299998, 0.0], [-59.024404663999974, -51.721750208999936, 0.0], [-59.02394330799996, -51.72283946099998, 0.0], [-59.02473676499994, -51.723934278999934, 0.0]]], [[[-68.85746721399994, -68.08923335599997, 0.0], [-68.86060397899996, -68.09415432799995, 0.0], [-68.85783622699995, -68.08856751699994, 0.0], [-68.85746721399994, -68.08923335599997, 0.0]]], [[[-61.19093598699993, -51.83066711599997, 0.0], [-61.192110913999954, -51.83093414499996, 0.0], [-61.192740338999954, -51.830213166999954, 0.0], [-61.19128693899995, -51.82976303299995, 0.0], [-61.19093598699993, -51.83066711599997, 0.0]]], [[[-60.696133127999985, -52.194467043999964, 0.0], [-60.697858236999934, -52.194407557999966, 0.0], [-60.69809618299996, -52.194050638999954, 0.0], [-60.69702542599998, -52.193396286999985, 0.0], [-60.696133127999985, -52.194467043999964, 0.0]]], [[[-59.48685540599996, -51.82632980599993, 0.0], [-59.488461392999966, -51.82622299399998, 0.0], [-59.488308804999974, -51.82528839299994, 0.0], [-59.48669518799994, -51.82544479599994, 0.0], [-59.48685540599996, -51.82632980599993, 0.0]]], [[[-60.77292830299996, -51.31484376599997, 0.0], [-60.774450258999934, -51.315309240999966, 0.0], [-60.77525143399998, -51.31441653899998, 0.0], [-60.773637837999956, -51.31439363699997, 0.0], [-60.77292830299996, -51.31484376599997, 0.0]]], [[[-58.35139741299997, -51.89721260199997, 0.0], [-58.352713483999935, -51.89704856999998, 0.0], [-58.35293092099994, -51.89609108099995, 0.0], [-58.35138596899998, -51.896331406999934, 0.0], [-58.35139741299997, -51.89721260199997, 0.0]]], [[[-58.940054791999955, -51.84387359899995, 0.0], [-58.94120683099993, -51.844087221999985, 0.0], [-58.94229783399999, -51.84308395599999, 0.0], [-58.94098176299997, -51.84301529199996, 0.0], [-58.940054791999955, -51.84387359899995, 0.0]]], [[[-58.36740960399993, -51.46730575899994, 0.0], [-58.369145291999985, -51.466886141999964, 0.0], [-58.36920632699997, -51.466279604999954, 0.0], [-58.367302792999965, -51.466504671999985, 0.0], [-58.36740960399993, -51.46730575899994, 0.0]]], [[[-59.87163419299998, -51.398956613999985, 0.0], [-59.872833440999955, -51.398737703999984, 0.0], [-59.86861703599993, -51.39833033999997, 0.0], [-59.86899557299995, -51.39840891299997, 0.0], [-59.87163419299998, -51.398956613999985, 0.0]]], [[[-60.88466343999994, -51.28203860399998, 0.0], [-60.883645796999986, -51.28265486099997, 0.0], [-60.88599627399998, -51.28272660699997, 0.0], [-60.885380046999956, -51.28208162699997, 0.0], [-60.88466343999994, -51.28203860399998, 0.0]]], [[[-58.082867861999944, -51.792685234999965, 0.0], [-58.08358120999998, -51.792731010999944, 0.0], [-58.08505749799997, -51.79227324699997, 0.0], [-58.08411908199997, -51.791655265999964, 0.0], [-58.082867861999944, -51.792685234999965, 0.0]]], [[[-58.06568230999994, -51.54353866799994, 0.0], [-58.06606377899993, -51.54406509599994, 0.0], [-58.06850518599998, -51.54326782399994, 0.0], [-58.06809701299994, -51.54284057799998, 0.0], [-58.06568230999994, -51.54353866799994, 0.0]]], [[[-71.31956006599995, -70.25227118799995, 0.0], [-71.32293047099995, -70.25254436199998, 0.0], [-71.32164180799998, -70.25150151099996, 0.0], [-71.31956006599995, -70.25227118799995, 0.0]]], [[[-60.505716760999974, -52.23331174499998, 0.0], [-60.506490085999985, -52.232657392999954, 0.0], [-60.506311625999956, -52.23152714899993, 0.0], [-60.50535984199996, -52.231824581999945, 0.0], [-60.505716760999974, -52.23331174499998, 0.0]]], [[[-58.24257730299996, -51.79944344299997, 0.0], [-58.24290155199998, -51.80019875299996, 0.0], [-58.24476312499996, -51.80024071499997, 0.0], [-58.244469392999974, -51.79950447799996, 0.0], [-58.24257730299996, -51.79944344299997, 0.0]]], [[[-68.08518218999995, -54.873031615999935, 0.0], [-68.08620452899999, -54.87243270899995, 0.0], [-68.08403778099995, -54.87232208299997, 0.0], [-68.08436584499998, -54.87284851099997, 0.0], [-68.08518218999995, -54.873031615999935, 0.0]]], [[[-60.645450608999965, -52.21153967699996, 0.0], [-60.644677283999954, -52.21165864999995, 0.0], [-60.64461779699997, -52.212669920999986, 0.0], [-60.64598598699996, -52.212491460999956, 0.0], [-60.645450608999965, -52.21153967699996, 0.0]]], [[[-58.95783136599994, -51.843689396999935, 0.0], [-58.95869348799994, -51.84307523099994, 0.0], [-58.95896051699998, -51.84210248299996, 0.0], [-58.957713110999975, -51.84252972899998, 0.0], [-58.95783136599994, -51.843689396999935, 0.0]]], [[[-58.268746273999966, -51.868056871999954, 0.0], [-58.27053536799997, -51.86822853299998, 0.0], [-58.27056206999998, -51.86757621999993, 0.0], [-58.26846398699996, -51.867492296999956, 0.0], [-58.268746273999966, -51.868056871999954, 0.0]]], [[[-58.090119260999984, -51.547814942999935, 0.0], [-58.091904538999984, -51.548055268999974, 0.0], [-58.09277047499995, -51.547639466999954, 0.0], [-58.09236611799997, -51.547265626999945, 0.0], [-58.090119260999984, -51.547814942999935, 0.0]]], [[[-58.235697512999934, -51.85253294299997, 0.0], [-58.23801303499994, -51.85232313399996, 0.0], [-58.23823047199994, -51.85183103899993, 0.0], [-58.23571277199994, -51.85215910199997, 0.0], [-58.235697512999934, -51.85253294299997, 0.0]]], [[[-58.09766282399994, -51.53545532399994, 0.0], [-58.09863557099993, -51.535459138999954, 0.0], [-58.099245922999955, -51.53454742599996, 0.0], [-58.09774293199996, -51.53476867899997, 0.0], [-58.09766282399994, -51.53545532399994, 0.0]]], [[[-60.735858561999976, -52.19691205399994, 0.0], [-60.73694193599994, -52.19687390699994, 0.0], [-60.73725474099996, -52.196473363999985, 0.0], [-60.73622095799993, -52.19591641799997, 0.0], [-60.735858561999976, -52.19691205399994, 0.0]]], [[[-60.18291558599998, -51.67042312799998, 0.0], [-60.18398370199998, -51.67032394599994, 0.0], [-60.18436517099997, -51.66959152399994, 0.0], [-60.18321694799994, -51.66918716599997, 0.0], [-60.18291558599998, -51.67042312799998, 0.0]]], [[[-58.14370976399994, -51.785449513999936, 0.0], [-58.14514027499996, -51.78538084899998, 0.0], [-58.14527378899999, -51.78473997999998, 0.0], [-58.143534286999966, -51.78467512999998, 0.0], [-58.14370976399994, -51.785449513999936, 0.0]]], [[[-60.516210496999975, -51.32577612099993, 0.0], [-60.51650251399997, -51.32642883999995, 0.0], [-60.51848652399997, -51.32564715799998, 0.0], [-60.517156056999966, -51.32547467399996, 0.0], [-60.516210496999975, -51.32577612099993, 0.0]]], [[[-58.38983836999995, -51.92381391199996, 0.0], [-58.391325532999986, -51.92375442499997, 0.0], [-58.391741938999985, -51.92292161399996, 0.0], [-58.390135802999964, -51.92327853299997, 0.0], [-58.38983836999995, -51.92381391199996, 0.0]]], [[[-60.086509984999964, -51.40206965599998, 0.0], [-60.08771923699999, -51.40201625599997, 0.0], [-60.087795539999945, -51.40134868399997, 0.0], [-60.086197191999986, -51.40121134699996, 0.0], [-60.086509984999964, -51.40206965599998, 0.0]]], [[[-61.03187490999994, -52.006762296999966, 0.0], [-61.03229131499995, -52.007178701999976, 0.0], [-61.033302585999934, -52.00694075599995, 0.0], [-61.03241028899998, -52.00592948499997, 0.0], [-61.03187490999994, -52.006762296999966, 0.0]]], [[[-59.057111773999964, -51.190077919999965, 0.0], [-59.058018008999966, -51.19016561999996, 0.0], [-59.05854420899993, -51.189434785999936, 0.0], [-59.05793030799998, -51.18905475199995, 0.0], [-59.057111773999964, -51.190077919999965, 0.0]]], [[[-58.09795846299994, -51.788943863999975, 0.0], [-58.099373715999945, -51.78887519999995, 0.0], [-58.100163357999975, -51.788226700999985, 0.0], [-58.098233120999964, -51.78827629199998, 0.0], [-58.09795846299994, -51.788943863999975, 0.0]]], [[[-60.070507901999974, -51.94987640599993, 0.0], [-60.07126321199996, -51.949922181999966, 0.0], [-60.07180489899997, -51.94928894299994, 0.0], [-60.07071389599997, -51.94899521099995, 0.0], [-60.070507901999974, -51.94987640599993, 0.0]]], [[[-59.00631226899998, -51.74918327499995, 0.0], [-59.00666322099994, -51.74806556899995, 0.0], [-59.00565995599993, -51.748096085999975, 0.0], [-59.00565232599996, -51.74915657199995, 0.0], [-59.00631226899998, -51.74918327499995, 0.0]]], [[[-60.46913254799995, -52.21754781599998, 0.0], [-60.470143818999986, -52.217607302999966, 0.0], [-60.470381764999956, -52.21647705899994, 0.0], [-60.470024845999944, -52.21653654499994, 0.0], [-60.46913254799995, -52.21754781599998, 0.0]]], [[[-57.761364835999984, -51.67310485999997, 0.0], [-57.760949033999964, -51.673802948999935, 0.0], [-57.76276482999998, -51.67387542899996, 0.0], [-57.762909787999945, -51.67336807399994, 0.0], [-57.761364835999984, -51.67310485999997, 0.0]]], [[[-58.23857964899997, -51.846925355999986, 0.0], [-58.23993768099996, -51.84700927899996, 0.0], [-58.24079217299993, -51.846463777999986, 0.0], [-58.238476651999974, -51.846452333999935, 0.0], [-58.23857964899997, -51.846925355999986, 0.0]]], [[[-59.02365720499995, -51.72551356399998, 0.0], [-59.02374494299994, -51.72656260499997, 0.0], [-59.025057198999946, -51.72538386399998, 0.0], [-59.02419126299998, -51.72512064999995, 0.0], [-59.02365720499995, -51.72551356399998, 0.0]]], [[[-61.219297934999986, -51.870318089999955, 0.0], [-61.22019023299998, -51.870734495999955, 0.0], [-61.22060663899998, -51.87055603599998, 0.0], [-61.219952286999956, -51.869247331999986, 0.0], [-61.219297934999986, -51.870318089999955, 0.0]]], [[[-59.986253904999955, -51.384678350999934, 0.0], [-59.98570613299995, -51.386219333999975, 0.0], [-59.987622011999974, -51.385135110999954, 0.0], [-59.986253904999955, -51.384678350999934, 0.0]]], [[[-58.22816552499995, -51.84866676499996, 0.0], [-58.22847451599995, -51.849235154999974, 0.0], [-58.22969521899995, -51.84827385099993, 0.0], [-58.22860040099994, -51.84820518699996, 0.0], [-58.22816552499995, -51.84866676499996, 0.0]]], [[[-58.323687450999955, -51.82764587699995, 0.0], [-58.325480357999936, -51.82764206199994, 0.0], [-58.32549943199996, -51.82734451599998, 0.0], [-58.32402695899998, -51.827130892999946, 0.0], [-58.323687450999955, -51.82764587699995, 0.0]]], [[[-60.68251071399993, -52.20291413099994, 0.0], [-60.68328403899994, -52.20315207699997, 0.0], [-60.684057362999965, -52.20255721199993, 0.0], [-60.68310557899997, -52.202200292999976, 0.0], [-60.68251071399993, -52.20291413099994, 0.0]]], [[[-60.59167184299997, -51.97567520399997, 0.0], [-60.59225930599996, -51.97571335099997, 0.0], [-60.59334457999995, -51.97467964899994, 0.0], [-60.59162988099996, -51.97512970199995, 0.0], [-60.59167184299997, -51.97567520399997, 0.0]]], [[[-63.68822158099994, -64.37231290699998, 0.0], [-63.68815956699996, -64.37246711299997, 0.0], [-63.701673366999955, -64.37040109199995, 0.0], [-63.68822158099994, -64.37231290699998, 0.0]]], [[[-59.49158944499993, -51.82936248999994, 0.0], [-59.49192513799994, -51.82850418299995, 0.0], [-59.49096001999993, -51.828405000999965, 0.0], [-59.49112023699996, -51.82916412599997, 0.0], [-59.49158944499993, -51.82936248999994, 0.0]]], [[[-59.02728793899996, -51.77631421399997, 0.0], [-59.02789066099996, -51.775658086999954, 0.0], [-59.02631519199997, -51.775833561999946, 0.0], [-59.02635333699993, -51.77630277099996, 0.0], [-59.02728793899996, -51.77631421399997, 0.0]]], [[[-59.03019092399995, -51.780304387999934, 0.0], [-59.03079364599995, -51.78089185199997, 0.0], [-59.03156802899997, -51.78039593999995, 0.0], [-59.03098819599995, -51.77980466199995, 0.0], [-59.03019092399995, -51.780304387999934, 0.0]]], [[[-60.678703575999975, -52.19904750699993, 0.0], [-60.67906049499999, -52.199761344999956, 0.0], [-60.68007176599997, -52.19934493899996, 0.0], [-60.679119981999975, -52.19869058799998, 0.0], [-60.678703575999975, -52.19904750699993, 0.0]]], [[[-60.50541932799996, -52.230396904999964, 0.0], [-60.506073679999986, -52.23045639199995, 0.0], [-60.50654957199998, -52.22992101299997, 0.0], [-60.50535984199996, -52.229742553999984, 0.0], [-60.50541932799996, -52.230396904999964, 0.0]]], [[[-60.51943340899999, -51.32546459699995, 0.0], [-60.51962721999996, -51.32582046899995, 0.0], [-60.521044511999946, -51.32527907599996, 0.0], [-60.520378267999945, -51.325103671999955, 0.0], [-60.51943340899999, -51.32546459699995, 0.0]]], [[[-60.64176244399994, -52.21296735399994, 0.0], [-60.642654741999934, -52.21302683999994, 0.0], [-60.642773714999976, -52.212550947999944, 0.0], [-60.64176244399994, -52.212491460999956, 0.0], [-60.64176244399994, -52.21296735399994, 0.0]]], [[[-61.454563673999985, -51.001054400999976, 0.0], [-61.45490172899997, -51.00125159999993, 0.0], [-61.45554966699996, -51.00082903099997, 0.0], [-61.45462001699997, -51.00054731899996, 0.0], [-61.454563673999985, -51.001054400999976, 0.0]]], [[[-58.34942712299994, -51.437692262999974, 0.0], [-58.350315946999956, -51.43785247999995, 0.0], [-58.35054101399999, -51.437493898999946, 0.0], [-58.34965218999997, -51.43730697899997, 0.0], [-58.34942712299994, -51.437692262999974, 0.0]]], [[[-64.34947785699995, -54.84396283499996, 0.0], [-64.34985857099997, -54.844438726999954, 0.0], [-64.35061999899995, -54.844010423999976, 0.0], [-64.35009651699994, -54.84362970999996, 0.0], [-64.34947785699995, -54.84396283499996, 0.0]]]]}}, {"type": "Feature", "properties": {"OBJECTID": 444, "Entidad": 0, "Objeto": "Provincia", "FNA": "Provincia de Santa Cruz", "GNA": "Provincia", "NAM": "Santa Cruz", "SAG": "IGN", "FDC": "Geografía", "IN1": "78", "SHAPE_STAr": 29.9438758689, "SHAPE_STLe": 40.8355525833}, "geometry": {"type": "MultiPolygon", "coordinates": [[[[-69.41580963099995, -51.08957672099996, 0.0], [-69.40871429399994, -51.09488677999997, 0.0], [-69.42563629199998, -51.09789657599998, 0.0], [-69.42935180699993, -51.10223007199994, 0.0], [-69.42421722399996, -51.10419082599998, 0.0], [-69.43592834499998, -51.106285094999976, 0.0], [-69.43519592299998, -51.113220214999956, 0.0], [-69.43945312499994, -51.10734558099995, 0.0], [-69.45420837399996, -51.107574462999935, 0.0], [-69.41580963099995, -51.08957672099996, 0.0]]], [[[-67.69034576399997, -49.295410155999946, 0.0], [-67.70102691699998, -49.29890441899994, 0.0], [-67.70638275099998, -49.29493331899994, 0.0], [-67.68598174999994, -49.28260421799996, 0.0], [-67.69034576399997, -49.295410155999946, 0.0]]], [[[-67.69103240999993, -49.269168853999986, 0.0], [-67.70475768999995, -49.284862517999954, 0.0], [-67.73364257799994, -49.27687454199997, 0.0], [-67.69672393799993, -49.26964950599995, 0.0], [-67.69248962399996, -49.26551055899995, 0.0], [-67.69103240999993, -49.269168853999986, 0.0]]], [[[-67.04581451399997, -48.75511550899995, 0.0], [-67.04798889199998, -48.75249099699994, 0.0], [-67.04431915299995, -48.74910354599996, 0.0], [-67.04302978499999, -48.750999450999984, 0.0], [-67.04581451399997, -48.75511550899995, 0.0]]], [[[-67.05786132799994, -48.74988937399996, 0.0], [-67.05953216599994, -48.74798202499994, 0.0], [-67.05592346199995, -48.747966765999934, 0.0], [-67.05621337899998, -48.74945068399995, 0.0], [-67.05786132799994, -48.74988937399996, 0.0]]], [[[-67.14345550499996, -48.744956969999976, 0.0], [-67.14455413799993, -48.74523925799997, 0.0], [-67.14524078399995, -48.74379730199996, 0.0], [-67.14324951199995, -48.74330902099996, 0.0], [-67.14345550499996, -48.744956969999976, 0.0]]], [[[-67.13771820099998, -48.73834991499996, 0.0], [-67.14061737099996, -48.736099242999956, 0.0], [-67.13566589399994, -48.73453903199999, 0.0], [-67.13455963099995, -48.73648834199997, 0.0], [-67.13771820099998, -48.73834991499996, 0.0]]], [[[-66.32528686499995, -48.360271453999985, 0.0], [-66.32602691699998, -48.359169005999945, 0.0], [-66.32420349099993, -48.35807418799993, 0.0], [-66.32395935099998, -48.35978698699995, 0.0], [-66.32528686499995, -48.360271453999985, 0.0]]], [[[-66.22116088899998, -48.24693679799998, 0.0], [-66.22254943799999, -48.24584579499998, 0.0], [-66.21935272199994, -48.24465942399996, 0.0], [-66.22003936799996, -48.246429442999954, 0.0], [-66.22116088899998, -48.24693679799998, 0.0]]], [[[-66.10859680199997, -48.14204406699997, 0.0], [-66.10918426499995, -48.14203262299998, 0.0], [-66.11020660399998, -48.141479491999974, 0.0], [-66.10890960699999, -48.14106750499997, 0.0], [-66.10859680199997, -48.14204406699997, 0.0]]], [[[-66.08391570999999, -48.13044357299998, 0.0], [-66.08714294399994, -48.12927246099997, 0.0], [-66.08739471399997, -48.128566741999975, 0.0], [-66.08428955099998, -48.12969207799995, 0.0], [-66.08391570999999, -48.13044357299998, 0.0]]], [[[-66.10604858399995, -48.12554168699995, 0.0], [-66.10450744599996, -48.12544250499997, 0.0], [-66.10328674299996, -48.12577056899994, 0.0], [-66.10791778599997, -48.125522613999976, 0.0], [-66.10604858399995, -48.12554168699995, 0.0]]], [[[-65.89422607399996, -48.11558532699996, 0.0], [-65.89672088599997, -48.115020751999964, 0.0], [-65.89720916699997, -48.111942290999934, 0.0], [-65.89383697499994, -48.11284255999993, 0.0], [-65.89422607399996, -48.11558532699996, 0.0]]], [[[-65.99207305899995, -48.114208220999956, 0.0], [-65.99499511699997, -48.11346435499996, 0.0], [-65.99461364699994, -48.11157226599994, 0.0], [-65.99102020299995, -48.11241912799994, 0.0], [-65.99207305899995, -48.114208220999956, 0.0]]], [[[-65.98416900599995, -48.11070251499996, 0.0], [-65.98713684099994, -48.11069869999994, 0.0], [-65.98796844499998, -48.109424590999936, 0.0], [-65.98471832299998, -48.10760116599994, 0.0], [-65.98416900599995, -48.11070251499996, 0.0]]], [[[-65.89071655299995, -48.088180541999975, 0.0], [-65.89217376699997, -48.08718872099996, 0.0], [-65.89199066199996, -48.08613204999995, 0.0], [-65.88979339599996, -48.08689117399996, 0.0], [-65.89071655299995, -48.088180541999975, 0.0]]], [[[-65.88860320999999, -48.083339690999935, 0.0], [-65.88934326199995, -48.08633422899993, 0.0], [-65.89655303999996, -48.08336639399994, 0.0], [-65.89070129399994, -48.082401275999985, 0.0], [-65.88860320999999, -48.083339690999935, 0.0]]], [[[-65.89647674599996, -48.07657623299997, 0.0], [-65.89833831799996, -48.07915878299997, 0.0], [-65.90243530299995, -48.07733154299996, 0.0], [-65.89801025399998, -48.07368469199997, 0.0], [-65.89647674599996, -48.07657623299997, 0.0]]], [[[-65.92495727499994, -48.00726318399995, 0.0], [-65.92584228499999, -48.00721359299996, 0.0], [-65.92602539099994, -48.00663375899995, 0.0], [-65.92471313499993, -48.00635528599997, 0.0], [-65.92495727499994, -48.00726318399995, 0.0]]], [[[-65.90379333499993, -48.00659942599998, 0.0], [-65.90354156499995, -48.00421523999995, 0.0], [-65.89841461199995, -48.00339126599994, 0.0], [-65.90110015899995, -48.00571441699998, 0.0], [-65.90379333499993, -48.00659942599998, 0.0]]], [[[-65.88765716599994, -48.00120162999997, 0.0], [-65.88784027099996, -48.00181961099997, 0.0], [-65.89016723599997, -48.001445769999975, 0.0], [-65.88904571499995, -48.00011444099994, 0.0], [-65.88765716599994, -48.00120162999997, 0.0]]], [[[-65.87007141099997, -47.95970916699997, 0.0], [-65.87147521999998, -47.95967102099996, 0.0], [-65.87196350099998, -47.95942687999997, 0.0], [-65.87003326399997, -47.95816802999997, 0.0], [-65.87007141099997, -47.95970916699997, 0.0]]], [[[-65.86453247099996, -47.96060943599997, 0.0], [-65.86628723099994, -47.95895385699998, 0.0], [-65.86221313499993, -47.95659637499995, 0.0], [-65.86322784399994, -47.95946121199995, 0.0], [-65.86453247099996, -47.96060943599997, 0.0]]], [[[-65.87012481699998, -47.95606613199993, 0.0], [-65.87097167999997, -47.95470809899996, 0.0], [-65.86816406299994, -47.95476531999998, 0.0], [-65.87012481699998, -47.95606613199993, 0.0]]], [[[-65.76081085199996, -47.953948974999946, 0.0], [-65.76245117199994, -47.95366668699995, 0.0], [-65.76410674999994, -47.95225524899996, 0.0], [-65.76255798299997, -47.95109939599996, 0.0], [-65.76081085199996, -47.953948974999946, 0.0]]], [[[-65.87065887499995, -47.950122832999966, 0.0], [-65.87226867699997, -47.95005416899994, 0.0], [-65.87251281699997, -47.948856353999986, 0.0], [-65.87039947499994, -47.948688506999986, 0.0], [-65.87065887499995, -47.950122832999966, 0.0]]], [[[-65.74011993399995, -47.92042922999997, 0.0], [-65.74229431199996, -47.92091369599996, 0.0], [-65.73673248299997, -47.91486358599997, 0.0], [-65.73613738999995, -47.91612625099998, 0.0], [-65.74011993399995, -47.92042922999997, 0.0]]], [[[-65.75595855699999, -47.913219451999964, 0.0], [-65.75557708699995, -47.91423034699994, 0.0], [-65.76084899899996, -47.913394927999946, 0.0], [-65.75946807899999, -47.91270446799996, 0.0], [-65.75595855699999, -47.913219451999964, 0.0]]], [[[-65.71410369899996, -47.909584044999974, 0.0], [-65.71069335899995, -47.91437911999998, 0.0], [-65.72605895999993, -47.91147994999994, 0.0], [-65.71680450399998, -47.90525054899996, 0.0], [-65.71410369899996, -47.909584044999974, 0.0]]], [[[-66.16945648199999, -47.81887435899995, 0.0], [-66.17700958299997, -47.818504332999964, 0.0], [-66.16207885699998, -47.81664276099997, 0.0], [-66.16323852499994, -47.81754302999997, 0.0], [-66.16945648199999, -47.81887435899995, 0.0]]], [[[-66.15526580799997, -47.81534194899996, 0.0], [-66.16030120799996, -47.813354491999974, 0.0], [-66.14424896199995, -47.810462951999966, 0.0], [-66.15116882299998, -47.814559936999956, 0.0], [-66.15526580799997, -47.81534194899996, 0.0]]], [[[-66.06521606399997, -47.78159332299998, 0.0], [-66.07325744599996, -47.78374099699994, 0.0], [-66.08006286599993, -47.782878875999984, 0.0], [-66.06587219199997, -47.776245116999974, 0.0], [-66.06521606399997, -47.78159332299998, 0.0]]], [[[-66.05680084199997, -47.77422332799995, 0.0], [-66.06007385299995, -47.773391723999964, 0.0], [-66.05245971699998, -47.768463134999934, 0.0], [-66.05293273899997, -47.77035903899997, 0.0], [-66.05680084199997, -47.77422332799995, 0.0]]], [[[-65.99021148699995, -47.76167678799993, 0.0], [-66.00305938699995, -47.772109984999986, 0.0], [-66.05480956999997, -47.78642272899998, 0.0], [-66.03894042999997, -47.76757049599996, 0.0], [-65.99021148699995, -47.76167678799993, 0.0]]], [[[-65.93426513699995, -47.76215743999995, 0.0], [-65.93854522699996, -47.76587295499996, 0.0], [-65.94772338899998, -47.75995635999993, 0.0], [-65.94090270999993, -47.75812148999995, 0.0], [-65.93426513699995, -47.76215743999995, 0.0]]], [[[-65.96763610799997, -47.75248718299997, 0.0], [-65.96540832499994, -47.75197601299993, 0.0], [-65.96371459999995, -47.75300979599996, 0.0], [-65.96994781499995, -47.755058288999976, 0.0], [-65.96763610799997, -47.75248718299997, 0.0]]], [[[-71.54708990899996, -45.999754001999975, 0.0], [-67.59567964199994, -45.99979470699998, 0.0], [-67.61366766399993, -46.23144005399996, 0.0], [-67.44027871999998, -46.54854130399997, 0.0], [-67.12162772699998, -46.70744137299994, 0.0], [-66.79193436899993, -46.999144255999965, 0.0], [-65.94069183099998, -47.07218121699998, 0.0], [-65.73556325599998, -47.20197129699994, 0.0], [-65.73980345599995, -47.51023522899993, 0.0], [-65.83864150699998, -47.74681551899994, 0.0], [-66.00531005899995, -47.73077392599998, 0.0], [-66.10528564499998, -47.79901122999996, 0.0], [-66.19500732399996, -47.82000732399996, 0.0], [-66.28179931599993, -47.86877441399997, 0.0], [-66.28198242199994, -47.87139892599998, 0.0], [-66.08819580099998, -47.812988280999946, 0.0], [-65.97808837899998, -47.76269531299994, 0.0], [-65.93829345699999, -47.76690673799993, 0.0], [-65.91040039099994, -47.76190185499996, 0.0], [-65.88085998599996, -47.76268811099993, 0.0], [-65.76508681499996, -47.950139569999976, 0.0], [-65.92417281899998, -47.939688976999946, 0.0], [-65.98036738799993, -48.05074339399994, 0.0], [-65.90437216199996, -48.08037244299993, 0.0], [-65.89643427999994, -48.103029669999955, 0.0], [-65.94090640599995, -48.12473035499994, 0.0], [-66.12106491699996, -48.12358821299995, 0.0], [-66.33755779699999, -48.277163385999984, 0.0], [-66.36017897599999, -48.31471734799993, 0.0], [-66.33388033999995, -48.354684677999956, 0.0], [-66.34300319399995, -48.36880439999993, 0.0], [-66.75319074299995, -48.473165655999935, 0.0], [-67.12969611799997, -48.68514300199996, 0.0], [-67.21992527899994, -48.83799957699995, 0.0], [-67.55362089099998, -49.01660191999997, 0.0], [-67.61389160199997, -49.18518066399997, 0.0], [-67.74139404299996, -49.275329589999956, 0.0], [-67.71569824199997, -49.31781005899995, 0.0], [-67.79760742199994, -49.32800292999997, 0.0], [-67.77209472699997, -49.38067626999998, 0.0], [-67.83752441399997, -49.38677978499993, 0.0], [-67.71380615199996, -49.38592529299996, 0.0], [-67.61275485899995, -49.250272723999956, 0.0], [-67.72966729599995, -49.77590041899998, 0.0], [-67.85517181799997, -49.96318521699993, 0.0], [-68.33878774999994, -50.122140350999985, 0.0], [-68.63739013699995, -49.77758789099994, 0.0], [-68.57141113299997, -49.93682861299993, 0.0], [-68.87451171899994, -49.96582031299994, 0.0], [-68.89611816399997, -49.971496581999986, 0.0], [-68.93280029299996, -49.99999999999994, 0.0], [-68.58068847699997, -49.964416503999985, 0.0], [-68.35490621899999, -50.15130540399997, 0.0], [-68.88000597099995, -50.335618453999984, 0.0], [-69.07930962499995, -50.56533161899995, 0.0], [-69.13201893599995, -50.89958649999994, 0.0], [-69.46490478499999, -51.11260986299993, 0.0], [-69.20550537099996, -50.975280761999954, 0.0], [-69.16612827199998, -50.98088828099998, 0.0], [-68.95853395799998, -51.571994952999944, 0.0], [-69.34411621099997, -51.551574706999986, 0.0], [-69.49481201199995, -51.58508300799997, 0.0], [-69.61779785199997, -51.626892089999956, 0.0], [-68.96132919399997, -51.62389000099995, 0.0], [-68.35253011599997, -52.32255190199999, 0.0], [-68.35473111799996, -52.33638846799994, 0.0], [-68.42905358199994, -52.396398473999966, 0.0], [-68.41862777799997, -52.33247777799994, 0.0], [-69.99549999999994, -52.00071666699995, 0.0], [-72.00976804799996, -51.97752910899993, 0.0], [-71.95101473899996, -51.87162381199994, 0.0], [-72.29711165099997, -51.69940276799997, 0.0], [-72.32702222199998, -51.587338888999966, 0.0], [-72.44251940599997, -51.58448921799993, 0.0], [-72.32405277799995, -51.47495555599994, 0.0], [-72.37170480599997, -51.33626193199996, 0.0], [-72.25948736199996, -51.25404362299997, 0.0], [-72.40905983499994, -51.107489545999954, 0.0], [-72.37416944399996, -51.02320833299996, 0.0], [-72.26566518699997, -51.035227694999946, 0.0], [-72.24806429799997, -50.87503362299998, 0.0], [-72.35032655199996, -50.74021939099998, 0.0], [-72.28624766699994, -50.65964608199994, 0.0], [-72.49037823599997, -50.60029781399993, 0.0], [-72.59469499599999, -50.68165872399993, 0.0], [-72.72974487499994, -50.61495172399998, 0.0], [-73.26751708999996, -50.82397460899995, 0.0], [-73.28601074199997, -50.739501952999944, 0.0], [-73.17272949199997, -50.67669677699996, 0.0], [-73.43261718799994, -50.483093261999954, 0.0], [-73.56457519499997, -50.272705077999944, 0.0], [-73.48291015599995, -50.054077147999976, 0.0], [-73.56658935499996, -50.020385741999974, 0.0], [-73.50518798799999, -49.96649169899996, 0.0], [-73.55261230499997, -49.92388915999993, 0.0], [-73.43878173799999, -49.75781249999994, 0.0], [-73.54968261699997, -49.53808593799994, 0.0], [-73.41058349599996, -49.31939697299998, 0.0], [-73.49499511699997, -49.24200439499998, 0.0], [-73.47070312499994, -49.201110839999956, 0.0], [-73.14367675799997, -49.27099609399994, 0.0], [-73.04559326199995, -49.27368164099994, 0.0], [-73.13318885799998, -49.26717525999993, 0.0], [-73.14543118499995, -49.19015210699996, 0.0], [-72.94643686099994, -48.94560062299996, 0.0], [-72.79458917799997, -48.96808176999997, 0.0], [-72.53223203399995, -48.797556845999964, 0.0], [-72.58574968199997, -48.48731597799997, 0.0], [-72.44159170199998, -48.51408681799995, 0.0], [-72.38069046799995, -48.350127816999986, 0.0], [-72.24107111299998, -48.34831716599996, 0.0], [-72.30568378999999, -48.140430795999976, 0.0], [-72.44379225699998, -48.06434848199996, 0.0], [-72.42425955899995, -47.969422264999935, 0.0], [-72.52741736399997, -47.93778429699995, 0.0], [-72.46816239999998, -47.81274936699998, 0.0], [-72.49593006699996, -47.797108023999954, 0.0], [-72.52333770999996, -47.74044435299993, 0.0], [-72.44272157099994, -47.746103751999954, 0.0], [-72.30909549699999, -47.59083937499997, 0.0], [-72.34134177999994, -47.45618615799998, 0.0], [-71.99644538199993, -47.29495367199996, 0.0], [-72.01861094199995, -47.19841917599996, 0.0], [-71.86474539899996, -47.230567862999976, 0.0], [-71.85996910699998, -47.131881541999974, 0.0], [-71.95405438299997, -47.07605770099997, 0.0], [-71.88004243899996, -47.010104990999935, 0.0], [-71.95799508799996, -46.974243023999975, 0.0], [-71.95537749699997, -46.81442239099994, 0.0], [-71.64342403199998, -46.681815762999975, 0.0], [-71.72688287299997, -46.271899530999974, 0.0], [-71.91465374699999, -46.13991896299996, 0.0], [-71.54708990899996, -45.999754001999975, 0.0]]]]}}, {"type": "Feature", "properties": {"OBJECTID": 445, "Entidad": 0, "Objeto": "Provincia", "FNA": "Provincia del Chubut", "GNA": "Provincia", "NAM": "Chubut", "SAG": "IGN", "FDC": "Geografía", "IN1": "26", "SHAPE_STAr": 25.0858342989, "SHAPE_STLe": 38.8379453893}, "geometry": {"type": "MultiPolygon", "coordinates": [[[[-66.69851684599996, -45.247474669999974, 0.0], [-66.70063781699997, -45.24606323199998, 0.0], [-66.69674682599998, -45.244071959999985, 0.0], [-66.69612884499998, -45.24540710399998, 0.0], [-66.69851684599996, -45.247474669999974, 0.0]]], [[[-66.40449523899997, -45.185596465999936, 0.0], [-66.40211486799996, -45.18555068999996, 0.0], [-66.39287567099996, -45.19062423699995, 0.0], [-66.40821838399995, -45.193752288999974, 0.0], [-66.40449523899997, -45.185596465999936, 0.0]]], [[[-66.50248718299997, -45.18616485599995, 0.0], [-66.50521087599998, -45.18536376999998, 0.0], [-66.50768279999994, -45.18059539799998, 0.0], [-66.50097656199995, -45.184658050999985, 0.0], [-66.50248718299997, -45.18616485599995, 0.0]]], [[[-66.48746490499997, -45.18309783899997, 0.0], [-66.48987579299995, -45.18217086799996, 0.0], [-66.48910522499995, -45.17900466899994, 0.0], [-66.48578643799993, -45.17940139799998, 0.0], [-66.48746490499997, -45.18309783899997, 0.0]]], [[[-66.51522064199997, -45.18223953199998, 0.0], [-66.51862335199996, -45.180583953999985, 0.0], [-66.51876068099995, -45.17849731399997, 0.0], [-66.51563262899998, -45.180213927999944, 0.0], [-66.51522064199997, -45.18223953199998, 0.0]]], [[[-66.49806213399995, -45.17858505199996, 0.0], [-66.49272155799997, -45.18081664999994, 0.0], [-66.50433349599996, -45.17656707799995, 0.0], [-66.50204467799995, -45.17595291099997, 0.0], [-66.49806213399995, -45.17858505199996, 0.0]]], [[[-66.50966644299996, -45.17412948599997, 0.0], [-66.51166534399994, -45.17378616299993, 0.0], [-66.51065063499993, -45.172252654999966, 0.0], [-66.50869750999993, -45.17320251499996, 0.0], [-66.50966644299996, -45.17412948599997, 0.0]]], [[[-66.49703216599994, -45.17052841199995, 0.0], [-66.50023651099997, -45.16852569599996, 0.0], [-66.50084686299994, -45.16727447499994, 0.0], [-66.49616241499996, -45.16872405999993, 0.0], [-66.49703216599994, -45.17052841199995, 0.0]]], [[[-66.36227416999998, -45.15509414699994, 0.0], [-66.36432647699996, -45.14999771099997, 0.0], [-66.36222839399994, -45.14937591599994, 0.0], [-66.36049652099996, -45.15119552599998, 0.0], [-66.36227416999998, -45.15509414699994, 0.0]]], [[[-66.05103301999998, -45.128883361999954, 0.0], [-66.06070709199997, -45.13224410999993, 0.0], [-66.06282806399997, -45.13164520299995, 0.0], [-66.05334472699997, -45.12731552099996, 0.0], [-66.05103301999998, -45.128883361999954, 0.0]]], [[[-65.93836975099998, -45.118202208999946, 0.0], [-65.93736267099996, -45.11926650999993, 0.0], [-65.94024658199999, -45.118846892999954, 0.0], [-65.93891906699997, -45.11804580699993, 0.0], [-65.93836975099998, -45.118202208999946, 0.0]]], [[[-66.09631347699997, -45.11952590899995, 0.0], [-66.09745788599997, -45.11789703399995, 0.0], [-66.09371185299995, -45.11802291899994, 0.0], [-66.09378051799996, -45.11814880399993, 0.0], [-66.09631347699997, -45.11952590899995, 0.0]]], [[[-65.95083618199993, -45.10877227799995, 0.0], [-65.94544219999995, -45.118816375999984, 0.0], [-65.96368408199999, -45.103725432999966, 0.0], [-65.95953369099993, -45.10237121599994, 0.0], [-65.95083618199993, -45.10877227799995, 0.0]]], [[[-66.02788543699995, -45.10062026999998, 0.0], [-66.02926635699998, -45.10034942599998, 0.0], [-66.02977752699996, -45.099380492999956, 0.0], [-66.02693939199997, -45.099697112999934, 0.0], [-66.02788543699995, -45.10062026999998, 0.0]]], [[[-65.96414184599996, -45.09860229499998, 0.0], [-65.96624755899995, -45.09874725299994, 0.0], [-65.96647643999995, -45.09642410299995, 0.0], [-65.96407318099995, -45.09682846099997, 0.0], [-65.96414184599996, -45.09860229499998, 0.0]]], [[[-66.41954803499993, -45.09645843499993, 0.0], [-66.41997528099995, -45.09432983399995, 0.0], [-66.41496276899994, -45.09457778899997, 0.0], [-66.41611480699999, -45.09574890099998, 0.0], [-66.41954803499993, -45.09645843499993, 0.0]]], [[[-66.03570556599993, -45.09350967399996, 0.0], [-66.03746032699996, -45.09276580799997, 0.0], [-66.03895568799999, -45.09088134799998, 0.0], [-66.03667449999995, -45.09176635699998, 0.0], [-66.03570556599993, -45.09350967399996, 0.0]]], [[[-66.04499816899994, -45.09160232499994, 0.0], [-66.04556274399994, -45.09024047899993, 0.0], [-66.04229736299993, -45.09057617199994, 0.0], [-66.04387664799998, -45.09103012099996, 0.0], [-66.04499816899994, -45.09160232499994, 0.0]]], [[[-66.40806579599996, -45.08838272099996, 0.0], [-66.40595245399999, -45.08799362199994, 0.0], [-66.40294647199994, -45.08868026699997, 0.0], [-66.40995788599997, -45.09138870199996, 0.0], [-66.40806579599996, -45.08838272099996, 0.0]]], [[[-66.40718078599997, -45.08528900099998, 0.0], [-66.40937805199997, -45.08478546099997, 0.0], [-66.40309143099995, -45.082401275999985, 0.0], [-66.40433502199994, -45.08433532699996, 0.0], [-66.40718078599997, -45.08528900099998, 0.0]]], [[[-65.99297332799995, -45.09107971199995, 0.0], [-65.98593139599996, -45.103279113999974, 0.0], [-65.96412658699995, -45.10888671899994, 0.0], [-66.00783538799993, -45.10424804699994, 0.0], [-66.01975250199996, -45.08640670799997, 0.0], [-65.99297332799995, -45.09107971199995, 0.0]]], [[[-66.29492950399998, -45.07782745399993, 0.0], [-66.29838561999998, -45.07769393899997, 0.0], [-66.30044555699993, -45.07583618199993, 0.0], [-66.29612731899994, -45.076236724999944, 0.0], [-66.29492950399998, -45.07782745399993, 0.0]]], [[[-66.40106201199995, -45.069725036999955, 0.0], [-66.40229797399996, -45.06957626299993, 0.0], [-66.40242004399994, -45.068824767999956, 0.0], [-66.40139007599998, -45.06872558599997, 0.0], [-66.40106201199995, -45.069725036999955, 0.0]]], [[[-66.31976318399995, -45.066326140999934, 0.0], [-66.31887817399996, -45.06752014199998, 0.0], [-66.31584930399998, -45.068737029999966, 0.0], [-66.32381439199997, -45.06656265299995, 0.0], [-66.31976318399995, -45.066326140999934, 0.0]]], [[[-66.33896636999998, -45.066089629999965, 0.0], [-66.34075927699996, -45.06589126599994, 0.0], [-66.34155273399995, -45.06473541299994, 0.0], [-66.33847808799999, -45.06357955899995, 0.0], [-66.33896636999998, -45.066089629999965, 0.0]]], [[[-65.57327270499997, -45.06588745099998, 0.0], [-65.57727050799997, -45.065181731999985, 0.0], [-65.57822418199999, -45.06385421799996, 0.0], [-65.57560729999994, -45.06375122099996, 0.0], [-65.57327270499997, -45.06588745099998, 0.0]]], [[[-65.80760955799997, -45.06505203199998, 0.0], [-65.81037139899996, -45.06739807099996, 0.0], [-65.81214141799995, -45.06348037699996, 0.0], [-65.80638122599998, -45.061027526999965, 0.0], [-65.80760955799997, -45.06505203199998, 0.0]]], [[[-65.61579132099996, -45.06153869599996, 0.0], [-65.62061309799998, -45.06226730299994, 0.0], [-65.62480926499995, -45.060184478999986, 0.0], [-65.61991882299998, -45.059440612999936, 0.0], [-65.61579132099996, -45.06153869599996, 0.0]]], [[[-65.71522521999998, -45.058197020999955, 0.0], [-65.71652984599996, -45.05812454199997, 0.0], [-65.71713256799995, -45.05730819699994, 0.0], [-65.71508789099994, -45.05741882299998, 0.0], [-65.71522521999998, -45.058197020999955, 0.0]]], [[[-65.58100128199999, -45.05955123899997, 0.0], [-65.57770538299997, -45.06305313099995, 0.0], [-65.59287261999998, -45.060173034999934, 0.0], [-65.58881378199999, -45.056060790999936, 0.0], [-65.58100128199999, -45.05955123899997, 0.0]]], [[[-65.62335967999996, -45.05379486099997, 0.0], [-65.62078857399996, -45.05498886099997, 0.0], [-65.62625884999994, -45.052593230999946, 0.0], [-65.62589263899997, -45.05236816399997, 0.0], [-65.62335967999996, -45.05379486099997, 0.0]]], [[[-66.33431243899997, -45.05717086799996, 0.0], [-66.33942413299997, -45.05735778799993, 0.0], [-66.34431457499994, -45.053390502999946, 0.0], [-66.33731841999997, -45.05361175499996, 0.0], [-66.33431243899997, -45.05717086799996, 0.0]]], [[[-65.97473907499995, -45.051921843999935, 0.0], [-65.97611236599994, -45.05157852199994, 0.0], [-65.97677612299998, -45.051013946999944, 0.0], [-65.97310638399995, -45.05107498199993, 0.0], [-65.97473907499995, -45.051921843999935, 0.0]]], [[[-65.96598052999997, -45.05299377399996, 0.0], [-65.96940612799995, -45.05053710899995, 0.0], [-65.96287536599993, -45.049915313999975, 0.0], [-65.96436309799998, -45.05216598499993, 0.0], [-65.96598052999997, -45.05299377399996, 0.0]]], [[[-65.84178161599993, -45.04882430999993, 0.0], [-65.84078216599994, -45.04927062999997, 0.0], [-65.84346771199995, -45.04926681499995, 0.0], [-65.84313201899994, -45.04890441899994, 0.0], [-65.84178161599993, -45.04882430999993, 0.0]]], [[[-65.71040344199997, -45.05282592799995, 0.0], [-65.70491027799994, -45.05696487399996, 0.0], [-65.72300720199996, -45.05390167199994, 0.0], [-65.71765899699994, -45.04835891699997, 0.0], [-65.71040344199997, -45.05282592799995, 0.0]]], [[[-65.85845947299998, -45.05049133299997, 0.0], [-65.85993194599996, -45.051605224999946, 0.0], [-65.86394500699998, -45.05112838699995, 0.0], [-65.86186981199995, -45.04750442499994, 0.0], [-65.85845947299998, -45.05049133299997, 0.0]]], [[[-65.80326843299997, -45.04751586899994, 0.0], [-65.80336761499996, -45.04798126199995, 0.0], [-65.80622863799994, -45.047904967999955, 0.0], [-65.80435943599997, -45.04723358199993, 0.0], [-65.80326843299997, -45.04751586899994, 0.0]]], [[[-65.84365844699994, -45.04821014399994, 0.0], [-65.84623718299997, -45.047939300999985, 0.0], [-65.84870910599994, -45.04587554899996, 0.0], [-65.84334564199997, -45.04726409899996, 0.0], [-65.84365844699994, -45.04821014399994, 0.0]]], [[[-65.91662597699997, -45.04826736399997, 0.0], [-65.91895294199998, -45.04788589499998, 0.0], [-65.91862487799995, -45.04542922999997, 0.0], [-65.91581726099997, -45.04711914099994, 0.0], [-65.91662597699997, -45.04826736399997, 0.0]]], [[[-65.91208648699995, -45.04610061599993, 0.0], [-65.91291809099994, -45.046054839999954, 0.0], [-65.91325378399995, -45.04547500599995, 0.0], [-65.91215515099998, -45.04535674999994, 0.0], [-65.91208648699995, -45.04610061599993, 0.0]]], [[[-65.96180725099998, -45.04597854599996, 0.0], [-65.96344757099996, -45.04598998999995, 0.0], [-65.96414947499994, -45.04363632199994, 0.0], [-65.96250915499996, -45.04428100599995, 0.0], [-65.96180725099998, -45.04597854599996, 0.0]]], [[[-65.84347534199998, -45.041351317999954, 0.0], [-65.84188842799995, -45.041526793999935, 0.0], [-65.84120178199998, -45.04224014299996, 0.0], [-65.84367370599995, -45.042278289999956, 0.0], [-65.84347534199998, -45.041351317999954, 0.0]]], [[[-65.59758758499999, -45.04343032799994, 0.0], [-65.60929107699997, -45.06020355199996, 0.0], [-65.62401580799997, -45.04605865499997, 0.0], [-65.61639404299996, -45.04226303099995, 0.0], [-65.59758758499999, -45.04343032799994, 0.0]]], [[[-65.91529083299997, -45.041225432999966, 0.0], [-65.91672515899995, -45.04071044899996, 0.0], [-65.91651153599997, -45.03983688399995, 0.0], [-65.91500091599994, -45.03997039799998, 0.0], [-65.91529083299997, -45.041225432999966, 0.0]]], [[[-65.87502288799993, -45.040443419999974, 0.0], [-65.87645721399997, -45.041671752999946, 0.0], [-65.88088989299996, -45.039798736999956, 0.0], [-65.87905120799996, -45.03889465299994, 0.0], [-65.87502288799993, -45.040443419999974, 0.0]]], [[[-65.74801635699998, -45.03651046799996, 0.0], [-65.74889373799994, -45.03662872299998, 0.0], [-65.74978637699996, -45.03557586699998, 0.0], [-65.74781036399997, -45.03510665899995, 0.0], [-65.74801635699998, -45.03651046799996, 0.0]]], [[[-65.75471496599994, -45.036041259999934, 0.0], [-65.75135803199998, -45.03688430799997, 0.0], [-65.76696014399994, -45.03755187999997, 0.0], [-65.75956726099997, -45.034713744999976, 0.0], [-65.75471496599994, -45.036041259999934, 0.0]]], [[[-65.85848236099997, -45.03455352799995, 0.0], [-65.85978698699995, -45.03501129099993, 0.0], [-65.86232757599998, -45.032695769999975, 0.0], [-65.86064147899998, -45.03247833299997, 0.0], [-65.85848236099997, -45.03455352799995, 0.0]]], [[[-66.24846649199998, -45.03243637099996, 0.0], [-66.24966430699993, -45.03216171299994, 0.0], [-66.25064086899994, -45.03086471599994, 0.0], [-66.24875640899995, -45.03044509899996, 0.0], [-66.24846649199998, -45.03243637099996, 0.0]]], [[[-65.86140441899994, -45.038993834999985, 0.0], [-65.86670684799998, -45.03950118999995, 0.0], [-65.87452697799995, -45.03287506099997, 0.0], [-65.86950683599997, -45.03124237099996, 0.0], [-65.86140441899994, -45.038993834999985, 0.0]]], [[[-66.07056426999998, -45.00583267199994, 0.0], [-66.07196044899996, -45.00561523399995, 0.0], [-66.07278442399996, -45.00495147699996, 0.0], [-66.06907653799993, -45.004848479999964, 0.0], [-66.07056426999998, -45.00583267199994, 0.0]]], [[[-65.56071472199994, -45.00005340599995, 0.0], [-65.56365966799996, -44.99937820399998, 0.0], [-65.56359100299994, -44.99652099599996, 0.0], [-65.56072235099998, -44.998569488999976, 0.0], [-65.56071472199994, -45.00005340599995, 0.0]]], [[[-65.57038116499996, -44.99059295699993, 0.0], [-65.57371520999993, -44.990116118999936, 0.0], [-65.57393646199995, -44.98803710899995, 0.0], [-65.57019805899995, -44.98826217699997, 0.0], [-65.57038116499996, -44.99059295699993, 0.0]]], [[[-65.56446838399995, -44.964469909999934, 0.0], [-65.56664276099997, -44.963619231999985, 0.0], [-65.56092834499998, -44.961936950999984, 0.0], [-65.56118011499996, -44.96336746199995, 0.0], [-65.56446838399995, -44.964469909999934, 0.0]]], [[[-65.53549194299995, -44.90779495199996, 0.0], [-65.54187011699997, -44.90856552099996, 0.0], [-65.54334258999995, -44.90748214699994, 0.0], [-65.53993987999996, -44.90552139299996, 0.0], [-65.53549194299995, -44.90779495199996, 0.0]]], [[[-65.65555572499994, -44.77313232399996, 0.0], [-65.65297698999996, -44.77503585799997, 0.0], [-65.66972351099997, -44.769191741999975, 0.0], [-65.66674804699994, -44.769119262999936, 0.0], [-65.65555572499994, -44.77313232399996, 0.0]]], [[[-65.64034271199995, -44.76862335199996, 0.0], [-65.63827514599996, -44.77063751199995, 0.0], [-65.64337158199999, -44.767372130999945, 0.0], [-65.64230346699998, -44.767086028999984, 0.0], [-65.64034271199995, -44.76862335199996, 0.0]]], [[[-65.64964294399994, -44.767627715999936, 0.0], [-65.65107727099996, -44.76757049599996, 0.0], [-65.65418243399995, -44.76594161999998, 0.0], [-65.64865112299998, -44.767318725999985, 0.0], [-65.64964294399994, -44.767627715999936, 0.0]]], [[[-65.38571929899996, -44.60046768199993, 0.0], [-65.38727569599996, -44.59741592399996, 0.0], [-65.38455200199996, -44.59479141199995, 0.0], [-65.38194274899996, -44.59845352199994, 0.0], [-65.38571929899996, -44.60046768199993, 0.0]]], [[[-65.38999938999996, -44.59740829499998, 0.0], [-65.39315032999997, -44.59741592399996, 0.0], [-65.39642333999996, -44.59447097799995, 0.0], [-65.39363861099997, -44.59391403199993, 0.0], [-65.38999938999996, -44.59740829499998, 0.0]]], [[[-65.30879211399997, -44.537723540999934, 0.0], [-65.31018829299995, -44.53705215499997, 0.0], [-65.31053924599996, -44.53478622399996, 0.0], [-65.30784606899994, -44.53583908099995, 0.0], [-65.30879211399997, -44.537723540999934, 0.0]]], [[[-65.23679351799996, -44.28204727199994, 0.0], [-65.23861694299995, -44.28118514999994, 0.0], [-65.23050689699994, -44.275440215999936, 0.0], [-65.23037719699994, -44.27635192899993, 0.0], [-65.23679351799996, -44.28204727199994, 0.0]]], [[[-65.26077270499997, -44.261775969999974, 0.0], [-65.26336669899996, -44.26291274999994, 0.0], [-65.26998138399995, -44.26176452599998, 0.0], [-65.26271820099998, -44.258964538999976, 0.0], [-65.26077270499997, -44.261775969999974, 0.0]]], [[[-65.25907897899998, -44.15483856199995, 0.0], [-65.26287841799996, -44.153247832999966, 0.0], [-65.25447845499997, -44.15010452299998, 0.0], [-65.25492095899995, -44.15262603799994, 0.0], [-65.25907897899998, -44.15483856199995, 0.0]]], [[[-64.51540034899995, -42.42045565999996, 0.0], [-64.51667785599994, -42.42102050799997, 0.0], [-64.51854705799997, -42.41807937599998, 0.0], [-64.51365661599993, -42.41948699999995, 0.0], [-64.51540034899995, -42.42045565999996, 0.0]]], [[[-70.99068043099999, -41.999964460999934, 0.0], [-65.06927490199996, -42.00030517599998, 0.0], [-64.88027852799996, -42.18079802099993, 0.0], [-64.46420936599998, -42.23952260799996, 0.0], [-64.61880719099997, -42.415030790999936, 0.0], [-64.43351856299995, -42.43986641499998, 0.0], [-64.12424811799997, -42.42966447599997, 0.0], [-64.04303626099994, -42.35130240899997, 0.0], [-64.08981646399997, -42.25341138299996, 0.0], [-64.37875021099995, -42.23834479499993, 0.0], [-63.77311194899994, -42.07348978799996, 0.0], [-63.603028076999976, -42.31543338299997, 0.0], [-63.582802657999935, -42.607345658999975, 0.0], [-63.67732704499997, -42.79203973099993, 0.0], [-64.11045271299997, -42.878947885999935, 0.0], [-64.25356372999994, -42.76515383799995, 0.0], [-64.21114097099996, -42.62541137699998, 0.0], [-64.34372718599997, -42.53150258499994, 0.0], [-64.62916732899998, -42.496334150999985, 0.0], [-64.97979637399993, -42.64913733699996, 0.0], [-65.01534483999995, -42.781702827999936, 0.0], [-64.30768123999997, -42.97916239899996, 0.0], [-64.97633952599995, -43.25497167299994, 0.0], [-65.33290596899997, -43.65749993899993, 0.0], [-65.29942149999994, -43.933438595999974, 0.0], [-65.18794375199997, -44.03545560699996, 0.0], [-65.31177328199993, -44.204271226999936, 0.0], [-65.21673522999998, -44.366740824999965, 0.0], [-65.33445906299994, -44.45600035599995, 0.0], [-65.27928531099997, -44.517420192999964, 0.0], [-65.63836977099999, -44.66586881599994, 0.0], [-65.72870005999994, -44.81158105999998, 0.0], [-65.70466750399999, -44.87526138499993, 0.0], [-65.57288908599998, -44.895606965999946, 0.0], [-65.57430486599998, -44.910680851999984, 0.0], [-65.56086091099996, -44.903578160999984, 0.0], [-65.55626855099996, -44.91311979899996, 0.0], [-65.54376448399995, -44.910407213999974, 0.0], [-65.53576949499995, -44.92075786899994, 0.0], [-65.52566868299994, -44.924160497999935, 0.0], [-65.51981520899994, -44.92974033399997, 0.0], [-65.59453028399997, -44.95736587699997, 0.0], [-65.60225639399994, -45.027150708999955, 0.0], [-65.68993953199998, -45.062009812999975, 0.0], [-65.74045548899994, -45.023962230999985, 0.0], [-65.82872159499993, -45.039121776999934, 0.0], [-65.84653186099996, -45.002073569999936, 0.0], [-65.93444104799994, -45.049436740999965, 0.0], [-66.19461210699995, -44.982200509999984, 0.0], [-66.27623356899994, -45.06533887699993, 0.0], [-66.51713495999996, -45.096935739999935, 0.0], [-66.53301786199995, -45.14238344499995, 0.0], [-66.45898688099999, -45.146963906999986, 0.0], [-66.47317441799999, -45.165880621999975, 0.0], [-66.59970225699993, -45.139409118999936, 0.0], [-66.51865186599997, -45.222898456999985, 0.0], [-66.96402153099996, -45.272986110999966, 0.0], [-67.34506841699994, -45.62301672199993, 0.0], [-67.36855295299995, -45.787256043999946, 0.0], [-67.59567964199994, -45.99979470699998, 0.0], [-71.64457847899996, -45.99975292899995, 0.0], [-71.65251878399994, -45.890389814999935, 0.0], [-71.76896960599998, -45.84439483399996, 0.0], [-71.76353040999999, -45.56031024499998, 0.0], [-71.46891984899997, -45.493635608999966, 0.0], [-71.52945809499994, -45.39270363199995, 0.0], [-71.33590936399997, -45.322034481999935, 0.0], [-71.33297786799994, -45.24138504299998, 0.0], [-71.52654444399997, -45.10312499999998, 0.0], [-71.55971666699998, -44.97744722199997, 0.0], [-72.03715326799994, -44.90282001299994, 0.0], [-72.06693537699994, -44.75960446499994, 0.0], [-71.47420664099997, -44.73707317299994, 0.0], [-71.29181557899994, -44.813948248999964, 0.0], [-71.20596939699993, -44.75045472099998, 0.0], [-71.20084722199994, -44.59163611099996, 0.0], [-71.09146296799997, -44.53254933599993, 0.0], [-71.38619741499997, -44.385274676999984, 0.0], [-71.81506666699994, -44.41611666699998, 0.0], [-71.78001979599998, -44.21718679299994, 0.0], [-71.84865945799999, -44.11352539099994, 0.0], [-71.64878055599996, -43.94592499999993, 0.0], [-71.75341887499997, -43.78818022299998, 0.0], [-71.58145522799998, -43.65168006299996, 0.0], [-71.87747960499996, -43.55108306599993, 0.0], [-71.84863458899997, -43.482888902999946, 0.0], [-71.93423212899995, -43.449100715999975, 0.0], [-71.90438934199994, -43.321886345999985, 0.0], [-71.73460336199997, -43.31433325299997, 0.0], [-71.72920476099995, -43.20025094699997, 0.0], [-72.14254739599994, -42.89986548099995, 0.0], [-72.17870398699995, -42.68919623099998, 0.0], [-72.01260455499994, -42.49485473499993, 0.0], [-72.02848626499997, -42.40752283299997, 0.0], [-72.13186430699994, -42.38432309299998, 0.0], [-72.18815520499999, -42.16015173899996, 0.0], [-71.78172661099995, -42.148079880999944, 0.0], [-71.72608776699997, -42.10966910399998, 0.0], [-71.77375787899996, -41.99983796499998, 0.0], [-70.99068043099999, -41.999964460999934, 0.0]]]]}}, {"type": "Feature", "properties": {"OBJECTID": 446, "Entidad": 0, "Objeto": "Provincia", "FNA": "Provincia de Río Negro", "GNA": "Provincia", "NAM": "Río Negro", "SAG": "IGN", "FDC": "Geografía", "IN1": "62", "SHAPE_STAr": 21.4511368555, "SHAPE_STLe": 30.9972743096}, "geometry": {"type": "Polygon", "coordinates": [[[-68.23909875399994, -37.58496004099993, 0.0], [-67.79339599599996, -37.64630126999998, 0.0], [-67.72096954399996, -37.80642586299996, 0.0], [-67.90395009199995, -37.98357673199996, 0.0], [-67.85119628899997, -38.065795897999976, 0.0], [-67.74871826199995, -38.05810546899994, 0.0], [-67.54791259799998, -38.25628662099996, 0.0], [-67.18761336899996, -38.214503417999936, 0.0], [-67.15299221199996, -38.356795182999974, 0.0], [-66.63617329099998, -38.542393137999966, 0.0], [-66.53861539199994, -38.720852710999964, 0.0], [-66.08477783199999, -38.72558593799994, 0.0], [-65.69409179699994, -38.83319091799996, 0.0], [-65.58251953099995, -38.774291991999974, 0.0], [-65.37451171899994, -38.85571289099994, 0.0], [-65.11138915999999, -38.799499511999954, 0.0], [-64.39739990199996, -38.87322997999996, 0.0], [-63.383269419999976, -39.32849159699998, 0.0], [-63.37934955099996, -40.70977031399997, 0.0], [-62.95715416999997, -40.81767499799997, 0.0], [-62.789666573999966, -41.02416378199996, 0.0], [-63.11651611299993, -41.155517577999944, 0.0], [-63.78857421899994, -41.15899658199993, 0.0], [-64.54119872999996, -40.86492919899996, 0.0], [-64.87530517599998, -40.82891845699993, 0.0], [-64.73358154299996, -40.78692626999998, 0.0], [-64.80627441399997, -40.72552490199996, 0.0], [-64.99591064499998, -40.716918944999975, 0.0], [-64.89990234399994, -40.76080322299998, 0.0], [-65.09271240199996, -40.814575194999975, 0.0], [-65.16668701199995, -40.973999022999976, 0.0], [-65.13800048799993, -41.22961425799997, 0.0], [-64.98779296899994, -41.518798827999944, 0.0], [-65.06927490199996, -42.00030517599998, 0.0], [-71.77375787899996, -41.99983796499998, 0.0], [-71.75393169499995, -41.78745375899996, 0.0], [-71.88556111099996, -41.605991666999955, 0.0], [-71.81763843899995, -41.57520641199994, 0.0], [-71.82700757899994, -41.443502603999946, 0.0], [-71.91124489399994, -41.35674340899993, 0.0], [-71.89701498899996, -41.25514403699998, 0.0], [-71.83438055599999, -41.271797221999975, 0.0], [-71.86107654499995, -41.03102405499993, 0.0], [-71.14164804499995, -41.055975854999986, 0.0], [-71.03202253999996, -40.93314543899993, 0.0], [-71.12079056999994, -40.75821976699996, 0.0], [-70.97650146499996, -40.64868164099994, 0.0], [-70.54248046899994, -40.50360107399996, 0.0], [-70.17056874199994, -40.48300863199995, 0.0], [-69.95027805499996, -40.17898488099996, 0.0], [-70.00537211199998, -40.04743376499994, 0.0], [-69.93175359299994, -39.94358289999997, 0.0], [-69.50699653699996, -39.81542319099998, 0.0], [-69.27709960899995, -39.596374511999954, 0.0], [-68.99987792999997, -39.515197753999985, 0.0], [-68.55987395199998, -39.07582661499998, 0.0], [-68.30159195799996, -38.975430236999955, 0.0], [-67.99808848499998, -38.995763539999984, 0.0], [-68.12060830099995, -38.747279584999944, 0.0], [-68.24999999999994, -38.68199999999996, 0.0], [-68.23909875399994, -37.58496004099993, 0.0]]]}}, {"type": "Feature", "properties": {"OBJECTID": 447, "Entidad": 0, "Objeto": "Provincia", "FNA": "Provincia de Buenos Aires", "GNA": "Provincia", "NAM": "Buenos Aires", "SAG": "IGN", "FDC": "Geografía", "IN1": "06", "SHAPE_STAr": 30.8059975115, "SHAPE_STLe": 34.0355761258}, "geometry": {"type": "Polygon", "coordinates": [[[-60.272374990999936, -33.26348632899993, 0.0], [-59.61877441399997, -33.69219970699993, 0.0], [-59.50421142599998, -33.63360595699993, 0.0], [-59.44897460899995, -33.72448730499997, 0.0], [-59.24700927699996, -33.72497558599997, 0.0], [-59.242309569999975, -33.807495116999974, 0.0], [-58.992880681999964, -33.84180370399997, 0.0], [-58.65499723199997, -34.035253876999946, 0.0], [-58.39862060499996, -34.014892577999944, 0.0], [-58.355407714999956, -34.190307616999974, 0.0], [-58.51440429699994, -34.27099609399994, 0.0], [-58.45956409299998, -34.52778390399993, 0.0], [-58.52920470799995, -34.654751429999976, 0.0], [-58.46139007099998, -34.705314975999954, 0.0], [-58.34188739699994, -34.631096716999934, 0.0], [-57.87373881099995, -34.826157723999984, 0.0], [-57.223345663999964, -35.27280277999995, 0.0], [-57.12793820099995, -35.445757620999984, 0.0], [-57.364742159999935, -35.744771398999944, 0.0], [-57.38245219099997, -35.966739418999964, 0.0], [-57.11518994099998, -36.28014893599993, 0.0], [-56.74005128099998, -36.31442652499993, 0.0], [-56.666097632999936, -36.880607373999965, 0.0], [-57.12550135999999, -37.49277487699993, 0.0], [-57.491558829999974, -37.82823723799993, 0.0], [-57.544866370999955, -38.100592723999966, 0.0], [-58.49739911399996, -38.53742369299994, 0.0], [-59.78891661399996, -38.82642112999997, 0.0], [-61.14320706999996, -39.00006586599994, 0.0], [-61.81208783599993, -38.99259911699994, 0.0], [-62.07340857199995, -38.92511105999995, 0.0], [-62.32940605699997, -38.725236731999985, 0.0], [-62.50412630899996, -38.73830354199998, 0.0], [-62.47021898999998, -38.804089689999955, 0.0], [-62.40651784399995, -38.76644661699993, 0.0], [-62.30613433299993, -38.79941404899995, 0.0], [-62.414013145999945, -38.81749795299993, 0.0], [-62.32614916899996, -38.83817784799993, 0.0], [-62.34223432599998, -39.16295365399998, 0.0], [-62.23741430999996, -39.25158857599996, 0.0], [-62.316887116999965, -39.26609178799998, 0.0], [-62.106837817999974, -39.300812882999935, 0.0], [-62.009967580999955, -39.37992758199994, 0.0], [-62.28849657799998, -39.29863805499997, 0.0], [-62.04549973899998, -39.44742075499994, 0.0], [-62.11580042299994, -39.83700038799998, 0.0], [-62.296330129999944, -39.82736357099998, 0.0], [-62.33888976399999, -40.186874846999956, 0.0], [-62.48826042899998, -40.30130312699998, 0.0], [-62.41894672899997, -40.46366564799996, 0.0], [-62.17454039199998, -40.63753286399998, 0.0], [-62.31254913099997, -40.871148345999984, 0.0], [-62.789666573999966, -41.02416378199996, 0.0], [-62.95715416999997, -40.81767499799997, 0.0], [-63.37934955099996, -40.70977031399997, 0.0], [-63.385080237999944, -34.38332481599997, 0.0], [-61.717601436999985, -34.38360696199993, 0.0], [-60.87993599499998, -33.55553228699995, 0.0], [-60.45957222699997, -33.63146457999994, 0.0], [-60.272374990999936, -33.26348632899993, 0.0]]]}}, {"type": "Feature", "properties": {"OBJECTID": 448, "Entidad": 0, "Objeto": "Provincia", "FNA": "Provincia de Corrientes", "GNA": "Provincia", "NAM": "Corrientes", "SAG": "IGN", "FDC": "Geografía", "IN1": "18", "SHAPE_STAr": 8.23567880627, "SHAPE_STLe": 20.5946719742}, "geometry": {"type": "MultiPolygon", "coordinates": [[[[-56.861615221999955, -27.592127837999953, 0.0], [-56.85519733799998, -27.59290411799998, 0.0], [-56.85571128899994, -27.594831432999968, 0.0], [-56.86624727699996, -27.591876216999935, 0.0], [-56.861615221999955, -27.592127837999953, 0.0]]], [[[-56.759078930999976, -27.59104711599997, 0.0], [-56.75338511099994, -27.592099234999978, 0.0], [-56.74942419399997, -27.593460799999946, 0.0], [-56.749114746999965, -27.59395591499998, 0.0], [-56.759078930999976, -27.59104711599997, 0.0]]], [[[-56.87427775599997, -27.582496617999936, 0.0], [-56.863581936999935, -27.58761988899994, 0.0], [-56.86223518299994, -27.58876194499993, 0.0], [-56.87196497799994, -27.58654397899994, 0.0], [-56.87427775599997, -27.582496617999936, 0.0]]], [[[-56.71626995499997, -27.579283731999965, 0.0], [-56.718509480999955, -27.58550786099994, 0.0], [-56.73299415199995, -27.592678132999936, 0.0], [-56.72272645999993, -27.585740236999982, 0.0], [-56.71626995499997, -27.579283731999965, 0.0]]], [[[-56.71033551599999, -27.581329895999943, 0.0], [-56.71182085999993, -27.581948788999966, 0.0], [-56.706684044999975, -27.575079071999937, 0.0], [-56.70606515099996, -27.577740313999982, 0.0], [-56.71033551599999, -27.581329895999943, 0.0]]], [[[-56.78162474299995, -27.57299177799996, 0.0], [-56.78896058599997, -27.576244120999945, 0.0], [-56.78946650599994, -27.575665926999932, 0.0], [-56.78451571599999, -27.57165470299998, 0.0], [-56.78162474299995, -27.57299177799996, 0.0]]], [[[-56.75400948199996, -27.570280167999954, 0.0], [-56.76008203899994, -27.575118438999937, 0.0], [-56.77222454699995, -27.57644272699997, 0.0], [-56.767165345999956, -27.573407205999956, 0.0], [-56.75400948199996, -27.570280167999954, 0.0]]], [[[-56.68981683599998, -27.56979505499993, 0.0], [-56.69029680099993, -27.572176197999966, 0.0], [-56.69367382199994, -27.574417619999963, 0.0], [-56.69086121899994, -27.57003874399993, 0.0], [-56.68981683599998, -27.56979505499993, 0.0]]], [[[-56.774720436999985, -27.576272347999975, 0.0], [-56.77222454699995, -27.57220263399995, 0.0], [-56.75617951799995, -27.569443473999968, 0.0], [-56.75871973999995, -27.57136215299994, 0.0], [-56.764043396999966, -27.57206476799996, 0.0], [-56.774720436999985, -27.576272347999975, 0.0]]], [[[-56.76592674799997, -27.569867372999965, 0.0], [-56.768080819999966, -27.569070747999945, 0.0], [-56.761047291999944, -27.567587252999942, 0.0], [-56.76244576499994, -27.568803316999947, 0.0], [-56.76592674799997, -27.569867372999965, 0.0]]], [[[-56.92108741699997, -27.563079253999945, 0.0], [-56.913056937999954, -27.56744783499994, 0.0], [-56.90218350199996, -27.570290264999983, 0.0], [-56.899074191999944, -27.573136816999977, 0.0], [-56.91279996299994, -27.57091700199993, 0.0], [-56.92108741699997, -27.563079253999945, 0.0]]], [[[-56.739174522999974, -27.562096543999928, 0.0], [-56.74197430399994, -27.561671974999967, 0.0], [-56.736842827999965, -27.558564179999962, 0.0], [-56.736126173999935, -27.560066244999973, 0.0], [-56.739174522999974, -27.562096543999928, 0.0]]], [[[-56.70136251699995, -27.55254982499997, 0.0], [-56.70122983799996, -27.558390035999935, 0.0], [-56.703736557999946, -27.563564664999944, 0.0], [-56.705029459999935, -27.55839836699994, 0.0], [-56.70136251699995, -27.55254982499997, 0.0]]], [[[-56.699594917999946, -27.57815884499996, 0.0], [-56.706684044999975, -27.58077289199997, 0.0], [-56.69331594799996, -27.54506274299996, 0.0], [-56.68606804299998, -27.56088632099994, 0.0], [-56.699594917999946, -27.57815884499996, 0.0]]], [[[-56.944729146999975, -27.53583986999996, 0.0], [-56.930999327999984, -27.548673537999946, 0.0], [-56.930017308999936, -27.55710457799995, 0.0], [-56.94151695499994, -27.546118882999963, 0.0], [-56.944729146999975, -27.53583986999996, 0.0]]], [[[-56.90363718599997, -27.541573297999946, 0.0], [-56.90588571999996, -27.54054539599997, 0.0], [-56.90736332899996, -27.53566286499995, 0.0], [-56.903508698999985, -27.53784715499995, 0.0], [-56.90363718599997, -27.541573297999946, 0.0]]], [[[-56.730763785999955, -27.542449112999975, 0.0], [-56.73192123699994, -27.53660214599995, 0.0], [-56.72944566399997, -27.533383899999933, 0.0], [-56.72760562999997, -27.53742477299994, 0.0], [-56.730763785999955, -27.542449112999975, 0.0]]], [[[-56.93977090399994, -27.535489454999947, 0.0], [-56.93707805399998, -27.537875801999974, 0.0], [-56.93389210599997, -27.544083473999933, 0.0], [-56.94678494899995, -27.53269192299996, 0.0], [-56.93977090399994, -27.535489454999947, 0.0]]], [[[-56.94521549199993, -27.53074570299998, 0.0], [-56.93927996499997, -27.53250738899993, 0.0], [-56.93788507499994, -27.53443183099995, 0.0], [-56.945622034999985, -27.53196533099998, 0.0], [-56.94521549199993, -27.53074570299998, 0.0]]], [[[-56.928489473999946, -27.530361881999966, 0.0], [-56.91198888399998, -27.532900379999944, 0.0], [-56.907881490999955, -27.53864507299994, 0.0], [-56.92459963999994, -27.534685829999944, 0.0], [-56.928489473999946, -27.530361881999966, 0.0]]], [[[-56.93127006399993, -27.52749586799996, 0.0], [-56.92890910299997, -27.527833147999957, 0.0], [-56.927511799999934, -27.528748622999956, 0.0], [-56.93406467099999, -27.52754405099995, 0.0], [-56.93127006399993, -27.52749586799996, 0.0]]], [[[-56.70525741599994, -27.563306807999936, 0.0], [-56.73423523799994, -27.591427705999934, 0.0], [-56.783896554999956, -27.58269205499994, 0.0], [-56.761368835999974, -27.57749335099993, 0.0], [-56.73404469299999, -27.55873056599995, 0.0], [-56.71693229099998, -27.519936265999945, 0.0], [-56.70525741599994, -27.563306807999936, 0.0]]], [[[-56.73183896599994, -27.53299367099993, 0.0], [-56.73117856499994, -27.52756630199997, 0.0], [-56.72610363899997, -27.519706355999972, 0.0], [-56.72584165899997, -27.52536943499996, 0.0], [-56.73183896599994, -27.53299367099993, 0.0]]], [[[-56.95693547399998, -27.51605276999993, 0.0], [-56.946155541999985, -27.525062214999934, 0.0], [-56.92591139799998, -27.53536919299995, 0.0], [-56.91073239899998, -27.539054109999938, 0.0], [-56.89412933899996, -27.551715789999946, 0.0], [-56.87598824799994, -27.58357303599996, 0.0], [-56.90085431699998, -27.569427361999942, 0.0], [-56.91960980899995, -27.562565303999975, 0.0], [-56.93237298899999, -27.535113492999983, 0.0], [-56.95198869899997, -27.52331232299997, 0.0], [-56.95693547399998, -27.51605276999993, 0.0]]], [[[-56.93879318199998, -27.52483940099995, 0.0], [-56.947812849999934, -27.522284421999927, 0.0], [-56.95481542799996, -27.51489638099997, 0.0], [-56.94276020899997, -27.52043519999995, 0.0], [-56.93879318199998, -27.52483940099995, 0.0]]], [[[-56.357069604999936, -27.51788476699994, 0.0], [-56.36472955499994, -27.53363286299998, 0.0], [-56.371200070999976, -27.53853332799997, 0.0], [-56.36744146199993, -27.520406365999975, 0.0], [-56.357069604999936, -27.51788476699994, 0.0]]], [[[-56.32932937999993, -27.501224772999933, 0.0], [-56.34320081399994, -27.508498817999964, 0.0], [-56.34430037899995, -27.507991325999967, 0.0], [-56.32070202399996, -27.49547320299996, 0.0], [-56.32932937999993, -27.501224772999933, 0.0]]], [[[-57.22151070399997, -27.464203302999977, 0.0], [-57.23233684699994, -27.463442575999977, 0.0], [-57.23929830999998, -27.45665514999996, 0.0], [-57.232974980999984, -27.457467319999978, 0.0], [-57.22151070399997, -27.464203302999977, 0.0]]], [[[-57.476975152999955, -27.439655780999942, 0.0], [-57.478680474999976, -27.43999684499994, 0.0], [-57.47929439099994, -27.438837225999976, 0.0], [-57.47547446999994, -27.43808688499996, 0.0], [-57.476975152999955, -27.439655780999942, 0.0]]], [[[-57.481253856999956, -27.437476757999946, 0.0], [-57.47992086299996, -27.438493000999983, 0.0], [-57.48783963799997, -27.439152898999964, 0.0], [-57.484117813999944, -27.43611736799994, 0.0], [-57.481253856999956, -27.437476757999946, 0.0]]], [[[-57.44887144499995, -27.432220576999953, 0.0], [-57.45157399999994, -27.436581984999975, 0.0], [-57.47295059299995, -27.43856437499994, 0.0], [-57.46319615099998, -27.433925898999973, 0.0], [-57.44887144499995, -27.432220576999953, 0.0]]], [[[-57.444128690999946, -27.42941314199993, 0.0], [-57.45003106399997, -27.43194772499993, 0.0], [-57.45480596599998, -27.43092453199995, 0.0], [-57.44205015699998, -27.427513887999964, 0.0], [-57.444128690999946, -27.42941314199993, 0.0]]], [[[-57.541050619999965, -27.42953051199993, 0.0], [-57.54286879899996, -27.429696699999965, 0.0], [-57.548394041999984, -27.426490693999938, 0.0], [-57.54123168899997, -27.42758209999994, 0.0], [-57.541050619999965, -27.42953051199993, 0.0]]], [[[-56.914825966999956, -27.42353991699997, 0.0], [-56.72939991499993, -27.50196140299994, 0.0], [-56.737973325999974, -27.55057727899998, 0.0], [-56.840421256999946, -27.596180553999943, 0.0], [-56.87157951499995, -27.583460274999936, 0.0], [-56.903058991999956, -27.537397448999968, 0.0], [-56.97010545999996, -27.49273225999997, 0.0], [-57.03206553899997, -27.48064810799997, 0.0], [-56.914825966999956, -27.42353991699997, 0.0]]], [[[-57.54327807599998, -27.424307881999937, 0.0], [-57.539117089999934, -27.42737746199998, 0.0], [-57.553168943999935, -27.419737618999932, 0.0], [-57.55194111199995, -27.41953297999993, 0.0], [-57.54327807599998, -27.424307881999937, 0.0]]], [[[-57.56312802499997, -27.41046066699994, 0.0], [-57.55719350399994, -27.414144161999957, 0.0], [-57.55460141499998, -27.416940890999967, 0.0], [-57.564560495999956, -27.41052887999996, 0.0], [-57.56312802499997, -27.41046066699994, 0.0]]], [[[-57.56661128099995, -27.38511780099998, 0.0], [-57.50245255799996, -27.403321768999945, 0.0], [-57.40419200699995, -27.41659982599998, 0.0], [-57.47802091699998, -27.43661586899998, 0.0], [-57.48435124399998, -27.435520892999932, 0.0], [-57.49218662599998, -27.438700799999935, 0.0], [-57.56661128099995, -27.38511780099998, 0.0]]], [[[-57.610777644999985, -27.38332528199993, 0.0], [-57.61058579599995, -27.38163701299993, 0.0], [-57.605789577999985, -27.381214945999943, 0.0], [-57.60636512399998, -27.38225092899995, 0.0], [-57.610777644999985, -27.38332528199993, 0.0]]], [[[-57.78402407599998, -27.330417471999965, 0.0], [-57.77220748399998, -27.32942239099998, 0.0], [-57.76909785399994, -27.33016870199998, 0.0], [-57.779173053999955, -27.33315394599998, 0.0], [-57.78483257999994, -27.33222105699997, 0.0], [-57.78682274299996, -27.32855169399994, 0.0], [-57.78402407599998, -27.330417471999965, 0.0]]], [[[-57.81778349699994, -27.324951217999967, 0.0], [-57.80630896399998, -27.32554593499998, 0.0], [-57.80260072999994, -27.327854834999982, 0.0], [-57.820477213999936, -27.32456640199996, 0.0], [-57.81778349699994, -27.324951217999967, 0.0]]], [[[-57.75254725999997, -27.320162986999946, 0.0], [-57.74151982999996, -27.32330700199998, 0.0], [-57.75211977999999, -27.327924801999927, 0.0], [-57.782765179999956, -27.327819851999948, 0.0], [-57.79808787999997, -27.32502118499997, 0.0], [-57.794081450999954, -27.32572973699996, 0.0], [-57.791364148999946, -27.324006647999965, 0.0], [-57.78706832599994, -27.325632430999974, 0.0], [-57.75254725999997, -27.320162986999946, 0.0]]], [[[-57.81460101299996, -27.32068312699994, 0.0], [-57.79822397799995, -27.32249815299997, 0.0], [-57.78782589999997, -27.32061164499993, 0.0], [-57.78412952999997, -27.322537367999928, 0.0], [-57.78696317999999, -27.325336034999964, 0.0], [-57.79025161399994, -27.323726801999953, 0.0], [-57.79217569699995, -27.324076634999983, 0.0], [-57.79458954699999, -27.325266067999962, 0.0], [-57.818483163999986, -27.320123517999946, 0.0], [-57.81460101299996, -27.32068312699994, 0.0]]], [[[-58.61195118399996, -27.31685183199994, 0.0], [-58.613093324999966, -27.313282639999954, 0.0], [-58.607097082999985, -27.312854336999976, 0.0], [-58.60902444699997, -27.316137992999984, 0.0], [-58.61195118399996, -27.31685183199994, 0.0]]], [[[-57.82594994899995, -27.30260225799998, 0.0], [-57.775227306999966, -27.314999161999935, 0.0], [-57.768948370999965, -27.321108881999976, 0.0], [-57.819450565999944, -27.31869688499995, 0.0], [-57.82594994899995, -27.30260225799998, 0.0]]], [[[-57.82147001599998, -27.31831021599993, 0.0], [-57.83728248299997, -27.307302126999957, 0.0], [-57.838821748999976, -27.297833303999937, 0.0], [-57.82702070499994, -27.30907461499993, 0.0], [-57.82147001599998, -27.31831021599993, 0.0]]], [[[-58.42059698099996, -27.28097821399996, 0.0], [-58.413948491999975, -27.281096514999945, 0.0], [-58.41312038799998, -27.28159337699998, 0.0], [-58.41820731099995, -27.283202263999954, 0.0], [-58.42059698099996, -27.28097821399996, 0.0]]], [[[-58.19209682999997, -27.277710269999943, 0.0], [-58.19410950599996, -27.279430782999952, 0.0], [-58.19979044499996, -27.277061019999962, 0.0], [-58.19777776899997, -27.275957294999955, 0.0], [-58.19209682999997, -27.277710269999943, 0.0]]], [[[-58.357731215999934, -27.27491973399998, 0.0], [-58.36128045099997, -27.274703316999933, 0.0], [-58.34907454699999, -27.27180333299998, 0.0], [-58.35110886399997, -27.274010782999937, 0.0], [-58.357731215999934, -27.27491973399998, 0.0]]], [[[-58.457403615999965, -27.27295270199994, 0.0], [-58.46260016599996, -27.27182432199993, 0.0], [-58.463321047999955, -27.27084825099996, 0.0], [-58.45787997499997, -27.27170010599997, 0.0], [-58.457403615999965, -27.27295270199994, 0.0]]], [[[-58.165502344999936, -27.27415907799997, 0.0], [-58.16873246899996, -27.27404232699996, 0.0], [-58.169783231999986, -27.26980035699995, 0.0], [-58.164996421999945, -27.27139595999995, 0.0], [-58.165502344999936, -27.27415907799997, 0.0]]], [[[-58.19732329399994, -27.26923755499996, 0.0], [-58.18768192899995, -27.269886804999942, 0.0], [-58.18453306499998, -27.272516268999937, 0.0], [-58.20073185699994, -27.268945392999967, 0.0], [-58.19732329399994, -27.26923755499996, 0.0]]], [[[-58.42327057299997, -27.27015371699997, 0.0], [-58.42036826699996, -27.279649304999964, 0.0], [-58.42200870099998, -27.280627255999946, 0.0], [-58.431125727999984, -27.268229360999953, 0.0], [-58.42327057299997, -27.27015371699997, 0.0]]], [[[-58.33267202899998, -27.26626707199995, 0.0], [-58.33769289799994, -27.273769518999927, 0.0], [-58.34559932199994, -27.27480831899993, 0.0], [-58.34144412099994, -27.26944118399996, 0.0], [-58.33267202899998, -27.26626707199995, 0.0]]], [[[-58.437705653999956, -27.267720806999932, 0.0], [-58.436534094999956, -27.270747332999974, 0.0], [-58.44170847899994, -27.267037397999957, 0.0], [-58.44105761299994, -27.265638035999928, 0.0], [-58.437705653999956, -27.267720806999932, 0.0]]], [[[-58.29162198399996, -27.266431187999956, 0.0], [-58.301328274999946, -27.271592726999984, 0.0], [-58.31213828999995, -27.271690114999956, 0.0], [-58.30038686199998, -27.265814400999943, 0.0], [-58.29162198399996, -27.266431187999956, 0.0]]], [[[-58.30364333199998, -27.262458137999943, 0.0], [-58.31784026999998, -27.272499873999948, 0.0], [-58.335557585999936, -27.27342325199993, 0.0], [-58.32164920399998, -27.262573559999964, 0.0], [-58.30364333199998, -27.262458137999943, 0.0]]], [[[-58.329728761999945, -27.26372778299998, 0.0], [-58.335153607999985, -27.264016337999976, 0.0], [-58.324073071999976, -27.26136162599994, 0.0], [-58.32499644999996, -27.262054159999934, 0.0], [-58.329728761999945, -27.26372778299998, 0.0]]], [[[-58.08589263599998, -27.262053764999962, 0.0], [-58.09367606699993, -27.26625681799993, 0.0], [-58.10004054399997, -27.266304611999942, 0.0], [-58.09052377799998, -27.259874404999948, 0.0], [-58.08589263599998, -27.262053764999962, 0.0]]], [[[-58.26290844999994, -27.259688567999945, 0.0], [-58.26381739999994, -27.261246767999978, 0.0], [-58.26771290099998, -27.261290051999936, 0.0], [-58.265635300999975, -27.259688567999945, 0.0], [-58.26290844999994, -27.259688567999945, 0.0]]], [[[-57.97098928599996, -27.27498610799995, 0.0], [-57.93230734699995, -27.26410840099993, 0.0], [-57.87355125899995, -27.27296608499995, 0.0], [-57.82408941099993, -27.330492910999965, 0.0], [-57.79495041399997, -27.34148566899995, 0.0], [-57.69701339499994, -27.326883951999946, 0.0], [-57.60978841799994, -27.39570832299995, 0.0], [-57.543505567999944, -27.43296700999997, 0.0], [-57.507517640999936, -27.444200529999932, 0.0], [-57.43900487199994, -27.438281656999948, 0.0], [-57.32651056399993, -27.409839175999934, 0.0], [-56.97992679699996, -27.49338955099995, 0.0], [-56.94223269099996, -27.558314792999965, 0.0], [-56.845095784999955, -27.606400356999927, 0.0], [-56.743231650999974, -27.60500252099996, 0.0], [-56.685996612999986, -27.57694413699994, 0.0], [-56.677101291999975, -27.548682430999975, 0.0], [-56.72035796799997, -27.466896306999956, 0.0], [-56.60354969399998, -27.431416682999952, 0.0], [-56.37527033899994, -27.60185103599997, 0.0], [-56.29241677599998, -27.49154905399996, 0.0], [-56.28718124499994, -27.41093202899998, 0.0], [-56.04100958699996, -27.310846958999946, 0.0], [-56.05488987799998, -27.450972914999966, 0.0], [-55.825866760999986, -27.79177121099997, 0.0], [-55.82479600299996, -27.94822076899993, 0.0], [-55.62023666599998, -28.137543990999973, 0.0], [-55.782542485999954, -28.253936575999944, 0.0], [-55.669942075999984, -28.33076276099996, 0.0], [-55.691695160999984, -28.417605440999978, 0.0], [-55.87830294599996, -28.361161660999983, 0.0], [-55.882361826999954, -28.477707258999942, 0.0], [-56.00864606299996, -28.505998674999944, 0.0], [-56.00760211299996, -28.604951911999933, 0.0], [-56.29436967399994, -28.797708780999983, 0.0], [-56.419525189999945, -29.078981001999978, 0.0], [-56.59150306999999, -29.12430982799998, 0.0], [-56.97052146499993, -29.641533266999943, 0.0], [-57.28946518999999, -29.825349390999975, 0.0], [-57.474243237999985, -30.119768411999928, 0.0], [-57.64507153499994, -30.182408375999955, 0.0], [-57.64292035699998, -30.341904994999936, 0.0], [-57.88960855399995, -30.510684235999975, 0.0], [-57.809198778999985, -30.729622511999935, 0.0], [-58.033624792999944, -30.598040771999933, 0.0], [-58.07193411399999, -30.42541087899997, 0.0], [-58.208336713999984, -30.28758060299998, 0.0], [-58.576498810999965, -30.160041494999973, 0.0], [-59.06369344299998, -30.23077097199996, 0.0], [-59.229839304999985, -30.36419924599994, 0.0], [-59.55743159299993, -30.333147279999935, 0.0], [-59.60125152499995, -30.431059085999948, 0.0], [-59.71201325399994, -30.276240945999973, 0.0], [-59.566390242999944, -30.008075695999935, 0.0], [-59.65966511299996, -29.843179050999936, 0.0], [-59.60428319099998, -29.39474316299993, 0.0], [-59.19971530899994, -29.031544916999962, 0.0], [-59.04885748399994, -28.493310847999965, 0.0], [-59.10786811599996, -28.22276613599996, 0.0], [-58.82926155999996, -27.96187339499994, 0.0], [-58.88140232899997, -27.497892072999946, 0.0], [-58.49701621799994, -27.27136020499995, 0.0], [-58.372854477999965, -27.290794363999964, 0.0], [-57.97098928599996, -27.27498610799995, 0.0]], [[-57.952913610999985, -27.276010827999983, 0.0], [-57.944873650999966, -27.286171338999964, 0.0], [-57.92392848399999, -27.275241835999964, 0.0], [-57.946226130999946, -27.27275619699998, 0.0], [-57.952913610999985, -27.276010827999983, 0.0]], [[-57.92187711999998, -27.272628769999983, 0.0], [-57.91772776199997, -27.276161885999954, 0.0], [-57.91353732199997, -27.273902334999946, 0.0], [-57.91793317599996, -27.274272079999946, 0.0], [-57.92187711999998, -27.272628769999983, 0.0]], [[-57.903348800999936, -27.273820169999965, 0.0], [-57.91057936399994, -27.27439532799997, 0.0], [-57.91287179699998, -27.27664480699997, 0.0], [-57.89823961999997, -27.277518337999936, 0.0], [-57.862389302999986, -27.29436154299998, 0.0], [-57.903348800999936, -27.273820169999965, 0.0]], [[-57.90671583799997, -27.29055065299997, 0.0], [-57.89589599699997, -27.28811375199996, 0.0], [-57.894726283999944, -27.280315667999957, 0.0], [-57.918386372999976, -27.28245887099996, 0.0], [-57.90671583799997, -27.29055065299997, 0.0]], [[-57.94227835099997, -27.268918077999956, 0.0], [-57.92674310499996, -27.268808416999946, 0.0], [-57.92147939899996, -27.26698074099994, 0.0], [-57.93006947599997, -27.265335832999938, 0.0], [-57.94227835099997, -27.268918077999956, 0.0]]], [[[-58.22304590099998, -27.256236041999955, 0.0], [-58.21534641399995, -27.25862415599994, 0.0], [-58.204121010999984, -27.259649552999974, 0.0], [-58.19670037099996, -27.25913685499995, 0.0], [-58.19081782799998, -27.262455903999978, 0.0], [-58.18787655699998, -27.263103523999973, 0.0], [-58.18477337999997, -27.263319396999975, 0.0], [-58.18369401499996, -27.262941618999946, 0.0], [-58.18309289899997, -27.261355333999973, 0.0], [-58.17048374099994, -27.269216598999947, 0.0], [-58.211346753999976, -27.263184439999975, 0.0], [-58.22304590099998, -27.256236041999955, 0.0]]], [[[-58.15048552999997, -27.25783112199997, 0.0], [-58.138565667999956, -27.265545654999983, 0.0], [-58.17800171799996, -27.25926701999998, 0.0], [-58.15643403399997, -27.255864277999933, 0.0], [-58.15048552999997, -27.25783112199997, 0.0]]], [[[-58.29342906399995, -27.256284850999975, 0.0], [-58.288235062999945, -27.25621992599997, 0.0], [-58.286417161999964, -27.25657701299997, 0.0], [-58.29138392599998, -27.26011542699996, 0.0], [-58.299532015999944, -27.255635600999938, 0.0], [-58.29342906399995, -27.256284850999975, 0.0]]], [[[-58.22467386399995, -27.254899930999954, 0.0], [-58.18939747799993, -27.25769712099998, 0.0], [-58.18383893699996, -27.26183425299996, 0.0], [-58.19680830799996, -27.25886701299993, 0.0], [-58.214725778999934, -27.25843526699998, 0.0], [-58.22467386399995, -27.254899930999954, 0.0]]], [[[-58.232783240999936, -27.259818417999952, 0.0], [-58.22399672199998, -27.26211243499995, 0.0], [-58.244081033999976, -27.253966039999966, 0.0], [-58.23581307599994, -27.258693050999966, 0.0], [-58.232783240999936, -27.259818417999952, 0.0]]]]}}, {"type": "Feature", "properties": {"OBJECTID": 449, "Entidad": 0, "Objeto": "Provincia", "FNA": "Provincia de Misiones", "GNA": "Provincia", "NAM": "Misiones", "SAG": "IGN", "FDC": "Geografía", "IN1": "54", "SHAPE_STAr": 2.71700189868, "SHAPE_STLe": 13.3155594203}, "geometry": {"type": "MultiPolygon", "coordinates": [[[[-53.673699005999936, -26.332243620999975, 0.0], [-53.75953092299994, -26.64114048999994, 0.0], [-53.67119581299994, -26.942484949999937, 0.0], [-53.80217800299994, -27.04008806099995, 0.0], [-53.79886579299995, -27.146435690999965, 0.0], [-53.95180495499994, -27.152828759999977, 0.0], [-54.084459866999964, -27.299775671999953, 0.0], [-54.173277550999956, -27.254989080999962, 0.0], [-54.281566821999945, -27.447190043999967, 0.0], [-54.41315696399994, -27.40651910699995, 0.0], [-54.53019075399993, -27.50656354499995, 0.0], [-54.58165571599994, -27.453406735999977, 0.0], [-54.68366598799997, -27.574973048999937, 0.0], [-54.81287072099997, -27.532618642999978, 0.0], [-54.93624121199997, -27.77186784299994, 0.0], [-55.08393636499994, -27.785968453999942, 0.0], [-55.02916372599998, -27.85394105699993, 0.0], [-55.322598857999935, -27.924420691999956, 0.0], [-55.55478666299996, -28.162795095999968, 0.0], [-55.758171095999955, -28.06094773199993, 0.0], [-55.825866760999986, -27.79177121099997, 0.0], [-56.05488987799998, -27.450972914999966, 0.0], [-56.03932954299995, -27.34588210499993, 0.0], [-55.732774001999985, -27.443107676999944, 0.0], [-55.58963557799996, -27.331687425999974, 0.0], [-55.56132304199997, -27.10132402399995, 0.0], [-55.455544965999934, -27.106254573999934, 0.0], [-55.37574122799998, -26.966165973999978, 0.0], [-55.14146388499995, -26.953458371999943, 0.0], [-55.14156554599998, -26.86633505599997, 0.0], [-54.956259820999946, -26.781355538999946, 0.0], [-54.94215786199993, -26.682379814999933, 0.0], [-54.81242139799997, -26.66784223199994, 0.0], [-54.61801600399997, -26.21424551499996, 0.0], [-54.67969163299995, -26.003556139999944, 0.0], [-54.60754637599996, -25.969125339999948, 0.0], [-54.658053268999936, -25.678127399999937, 0.0], [-54.583673905999945, -25.666262803999928, 0.0], [-54.59334493299997, -25.593259951999983, 0.0], [-54.42892335999994, -25.694064777999984, 0.0], [-54.38447762499993, -25.597515958999963, 0.0], [-54.178779186999975, -25.584886025999936, 0.0], [-54.102558114999965, -25.494314736999968, 0.0], [-54.100405971999976, -25.618192428999976, 0.0], [-54.078284448999966, -25.557745693999948, 0.0], [-53.890146940999955, -25.62332848799997, 0.0], [-53.836069933999966, -25.971906237999974, 0.0], [-53.64127222199994, -26.213877777999983, 0.0], [-53.673699005999936, -26.332243620999975, 0.0]]], [[[-55.927543593999985, -27.33364396299993, 0.0], [-55.928886542999976, -27.33834428399996, 0.0], [-55.960361912999986, -27.341869525999982, 0.0], [-55.94710028999998, -27.335238714999946, 0.0], [-55.927543593999985, -27.33364396299993, 0.0]]], [[[-56.00300054699994, -27.337085269999932, 0.0], [-55.99712514399994, -27.338596086999928, 0.0], [-55.99620186699997, -27.340274773999965, 0.0], [-56.005098904999954, -27.337421006999932, 0.0], [-56.00300054699994, -27.337085269999932, 0.0]]]]}}, {"type": "Feature", "properties": {"OBJECTID": 450, "Entidad": 0, "Objeto": "Provincia", "FNA": "Provincia de Salta", "GNA": "Provincia", "NAM": "Salta", "SAG": "IGN", "FDC": "Geografía", "IN1": "66", "SHAPE_STAr": 13.8178053698, "SHAPE_STLe": 30.2759503326}, "geometry": {"type": "Polygon", "coordinates": [[[-62.34229970599995, -22.46084008799994, 0.0], [-62.34173286699996, -24.39247127599998, 0.0], [-63.47605645799996, -25.709762810999962, 0.0], [-64.00774700999995, -25.673357057999965, 0.0], [-64.02541450699994, -25.75348540599998, 0.0], [-64.26806003899998, -25.700007020999976, 0.0], [-64.49491981099999, -26.219496874999948, 0.0], [-64.79041182699996, -26.223718168999937, 0.0], [-64.95118208799994, -26.306848083999967, 0.0], [-65.27576807199995, -26.17138053599996, 0.0], [-65.36108313099999, -26.05828794599995, 0.0], [-65.68851522299997, -26.117262024999945, 0.0], [-65.71940072399997, -26.352777040999968, 0.0], [-66.19630696999997, -26.130907108999963, 0.0], [-66.38202389799994, -26.41679934399997, 0.0], [-66.53987674699994, -26.35316249899995, 0.0], [-66.58418918299998, -26.15983016699994, 0.0], [-66.84663374199994, -25.970069421999938, 0.0], [-66.84717909599993, -25.71701010299995, 0.0], [-66.64857721499993, -25.71203184899997, 0.0], [-66.56390194199997, -25.621761981999953, 0.0], [-66.55819123499998, -25.300653718999968, 0.0], [-68.50717170199994, -25.168312800999956, 0.0], [-68.34424416399997, -25.110770486999968, 0.0], [-68.56875543099994, -24.794125274999942, 0.0], [-68.38775805299997, -24.48405394599996, 0.0], [-67.32261666699998, -24.034158332999937, 0.0], [-67.21304744099996, -23.694916735999982, 0.0], [-66.83737151199995, -24.070738560999928, 0.0], [-66.48335545299994, -24.212997677999965, 0.0], [-66.36228728699996, -24.08735685399995, 0.0], [-66.36757960499995, -23.69462483199993, 0.0], [-66.18428894099998, -23.41460754899998, 0.0], [-65.98721932999996, -23.509654375999958, 0.0], [-65.99257311699995, -23.979954834999944, 0.0], [-65.74626835499998, -24.062438553999982, 0.0], [-65.65633148899997, -24.37741999399998, 0.0], [-65.54042019299993, -24.451516408999964, 0.0], [-65.19411898599998, -24.45986030499995, 0.0], [-64.92740747999994, -24.59977254499995, 0.0], [-64.84197568599996, -24.467358727999965, 0.0], [-64.64754777199994, -24.613357166999947, 0.0], [-64.42165196399998, -24.40220558599998, 0.0], [-64.27376949099994, -24.39332669099997, 0.0], [-64.16184118699994, -24.22106069199998, 0.0], [-64.15705693099994, -23.51804197599995, 0.0], [-64.35705062499994, -23.517923002999964, 0.0], [-64.44497461599997, -23.640091724999934, 0.0], [-64.68253278399993, -23.452432534999957, 0.0], [-64.86422373999994, -23.484962767999946, 0.0], [-64.91017718699999, -23.31081230999996, 0.0], [-65.07197455799997, -23.22031834099994, 0.0], [-65.06682963699996, -23.047260988999938, 0.0], [-65.25168932799994, -22.927957033999974, 0.0], [-65.27166158299997, -22.648230418999958, 0.0], [-65.35069368299997, -22.602261704999933, 0.0], [-65.18656669899997, -22.08534968799995, 0.0], [-64.61710407599998, -22.205163976999927, 0.0], [-64.41207972699993, -22.53837801399993, 0.0], [-64.44135165399996, -22.638785921999954, 0.0], [-64.31575863599994, -22.88282748599994, 0.0], [-64.24169127599998, -22.55772627099998, 0.0], [-63.93145674099998, -21.99937691499997, 0.0], [-63.68375105399997, -22.054741972999977, 0.0], [-63.66525743699998, -21.99935840699993, 0.0], [-62.81117567899997, -21.998767869999938, 0.0], [-62.78885221499996, -22.164950438999938, 0.0], [-62.34229970599995, -22.46084008799994, 0.0]]]}}]}