price_date,brand,category,description,currency,page,0km,2025,2024,2023,2022,2021,2020,2019,2018,2017,2016,2015,2014,2013,2012,2011
,AGCO ALLIS,TRACTOR SERIE 6 - BRASIL,63HP - 6.60 PARRALERO 4x2 (12.4R28),u$s,1,,,,,,,,,,,22000.0,21300.0,20700.0,20100.0,19500.0,18900.0
,AGCO ALLIS,TRACTOR SERIE 6 - BRASIL,63HP - 6.60 PARRALERO 4x4 (12.4R28),u$s,1,,,,,,,,,,,25000.0,24300.0,23500.0,22800.0,22100.0,21500.0
,AGCO ALLIS,TRACTOR SERIE 6 - BRASIL,76HP - 6.80 PARRALERO 4x2 (14.9R26),u$s,1,,,,,,,,,,,26000.0,25200.0,24500.0,23700.0,23000.0,22300.0
,AGCO ALLIS,TRACTOR SERIE 6 - BRASIL,76HP - 6.80 PARRALERO 4x4 (14.9R26),u$s,1,,,,,,,,,,,30000.0,29100.0,28200.0,27400.0,26600.0,25800.0
,AGCO ALLIS,TRACTOR SERIE 6 - BRASIL > TRACTOR SERIE 6 - MERCOSUR,72HP - 6.75 STANDARD 4x2 C/3PTOS. S/CABINA (18.4R30),u$s,1,,,,,,,,,,,26000.0,25200.0,24500.0,23700.0,23000.0,22300.0
,AGCO ALLIS,TRACTOR SERIE 6 - BRASIL > TRACTOR SERIE 6 - MERCOSUR,72HP - 6.75 STANDARD 4x4 C/3PTOS. S/CABINA (18.4R30),u$s,1,,,,,,,,,,,30000.0,29100.0,28200.0,27400.0,26600.0,25800.0
,AGCO ALLIS,TRACTOR SERIE 6 - BRASIL > TRACTOR SERIE 6 - MERCOSUR,95HP - 6.95 STANDARD 4x2 C/3PTOS. S/CABINA (18.4R30),u$s,1,,,,,,,,,,,30000.0,29100.0,28200.0,27400.0,26600.0,25800.0
,AGCO ALLIS,TRACTOR SERIE 6 - BRASIL > TRACTOR SERIE 6 - MERCOSUR,95HP - 6.95 STANDARD 4x4 C/3PTOS. S/CABINA (18.4R30),u$s,1,,,,,,,,,,,35000.0,34000.0,32900.0,31900.0,31000.0,30100.0
,AGCO ALLIS,TRACTOR SERIE 6 - BRASIL > TRACTOR SERIE 6 - ARGENTINA,109HP - 6.110 STANDARD 4x4 S/3PTOS. S/CABINA (23.1R30),u$s,1,,,,,,,,,,,40000.0,38800.0,37600.0,36500.0,35400.0,34400.0
,AGCO ALLIS,TRACTOR SERIE 6 - BRASIL > TRACTOR SERIE 6 - ARGENTINA,109HP - 6.110 STANDARD 4x4 C/3PTOS. S/CABINA (23.1R30),u$s,2,,,,,,,,,,,42000.0,40700.0,39500.0,38300.0,37200.0,36100.0
,AGCO ALLIS,TRACTOR SERIE 6 - BRASIL > TRACTOR SERIE 6 - ARGENTINA,125HP - 6.125 STANDARD 4x4 S/3PTOS. S/CABINA (23.1R30),u$s,2,,,,,,,,,,,45000.0,43700.0,42300.0,41100.0,39800.0,38600.0
,AGCO ALLIS,TRACTOR SERIE 6 - BRASIL > TRACTOR SERIE 6 - ARGENTINA,125HP - 6.125 STANDARD 4x4 C/3PTOS. S/CABINA (23.1R30),u$s,2,,,,,,,,,,,48000.0,46600.0,45200.0,43800.0,42500.0,41200.0
,AGCO ALLIS,TRACTOR SERIE 6 - BRASIL > TRACTOR SERIE 6 - ARGENTINA,138HP - 6.135 STANDARD 4x4 S/3PTOS. S/CABINA (24.5R32),u$s,2,,,,,,,,,,,52000.0,50400.0,48900.0,47500.0,46000.0,44700.0
,AGCO ALLIS,TRACTOR SERIE 6 - BRASIL > TRACTOR SERIE 6 - ARGENTINA,138HP - 6.135 STANDARD 4x4 C/3PTOS. S/CABINA (24.5R32),u$s,2,,,,,,,,,,,55000.0,53400.0,51800.0,50200.0,48700.0,47200.0
,AGCO ALLIS,TRACTOR SERIE 6 - BRASIL > TRACTOR SERIE 6 - ARGENTINA,138HP - 6.135 STANDARD 4x4 S/3PTOS. C/CABINA (24.5R32),u$s,2,,,,,,,,,,,57000.0,55300.0,53600.0,52000.0,50500.0,49000.0
,AGCO ALLIS,TRACTOR SERIE 6 - BRASIL > TRACTOR SERIE 6 - ARGENTINA,138HP - 6.135 STANDARD 4x4 C/3PTOS. C/CABINA (24.5R32),u$s,2,,,,,,,,,,,60000.0,58200.0,56500.0,54800.0,53100.0,51500.0
,AGCO ALLIS,TRACTOR SERIE 6 - BRASIL > TRACTOR SERIE 6 - ARGENTINA,156HP - 6.150 STANDARD 4x4 S/3PTOS. S/CABINA (24.5R32),u$s,2,,,,,,,,,,,55000.0,53400.0,51800.0,50200.0,48700.0,47200.0
,AGCO ALLIS,TRACTOR SERIE 6 - BRASIL > TRACTOR SERIE 6 - ARGENTINA,156HP - 6.150 STANDARD 4x4 C/3PTOS. S/CABINA (24.5R32),u$s,2,,,,,,,,,,,57000.0,55300.0,53600.0,52000.0,50500.0,49000.0
,AGCO ALLIS,TRACTOR SERIE 6 - BRASIL > TRACTOR SERIE 6 - ARGENTINA,156HP - 6.150 STANDARD 4x4 S/3PTOS. C/CABINA (24.5R32),u$s,2,,,,,,,,,,,60000.0,58200.0,56500.0,54800.0,53100.0,51500.0
,AGCO ALLIS,TRACTOR SERIE 6 - BRASIL > TRACTOR SERIE 6 - ARGENTINA,156HP - 6.150 STANDARD 4x4 C/3PTOS. C/CABINA (24.5R32),u$s,2,,,,,,,,,,,63000.0,61100.0,59200.0,57500.0,55700.0,54100.0
,AGCO ALLIS,TRACTOR SERIE 6 - BRASIL > TRACTOR SERIE 6 - ARGENTINA,178HP - 6.175 STANDARD 4x4 S/3PTOS. S/CABINA (24.5R32),u$s,2,,,,,,,,,,,60000.0,58200.0,56500.0,54800.0,53100.0,51500.0
,AGCO ALLIS,TRACTOR SERIE 6 - BRASIL > TRACTOR SERIE 6 - ARGENTINA,178HP - 6.175 STANDARD 4x4 C/3PTOS. S/CABINA (24.5R32),u$s,2,,,,,,,,,,,63000.0,61100.0,59200.0,57500.0,55700.0,54100.0
,AGCO ALLIS,TRACTOR SERIE 6 - BRASIL > TRACTOR SERIE 6 - ARGENTINA,178HP - 6.175 STANDARD 4x4 S/3PTOS. C/CABINA (24.5R32),u$s,3,,,,,,,,,,,65000.0,63000.0,61200.0,59300.0,57500.0,55800.0
,AGCO ALLIS,TRACTOR SERIE 6 - BRASIL > TRACTOR SERIE 6 - ARGENTINA,178HP - 6.175 STANDARD 4x4 C/3PTOS. C/CABINA (24.5R32),u$s,3,,,,,,,,,,,68000.0,65900.0,63900.0,62000.0,60200.0,58300.0
,AGCO ALLIS,TRACTOR SERIE 6 - BRASIL > TRACTOR SERIE 6 - ARGENTINA,195HP - 6.190 STANDARD 4x4 S/3PTOS. S/CABINA (24.5R32),u$s,3,,,,,,,,,,,70000.0,67900.0,65800.0,63800.0,62000.0,60100.0
,AGCO ALLIS,TRACTOR SERIE 6 - BRASIL > TRACTOR SERIE 6 - ARGENTINA,195HP - 6.190 STANDARD 4x4 C/3PTOS. S/CABINA (24.5R32),u$s,3,,,,,,,,,,,73000.0,70800.0,68600.0,66600.0,64600.0,62600.0
,AGCO ALLIS,TRACTOR SERIE 6 - BRASIL > TRACTOR SERIE 6 - ARGENTINA,195HP - 6.190 STANDARD 4x4 S/3PTOS. C/CABINA (24.5R32),u$s,3,,,,,,,,,,,75000.0,72800.0,70600.0,68500.0,66400.0,64400.0
,AGCO ALLIS,TRACTOR SERIE 6 - BRASIL > TRACTOR SERIE 6 - ARGENTINA,195HP - 6.190 STANDARD 4x4 C/3PTOS. C/CABINA (24.5R32),u$s,3,,,,,,,,,,,78000.0,75700.0,73400.0,71200.0,69100.0,67000.0
,AGCO ALLIS,TRACTOR SERIE 6 - BRASIL > TRACTOR SERIE 6 - ARGENTINA,212HP - 6.220 STANDARD 4x4 S/3PTOS. S/CABINA (24.5R32),u$s,3,,,,,,,,,,,75000.0,72800.0,70600.0,68500.0,66400.0,64400.0
,AGCO ALLIS,TRACTOR SERIE 6 - BRASIL > TRACTOR SERIE 6 - ARGENTINA,212HP - 6.220 STANDARD 4x4 C/3PTOS. S/CABINA (24.5R32),u$s,3,,,,,,,,,,,78000.0,75700.0,73400.0,71200.0,69100.0,67000.0
,AGCO ALLIS,TRACTOR SERIE 6 - BRASIL > TRACTOR SERIE 6 - ARGENTINA,212HP - 6.220 STANDARD 4x4 S/3PTOS. C/CABINA (24.5R32),u$s,3,,,,,,,,,,,80000.0,77600.0,75300.0,73000.0,70800.0,68700.0
,AGCO ALLIS,TRACTOR SERIE 6 - BRASIL > TRACTOR SERIE 6 - ARGENTINA,212HP - 6.220 STANDARD 4x4 C/3PTOS. C/CABINA (24.5R32),u$s,3,,,,,,,,,,,83000.0,80500.0,78100.0,75800.0,73500.0,71300.0
,AGRINAR,Tractores,85 2 STD s/ 3P 82cv s/cabina,u$s,3,,,,,,,,,34000.0,32000.0,30000.0,29000.0,28000.0,26800.0,25500.0,24300.0
,AGRINAR,Tractores,85 2 STD c/ 3P 82cv s/cabina,u$s,3,,,,,,,,,37000.0,35000.0,33000.0,31500.0,30000.0,28500.0,27000.0,26300.0
,AGRINAR,Tractores,85 4 STD s/3P 82cv s/cabina,u$s,3,,,,,,,,,37000.0,35500.0,34000.0,32500.0,31000.0,29800.0,28500.0,27300.0
,AGRINAR,Tractores,85 4 STD c/3P 82cv s/cabina,u$s,3,,,,,,,,,41000.0,39300.0,37500.0,35800.0,34000.0,32800.0,31500.0,30300.0
,AGRINAR,Tractores,100 2 99cv s/3P s/cabina,u$s,3,,,,,,,,,36000.0,34500.0,33000.0,31500.0,30000.0,28800.0,27500.0,26300.0
,AGRINAR,Tractores,100 4 99cv s/3P T s/cabina,u$s,4,,,,,,,,,41000.0,39300.0,37500.0,35800.0,34000.0,32800.0,31500.0,30300.0
,AGRINAR,Tractores,100 2 STD c/ 3P 102cv 4x2,u$s,4,,,,,,,,,41000.0,39300.0,37500.0,35800.0,34000.0,32800.0,31500.0,30300.0
,AGRINAR,Tractores,100 4 STD c/ 3P 102cv 4x4,u$s,4,,,,,,,,,44000.0,42000.0,40000.0,38300.0,36500.0,34800.0,33000.0,31800.0
,AGRINAR,Tractores,130 2 s/3P 130cv s/cabina,u$s,4,,,,,,,,,45000.0,43500.0,42000.0,40300.0,38500.0,37000.0,35500.0,34000.0
,AGRINAR,Tractores,130 2 c/3P 130cv s/cabina,u$s,4,,,,,,,,,48000.0,46300.0,44500.0,42800.0,41000.0,39500.0,38000.0,36300.0
,AGRINAR,Tractores,130 4 s/3P 130cv c/cabina,u$s,4,,,,,,,,,57000.0,55000.0,53000.0,51000.0,49000.0,47000.0,45000.0,43000.0
,AGRINAR,Tractores,130 4 c/3P 130cv c/cabina y duales,u$s,4,,,,,,,,,60000.0,57500.0,55000.0,53000.0,51000.0,49000.0,47000.0,45500.0
,AGRINAR,Tractores,150 4 s/3P 149cv c/cabina,u$s,4,,,,,,,,,65000.0,62500.0,60000.0,58000.0,56000.0,53500.0,51000.0,49000.0
,AGRINAR,Tractores,150 4 c/3P 149cv c/cabina,u$s,4,,,,,,,,,68000.0,65500.0,63000.0,60000.0,57000.0,55000.0,53000.0,50800.0
,AGRINAR,Tractores,150 4 c/3P 149cv c/cabina y duales,u$s,4,,,,,,,,,73500.0,70500.0,67500.0,65300.0,63000.0,60800.0,58500.0,56300.0
,AGRINAR,Tractores,170 4 s/3P 172cv c/cabina,u$s,4,,,,,,,,,68500.0,65800.0,63000.0,60500.0,58000.0,56000.0,54000.0,52000.0
,AGRINAR,Tractores,170 4 c/3P 172cv c/cabina,u$s,4,,,,,,,,,71500.0,68800.0,66000.0,64000.0,62000.0,59500.0,57000.0,55000.0
,AGRINAR,Tractores,170 4 c/3P 172cv c/cabina y duales,u$s,4,,,,,,,,,79000.0,76000.0,73000.0,70000.0,67000.0,64500.0,62000.0,59500.0
,AGRINAR,Tractores,190 4 s/3P 191cv c/cabina y aire,u$s,4,,,,,,,,,89000.0,83500.0,78000.0,75000.0,72000.0,69500.0,67000.0,64500.0
,AGRINAR,Tractores,190 4 c/3P 191cv c/cabina y aire,u$s,4,,,,,,,,,88000.0,85000.0,82000.0,78000.0,74000.0,71500.0,69000.0,66500.0
,AGRINAR,Cosechadoras,AXIAL 3000 Full 330HP Trans. Hidrostática,u$s,4,,,,,,,,,265000.0,252500.0,240000.0,232500.0,225000.0,,,
,AGRINAR,Cosechadoras,2140 12S 260HP Trans. Hidrostática,u$s,4,,,,,,,,,175000.0,167500.0,160000.0,154000.0,148000.0,,,
,AGRINAR,Cosechadoras,2121 180HP Trans. Mecánica,u$s,4,,,,,,,,,120000.0,115000.0,110000.0,105000.0,100000.0,,,
,AGRINAR,Cosechadoras,2121 Motor Deutz 190HP Trans. Mecánica,u$s,4,,,,,,,,,125000.0,120000.0,115000.0,107500.0,100000.0,,,
,AGRINAR,Cosechadoras,2121 Motor Deutz 190HP Trans. Hidrostática,u$s,4,,,,,,,,,135000.0,127500.0,120000.0,117500.0,115000.0,,,
,APACHE SOLIS,Tractores,26 - GT 4WD Agricola s/cabina,u$s,4,18800.0,18000.0,17300.0,16600.0,16000.0,15300.0,14700.0,14100.0,13600.0,,,,,,,
,APACHE SOLIS,Tractores,26 - GT 4WD Parquero s/cabina,u$s,4,19500.0,18700.0,18000.0,17300.0,16600.0,15900.0,15300.0,14700.0,14100.0,,,,,,,
,APACHE SOLIS,Tractores,"35 - RX 2WD s/cabina 36,5 HP",u$s,5,23500.0,22600.0,21700.0,20800.0,20000.0,19200.0,18400.0,17700.0,17000.0,,,,,,,
,APACHE SOLIS,Tractores,50 - RX 2WD s/cabina 47.2 HP,u$s,5,26100.0,25100.0,24100.0,23100.0,22200.0,21300.0,20400.0,19600.0,18800.0,18100.0,17400.0,,,,,
,APACHE SOLIS,Tractores,50 - RX 4WD s/cabina 47.2 HP,u$s,5,31800.0,30500.0,29300.0,28100.0,27000.0,25900.0,24900.0,23900.0,22900.0,22000.0,21100.0,,,,,
,APACHE SOLIS,Tractores,"60 - RX 2WD s/cabina 59,3 HP",u$s,5,28500.0,27400.0,26300.0,25200.0,24200.0,23200.0,22300.0,21400.0,20600.0,19700.0,18900.0,,,,,
,APACHE SOLIS,Tractores,60 - RX 4WD s/cabina 59.3 HP,u$s,5,34300.0,32900.0,31600.0,30300.0,29100.0,28000.0,26800.0,25800.0,24700.0,23800.0,22800.0,,,,,
,APACHE SOLIS,Tractores,75 - RX 2WD s/cabina 69.7 HP,u$s,5,37500.0,36000.0,34600.0,33200.0,31900.0,30600.0,29400.0,28200.0,27100.0,26000.0,24900.0,,,,,
,APACHE SOLIS,Tractores,75 - RX 4WD s/cabina 69.7 HP,u$s,5,44700.0,42900.0,41200.0,39500.0,38000.0,36400.0,35000.0,33600.0,32200.0,31000.0,29700.0,,,,,
,APACHE SOLIS,Tractores,75 - WT 2WD s/cabina 69.7 HP,u$s,5,46300.0,44400.0,42700.0,41000.0,39300.0,37800.0,36200.0,34800.0,33400.0,32100.0,30800.0,,,,,
,APACHE SOLIS,Tractores,75 - WT 4WD s/cabina 69.7 HP,u$s,5,50900.0,48900.0,46900.0,45000.0,43200.0,41500.0,39800.0,38200.0,36700.0,35300.0,33800.0,,,,,
,APACHE SOLIS,Tractores,90 - WT 2WD s/cabina 87.3 HP,u$s,5,48300.0,46400.0,44500.0,42700.0,41000.0,39400.0,37800.0,36300.0,34800.0,33400.0,32100.0,,,,,
,APACHE SOLIS,Tractores,90 - WT 4WD s/cabina 87.3 HP,u$s,5,53600.0,51500.0,49400.0,47400.0,45500.0,43700.0,42000.0,40300.0,38700.0,37100.0,35600.0,,,,,
,APACHE SOLIS,Tractores,35 - RX 2WD s/cabina 36.5 HP c/techo,u$s,5,24100.0,23100.0,22200.0,21300.0,20500.0,19700.0,18900.0,18100.0,17400.0,16700.0,16000.0,,,,,
,APACHE SOLIS,Tractores,50 - RX 2WD s/cabina 47.2 HP c/techo,u$s,5,26700.0,25600.0,24600.0,23600.0,22700.0,21800.0,20900.0,20100.0,19300.0,18500.0,17800.0,,,,,
,APACHE SOLIS,Tractores,50 - RX 4WD s/cabina 47.2 HP c/techo,u$s,5,32400.0,31100.0,29900.0,28700.0,27500.0,26400.0,25400.0,24300.0,23400.0,22400.0,21500.0,,,,,
,APACHE SOLIS,Tractores,60 - RX 2WD s/cabina 59.3 HP c/techo,u$s,5,29100.0,27900.0,26800.0,25700.0,24700.0,23700.0,22800.0,21900.0,21000.0,20200.0,19300.0,,,,,
,APACHE SOLIS,Tractores,60 - RX 4WD s/cabina 59.3 HP c/techo,u$s,5,34100.0,32700.0,31400.0,30200.0,29000.0,27800.0,26700.0,25600.0,24600.0,23600.0,22700.0,,,,,
,APACHE SOLIS,Tractores,75 - RX 2WD s/cabina 69.7 HP c/techo,u$s,5,38000.0,36500.0,35000.0,33600.0,32300.0,31000.0,29700.0,28600.0,27400.0,26300.0,25300.0,24300.0,23300.0,,,
,APACHE SOLIS,Tractores,75 - RX 4WD s/cabina 69.7 HP c/techo,u$s,5,45300.0,43500.0,41700.0,40100.0,38500.0,36900.0,35500.0,34000.0,32700.0,31400.0,30100.0,28900.0,27800.0,,,
,APACHE SOLIS,Tractores,75 - WT 4WD s/cabina 69.7 HP c/techo,u$s,5,51500.0,49400.0,47500.0,45600.0,43700.0,42000.0,40300.0,38700.0,37200.0,35700.0,34200.0,32900.0,31600.0,,,
,APACHE SOLIS,Tractores,90 - WT 2WD s/cabina 87.3 HP c/techo,u$s,5,48900.0,46900.0,45100.0,43300.0,41500.0,39900.0,38300.0,36700.0,35300.0,33900.0,32500.0,31200.0,30000.0,,,
,APACHE SOLIS,Tractores,90 - WT 4WD s/cabina 87.3 HP c/techo,u$s,5,54200.0,52000.0,50000.0,48000.0,46000.0,44200.0,42400.0,40700.0,39100.0,37500.0,36000.0,34600.0,33200.0,,,
,APACHE SOLIS,Tractores,90 WT c/cabina 84.3 HP,u$s,6,61900.0,59400.0,57000.0,54800.0,52600.0,50500.0,48500.0,,,,,,,,,
,APACHE SOLIS,Tractores,110 WT 4WD s/cabina 106 HP c/techo,u$s,6,69600.0,66800.0,64100.0,61600.0,59100.0,56800.0,54500.0,,,,,,,,,
,CASE,Tractores Quantum,65v 4x4 Plataformado c/3 puntos 65cv,u$s,6,54400.0,52200.0,50100.0,48100.0,46200.0,44400.0,42600.0,,,,,,,,,
,CASE,Tractores Quantum,65v 4x4 Cabinado c/3 puntos 65cv,u$s,6,65500.0,62900.0,60400.0,58000.0,55600.0,53400.0,51300.0,,,,,,,,,
,CASE,Tractores Quantum,75n 75cv,u$s,6,51100.0,49100.0,47100.0,45200.0,43400.0,41700.0,40000.0,,,,,,,,,
,CASE,Tractores Quantum,85v 4x4 Roops,u$s,6,56100.0,53900.0,51700.0,49600.0,47600.0,45700.0,43900.0,,,,,,,,,
,CASE,Tractores Quantum,85v 4x4 Cabinado c/3 puntos 85cv,u$s,6,67200.0,64500.0,61900.0,59500.0,57100.0,54800.0,52600.0,,,,,,,,,
,CASE,Tractores Quantum,85f 4x4 Plataformado c/3 puntos 85cv,u$s,6,56100.0,53900.0,51700.0,49600.0,47600.0,45700.0,43900.0,,,,,,,,,
,CASE,Tractores Quantum,85f 4x4 Cabinado c/3 puntos 85cv,u$s,6,67200.0,64500.0,61900.0,59500.0,57100.0,54800.0,52600.0,,,,,,,,,
,CASE,Tractores Farmall,120A - 120cv Synchro 4x4 Plataformado,u$s,6,80400.0,77200.0,74100.0,71100.0,68300.0,65600.0,62900.0,60400.0,,,,,,,,
,CASE,Tractores Farmall,120A - 120cv Synchro 4x4 Cabinado,u$s,6,91600.0,87900.0,84400.0,81000.0,77800.0,74700.0,71700.0,68800.0,,,,,,,,
,CASE,Tractores Farmall,130A - 130cv Synchro 4x4 Plataformado,u$s,6,95600.0,91800.0,88100.0,84600.0,81200.0,78000.0,74800.0,71800.0,,,,,,,,
,CASE,Tractores Farmall,130A - 130cv Synchro 4x4 Cabinado,u$s,6,106800.0,102500.0,98400.0,94500.0,90700.0,87100.0,83600.0,80300.0,,,,,,,,
,CASE,Tractores Farmall,55cv 2.2L 4x2,u$s,6,29400.0,28200.0,27100.0,26000.0,25000.0,24000.0,23000.0,22100.0,,,,,,,,
,CASE,Tractores Farmall,55cv 2.2L 4x4,u$s,6,35400.0,34000.0,32600.0,31300.0,30100.0,28900.0,27700.0,26600.0,,,,,,,,
,CASE,Tractores Farmall,75cv 3.2L 4x2,u$s,6,38800.0,37200.0,35800.0,34300.0,33000.0,31600.0,30400.0,29200.0,28000.0,,,,,,,
,CASE,Tractores Farmall,75cv 3.2L 4x4,u$s,6,44800.0,43000.0,41300.0,39600.0,38100.0,36500.0,35100.0,33700.0,32300.0,,,,,,,
,CASE,Tractores Farmall,80cv 3.9L 12x12 Synchro 4x4,u$s,6,50300.0,48300.0,46400.0,44500.0,42700.0,41000.0,39400.0,37800.0,36300.0,34800.0,33400.0,,,,,
,CASE,Tractores Farmall,90cv 3.9L 12x12 Synchro 4x4 Plataformado,u$s,6,58800.0,56400.0,54200.0,52000.0,49900.0,47900.0,46000.0,,,,,,,,,
,CASE,Tractores Farmall,95cv 3.9L 12x12 Synchro 4x4 Plataformado,u$s,6,,,,,,,,,36000.0,34800.0,33500.0,,,,,
08/01/2026,CASE,Tractores Farmall,95cv 3.9L 12x12 Synchro 4x4 Cabinado,u$s,7,,,,,,,,,41500.0,40300.0,39000.0,,,,,
08/01/2026,CASE,Tractores Farmall,90 - 88cv 3.9hs. 12x12 Synchro cabinado,u$s,7,67500.0,64800.0,62200.0,59700.0,57300.0,55000.0,52800.0,,,,,,,,,
08/01/2026,CASE,Tractores Farmall,100 - 100cv 3.9L 12x12 Synchro 4x4 Plataformado,u$s,7,70700.0,67900.0,65200.0,62600.0,60000.0,57600.0,55300.0,,,,,,,,,
08/01/2026,CASE,Tractores Farmall,100 - 100cv 3.9L 12x12 Synchro 4x4 Cabinado,u$s,7,77200.0,74100.0,71100.0,68300.0,65600.0,62900.0,60400.0,,,,,,,,,
08/01/2026,CASE,Tractores Farmall,100 - 100cv 3.9L 12x12 Synchro c/cargador frontal cabinado,u$s,7,81400.0,78100.0,75000.0,72000.0,69100.0,66400.0,63700.0,,,,,,,,,
08/01/2026,CASE,Tractores Farmall,100 - 100cv 3.9L 12x12 Synchro 4x4 Plataformado,u$s,7,66600.0,63900.0,61400.0,58900.0,56600.0,54300.0,52100.0,,,,,,,,,
08/01/2026,CASE,Tractores Farmall,100 - 100cv 3.9L 12x12 Synchro 4x4 Cabinado,u$s,7,77200.0,74100.0,71100.0,68300.0,65600.0,62900.0,60400.0,,,,,,,,,
08/01/2026,CASE,Tractores Farmall,110 - 110cv 3.9L 12x12 Synchro 4x4 Plataformado,u$s,7,69500.0,66700.0,64100.0,61500.0,59000.0,56700.0,54400.0,,,,,,,,,
08/01/2026,CASE,Tractores Farmall,110 - 110cv 3.9L 12x12 Synchro 4x4 Cabinado,u$s,7,80100.0,76900.0,73800.0,70900.0,68000.0,65300.0,62700.0,,,,,,,,,
08/01/2026,CASE,Tractores Maxxum,135 - 137cv 6.8L 18x6 Semipowershif,u$s,7,,,,,,,,,,,55000.0,,,,,
08/01/2026,CASE,Tractores Maxxum,150 - 149cv 6.7L 15x12 Synchro Cabinado,u$s,7,,,,,,,,,62000.0,60000.0,58000.0,,,,,
08/01/2026,CASE,Tractores Maxxum,150 - 149cv 6.7L 15x12 Synchro Cabinado C/3 P.,u$s,8,,,,,,,,,68000.0,66000.0,64000.0,,,,,
08/01/2026,CASE,Tractores Maxxum,150 -149cv 6.8L 18x6 Semipowershift,u$s,8,,,,,,,,,64000.0,62000.0,60000.0,58000.0,56000.0,54000.0,52000.0,
08/01/2026,CASE,Tractores Maxxum,150 -149cv 6.8L 18x6 Semipowershift Dual,u$s,8,,,,,,,,,65000.0,63000.0,61000.0,59000.0,57000.0,55000.0,53000.0,
08/01/2026,CASE,Tractores Maxxum,150 - 149cv 6.8L 18x6 Semipowershift C/3 P.,u$s,8,,,,,,,,,66000.0,64000.0,62000.0,60000.0,58000.0,56000.0,54000.0,
08/01/2026,CASE,Tractores Maxxum,150 - 149cv 6.8L 18x6 Semipowershift C/3 P. Dual,u$s,8,,,,,,,,,67000.0,65000.0,63000.0,61000.0,59000.0,57000.0,55000.0,
08/01/2026,CASE,Tractores Maxxum,165 - 168cv 6.8L 18x6 Semipowershift,u$s,8,,,,,,,,,72000.0,69000.0,66000.0,63000.0,60000.0,57000.0,54000.0,
08/01/2026,CASE,Tractores Maxxum,165 - 168cv 6.8L 18x6 Semipowershift Dual,u$s,8,,,,,,,,,73000.0,70000.0,67000.0,64000.0,61000.0,58000.0,55000.0,
08/01/2026,CASE,Tractores Maxxum,165 - 168cv 6.8L 18x6 Semipowershift C/3 P.,u$s,8,,,,,,,,,74000.0,71000.0,68000.0,65000.0,62000.0,59000.0,56000.0,
08/01/2026,CASE,Tractores Maxxum,165 - 168cv 6.8L 18x6 Semipowershift C/3 P. Dual,u$s,8,,,,,,,,,75000.0,72000.0,69000.0,66000.0,63000.0,60000.0,57000.0,
08/01/2026,CASE,Tractores Maxxum,180 - 180cv 6.8L 18x6 Semipowershift,u$s,8,,,,,,,,,80000.0,77000.0,74000.0,71000.0,68000.0,65000.0,62000.0,
08/01/2026,CASE,Tractores Maxxum,180 - 180cv 6.8L 18x6 Semipowershift Dual,u$s,8,,,,,,,,,81000.0,78000.0,75000.0,72000.0,69000.0,66000.0,63000.0,
08/01/2026,CASE,Tractores Maxxum,180 - 180cv 6.8L 18x6 Semipowershift C/3 P.,u$s,8,,,,,,,,,82000.0,79000.0,76000.0,73000.0,70000.0,67000.0,64000.0,
08/01/2026,CASE,Tractores Maxxum,180 - 180cv 6.8L 18x6 Semipowershift C/3 P. Dual,u$s,8,,,,,,,,,83000.0,80000.0,77000.0,74000.0,71000.0,68000.0,65000.0,
08/01/2026,CASE,Tractores Puma,140 - Motor CASE 144CV 6 cil. 6.7hs. 4x4 CABINADO,u$s,8,113000.0,108500.0,104100.0,100000.0,96000.0,92100.0,88500.0,,,,,,,,,
08/01/2026,CASE,Tractores Puma,140 - Motor CASE 144CV 6 cil. 6.7hs. 4x4 CABINADO DUAL,u$s,8,116400.0,111700.0,107300.0,103000.0,98900.0,94900.0,91100.0,,,,,,,,,
08/01/2026,CASE,Tractores Puma,155 - Motor CASE 157CV 6 cil. 6.8 lts. 4x4 CABINADO,u$s,8,122900.0,118000.0,113300.0,108700.0,104400.0,100200.0,96200.0,,,,,,,,,
08/01/2026,CASE,Tractores Puma,155 - Motor CASE 157CV 6 cil. 6.8 lts. 4x4 CABINADO dual,u$s,8,126300.0,121200.0,116400.0,111700.0,107300.0,103000.0,98900.0,,,,,,,,,
08/01/2026,CASE,Tractores Puma,155 - Motor CASE 157CV 6 cil. 6.8 lts. 4x4 CABINADO 3P.,u$s,9,126800.0,121700.0,116900.0,112200.0,107700.0,103400.0,99300.0,,,,,,,,,
08/01/2026,CASE,Tractores Puma,155 - Motor CASE 157CV 6 cil. 6.8 lts. 4x4 CABINADO dual 3P.,u$s,9,130200.0,125000.0,120000.0,115200.0,110600.0,106200.0,101900.0,,,,,,,,,
08/01/2026,CASE,Tractores Puma,170 - Motor CASE 167CV 6 cil. 6.8 lts. 4x4 CABINADO,u$s,9,132800.0,127500.0,122400.0,117500.0,112800.0,108300.0,104000.0,,,,,,,,,
08/01/2026,CASE,Tractores Puma,170 - Motor CASE 167CV 6 cil. 6.8 lts. 4x4 CABINADO dual,u$s,9,136200.0,130800.0,125500.0,120500.0,115700.0,111100.0,106600.0,,,,,,,,,
08/01/2026,CASE,Tractores Puma,170 - Motor CASE 167CV 6 cil. 6.8 lts. 4x4 CABINADO 3P.,u$s,9,136700.0,131200.0,126000.0,120900.0,116100.0,111500.0,107000.0,,,,,,,,,
08/01/2026,CASE,Tractores Puma,170 - Motor CASE 167CV 6 cil. 6.8 lts. 4x4 CABINADO dual 3P.,u$s,9,140100.0,134500.0,129100.0,124000.0,119000.0,114200.0,109700.0,,,,,,,,,
08/01/2026,CASE,Tractores Puma,180 - 182cv 6.7L 18x6 Full Powershift C/Monit.,u$s,9,,,,,,,,,95000.0,,,,,,,
08/01/2026,CASE,Tractores Puma,185 - Motor CASE 182CV 6 cil. 6.8 lts. 4x4 CABINADO,u$s,9,142100.0,136400.0,131000.0,125700.0,120700.0,115900.0,111200.0,,,,,,,,,
08/01/2026,CASE,Tractores Puma,185 - Motor CASE 182CV 6 cil. 6.8 lts. 4x4 CABINADO dual,u$s,9,145500.0,139700.0,134100.0,128700.0,123600.0,118600.0,113900.0,,,,,,,,,
08/01/2026,CASE,Tractores Puma,185 - Motor CASE 182CV 6 cil. 6.8 lts. 4x4 CABINADO 3P.,u$s,9,146000.0,140200.0,134600.0,129200.0,124000.0,119000.0,114300.0,,,,,,,,,
08/01/2026,CASE,Tractores Puma,185 - Motor CASE 182CV 6 cil. 6.8 lts. 4x4 CABINADO dual 3P.,u$s,9,149400.0,143400.0,137700.0,132200.0,126900.0,121800.0,116900.0,,,,,,,,,
08/01/2026,CASE,Tractores Puma,190 - 190cv Duales Powershift Full,u$s,9,154700.0,148500.0,142600.0,136900.0,131400.0,126100.0,121100.0,,,,,,,,,
08/01/2026,CASE,Tractores Puma,195 - 195cv 6.7L 18x6 Full Powershift C/Monit.,u$s,9,,,,,,,,,100000.0,98000.0,96000.0,,,,,
08/01/2026,CASE,Tractores Puma,200 - 200cv 6.7L 18x6 Full Powershift,u$s,9,163800.0,157200.0,151000.0,144900.0,139100.0,133600.0,128200.0,,,,,,,,,
08/01/2026,CASE,Tractores Puma,210 - 210cv 6.7L 18x6 Full Powershift C/Monit.,u$s,9,,,,,,,,,105000.0,103000.0,100000.0,,,,,
08/01/2026,CASE,Tractores Puma,215 - 213cv 6.7L 18x6 Full Powershift con monitor,u$s,9,172000.0,165100.0,158500.0,152200.0,146100.0,140200.0,134600.0,129200.0,,,,,,,,
08/01/2026,CASE,Tractores Puma,230 - 230cv Dual Powershift,u$s,9,181600.0,174300.0,167400.0,160700.0,154200.0,148100.0,142100.0,136500.0,,,,,,,,
08/01/2026,CASE,Tractores Magnum,235 - 235cv 8.7L 18x4 Full Powershift Full,u$s,10,,,,,,,,,150000.0,,,,,,,
08/01/2026,CASE,Tractores Magnum,260 - 260cv 8.7L 18x4 Full Powershift Full,u$s,10,228800.0,219600.0,210900.0,202400.0,194300.0,186600.0,179100.0,171900.0,165100.0,,,,,,,
08/01/2026,CASE,Tractores Magnum,290 - 290cv 8.7L 18x4 Full Powershift Full,u$s,10,254300.0,244100.0,234400.0,225000.0,216000.0,207300.0,199100.0,191100.0,183400.0,,,,,,,
08/01/2026,CASE,Tractores Magnum,315 - 315cv 8.7L 18x4 Full Powershift Full,u$s,10,275900.0,264900.0,254300.0,244100.0,234300.0,225000.0,216000.0,207300.0,199000.0,,,,,,,
08/01/2026,CASE,Tractores Magnum,340cv 8.7L 18x4 Full Powershift Full,u$s,10,295400.0,283600.0,272200.0,261400.0,250900.0,240900.0,231200.0,222000.0,213100.0,,,,,,,
08/01/2026,CASE,Tractores Magnum,220 - 220cv 8.3L 18x4 Full Powershift,u$s,10,,,,,,,,,107000.0,103500.0,100000.0,97500.0,95000.0,92000.0,89000.0,
08/01/2026,CASE,Tractores Magnum,240 - 240cv 8.3L 18x4 Full Powershift,u$s,10,,,,,,,,,110000.0,106500.0,103000.0,100000.0,97000.0,94000.0,91000.0,
08/01/2026,CASE,Tractores Magnum,270 - 270cv 8.3L 18x4 Full Powershift,u$s,10,,,,,,,,,119000.0,115500.0,112000.0,108500.0,105000.0,101800.0,98500.0,
08/01/2026,CASE,Tractores Magnum,280cv 4x4 c/Piloto,u$s,10,270700.0,259900.0,249500.0,239500.0,229900.0,220700.0,211900.0,,,,,,,,,
08/01/2026,CASE,Tractores Magnum,305cv 9L 18x4 Full Powershift,u$s,10,,,,,,,,,,,120000.0,117000.0,114000.0,110500.0,107000.0,
08/01/2026,CASE,Tractores Magnum,380cv 4x4 c/Piloto,u$s,10,353100.0,339000.0,325400.0,312400.0,299900.0,287900.0,276400.0,,,,,,,,,
08/01/2026,CASE,Tractores Magnum,340cv 4x4 c/Piloto,u$s,10,322800.0,309900.0,297500.0,285600.0,274200.0,263200.0,252700.0,,,,,,,,,
08/01/2026,CASE,Tractores Steiger,450 - 450cv 6Cil. 12.9hs. 6x2 Full Powershift,u$s,10,,,,,,,29000.0,,,,,,,,,
08/01/2026,CASE,Cosechadoras Axial-Flow,2566 260cv 25 pies c/monitor s/carro,u$s,10,,,,,,,,,190000.0,,,,,,,
08/01/2026,CASE,Cosechadoras Axial-Flow,2688 284cv 10.200L 30 pies c/monitor SPECIAL S/Carrro,u$s,10,,,,,,,,,170000.0,167000.0,165000.0,160000.0,155000.0,150000.0,145000.0,
08/01/2026,CASE,Cosechadoras Axial-Flow,2688 284cv 10.200L 30 pies c/monitor FULL 4X2 S/Carrro,u$s,10,,,,,,,,,175000.0,170600.0,166400.0,162200.0,158100.0,154200.0,,
08/01/2026,CASE,Cosechadoras Axial-Flow,2688 284cv 10.200L 30 pies c/monitor FULL 4X4 S/Carrro,u$s,10,,,,,,,,,180000.0,,,,,,,
08/01/2026,CASE,Cosechadoras Axial-Flow,2688 284cv 10.200L 30 pies c/monitor FULL 4X2 S/Carrro Dual,u$s,10,,,,,,,,,185000.0,,,,,,,
08/01/2026,CASE,Cosechadoras Axial-Flow,2688 284cv 10.200L 30 pies c/monitor FULL 4X4 S/Carro Dual,u$s,10,,,,,,,,,190000.0,,,,,,,
08/01/2026,CASE,Cosechadoras Axial-Flow,2388 284cv 10.200L 30 pies c/monitor STD.,u$s,10,,,,,,,,,,,,,180000.0,175000.0,170000.0,165000.0
08/01/2026,CASE,Cosechadoras Axial-Flow,2799 315cv 10.200L 35 pies c/monitor FULL 4X2 S/Carro,u$s,11,,,,,,,,,250000.0,245000.0,240000.0,,,,,
08/01/2026,CASE,Cosechadoras Axial-Flow,2799 315cv 10.200L 35 pies c/monitor FULL 4X4 S/Carro,u$s,11,,,,,,,,,255000.0,250000.0,245000.0,,,,,
08/01/2026,CASE,Cosechadoras Axial-Flow,2799 315cv 10.200L 35 pies c/monitor FULL 4X2 S/Carro Dual,u$s,11,,,,,,,,,260000.0,255000.0,250000.0,,,,,
08/01/2026,CASE,Cosechadoras Axial-Flow,2799 315cv 10.200L 35 pies c/monitor FULL 4x4 S/Carro Dual,u$s,11,,,,,,,,,265000.0,260000.0,255000.0,250000.0,245000.0,,,
08/01/2026,CASE,Cosechadoras Axial-Flow,2399 315cv 10.200L 35 pies c/monitor Full 4x2 S/Carro,u$s,11,,,,,,,,,,,,,,,210000.0,
08/01/2026,CASE,Cosechadoras Axial-Flow,2399 315cv 10.200L 35 pies c/monitor FULL 4x4 S/Carro,u$s,11,,,,,,,,,,,,,,,220000.0,
08/01/2026,CASE,Cosechadoras Axial-Flow,4130 4x2 253cv 25 pies c/Plataforma,u$s,11,304600.0,292400.0,280700.0,269500.0,258700.0,248400.0,238400.0,228900.0,,,,,,,,
08/01/2026,CASE,Cosechadoras Axial-Flow,5130 4x2 272cv 30 pies c/plataforma,u$s,11,377000.0,361900.0,347400.0,333500.0,320200.0,307400.0,295100.0,283300.0,,,,,,,,
08/01/2026,CASE,Cosechadoras Axial-Flow,6130 4x2 326cv 35 pies c/plataforma,u$s,11,448000.0,430100.0,412900.0,396400.0,380500.0,365300.0,350700.0,336600.0,,,,,,,,
08/01/2026,CASE,Cosechadoras Axial-Flow,6130 4x2 326cv 35 pies c/plataforma Draper,u$s,11,505600.0,485400.0,466000.0,447300.0,429400.0,412300.0,395800.0,379900.0,,,,,,,,
08/01/2026,CASE,Cosechadoras Axial-Flow,7088 345cv 35 pies c/monitor 4X2 S/Carro,u$s,11,,,,,,,,,,,,,,,230000.0,
08/01/2026,CASE,Cosechadoras Axial-Flow,7088 345cv 35 pies c/monitor 4X2 S/Carro Dual,u$s,11,,,,,,,,,,,,,,,235000.0,
08/01/2026,CASE,Cosechadoras Axial-Flow,7088 345cv 35 pies c/monitor 4X4 S/Carro Dual,u$s,11,,,,,,,,,,,,,,,240000.0,
08/01/2026,CASE,Cosechadoras Axial-Flow,7088 345cv 35 pies c/monitor 4X4 S/Carro Dual Full,u$s,11,,,,,,,,,,,,,,,245000.0,
08/01/2026,CASE,Cosechadoras Axial-Flow,7130 4x2 378cv 35 pies c/plataforma,u$s,11,472300.0,453400.0,435300.0,417900.0,401100.0,385100.0,369700.0,354900.0,,,,,,,,
08/01/2026,CASE,Cosechadoras Axial-Flow,7130 4x2 378cv 35 pies c/plataforma Draper,u$s,11,529900.0,508700.0,488400.0,468800.0,450100.0,432100.0,414800.0,398200.0,,,,,,,,
08/01/2026,CASE,Cosechadoras Axial-Flow,7230 4x2 C/Plataforma Draper,u$s,11,557700.0,535400.0,514000.0,493400.0,473700.0,454700.0,436500.0,419100.0,402300.0,,,,,,,
08/01/2026,CASE,Cosechadoras Axial-Flow,7230 4x4 C/Plataforma Draper,u$s,11,577300.0,554200.0,532000.0,510800.0,490300.0,470700.0,451900.0,433800.0,416500.0,,,,,,,
08/01/2026,CASE,Cosechadoras Axial-Flow,7230 4x4 C/Plataforma Draper dual,u$s,12,588700.0,565200.0,542500.0,520800.0,500000.0,480000.0,460800.0,442400.0,424700.0,,,,,,,
08/01/2026,CASE,Cosechadoras Axial-Flow,7230 4x4 C/Plataforma Draper Full,u$s,12,600400.0,576400.0,553300.0,531200.0,509900.0,489600.0,470000.0,451200.0,433100.0,,,,,,,
08/01/2026,CASE,Cosechadoras Axial-Flow,8120 325cv 35 pies c/monitor 4X2 S/Carro Dual,u$s,12,,,,,,,,,,,310000.0,,,,,
08/01/2026,CASE,Cosechadoras Axial-Flow,8120 325cv 35 pies c/monitor 4X4 S/Carro,u$s,12,,,,,,,,,,,320000.0,,,,,
08/01/2026,CASE,Cosechadoras Axial-Flow,8120 325cv 35 pies c/monitor 4X4 S/Carro Dual,u$s,12,,,,,,,,,,,330000.0,,,,,
08/01/2026,CASE,Cosechadoras Axial-Flow,8010 325cv 35 pies c/monitor 4X4 S/Carro,u$s,12,,,,,,,,,,,300000.0,295000.0,290000.0,,,
08/01/2026,CASE,Cosechadoras Axial-Flow,8010 325cv 35 pies c/monitor 4X4 S/Carro Dual,u$s,12,,,,,,,,,,,305000.0,300000.0,295000.0,,,
08/01/2026,CASE,Cosechadoras Axial-Flow,8230 455cv 40 pies c/monitor 4x2 c/carro Draper,u$s,12,644100.0,618300.0,593600.0,569900.0,547100.0,525200.0,504200.0,484000.0,464600.0,,,,,,,
08/01/2026,CASE,Cosechadoras Axial-Flow,8230 455cv 40 pies c/monitor 4x4 c/carro Draper,u$s,12,652300.0,626200.0,601200.0,577100.0,554000.0,531900.0,510600.0,490200.0,470600.0,,,,,,,
08/01/2026,CASE,Cosechadoras Axial-Flow,8230 455cv 40 pies c/monitor 4x4 c/carro Dual Draper,u$s,12,663700.0,637200.0,611700.0,587200.0,563700.0,541200.0,519500.0,498700.0,,,,,,,,
08/01/2026,CASE,Cosechadoras Axial-Flow,8230 455cv 40 pies c/monitor 4x4 c/carro Dual Full,u$s,12,675400.0,648400.0,622400.0,597600.0,573600.0,550700.0,528700.0,507500.0,,,,,,,,
08/01/2026,CASE,Cosechadoras Axial-Flow,9230 4x4 c/Carro Full Draper 45 pies,u$s,12,739500.0,709900.0,681500.0,654300.0,628100.0,603000.0,578800.0,555700.0,533500.0,512100.0,491600.0,,,,,
08/01/2026,CASE,Cabezales,Drapper 2162 de lona de 35 pies de ancho s/carro,u$s,12,127600.0,122500.0,117600.0,112900.0,108400.0,104000.0,99900.0,95900.0,92000.0,88400.0,84800.0,,,,,
08/01/2026,CASE,Cabezales,Drapper 2162 de lona de 40 pies de ancho s/carro,u$s,12,133200.0,127900.0,122800.0,117800.0,113100.0,108600.0,104300.0,100100.0,96100.0,92200.0,88600.0,,,,,
08/01/2026,CASE,Cabezales,Drapper 2162 de lona de 45 pies de ancho s/carro,u$s,12,145500.0,139700.0,134100.0,128700.0,123600.0,118600.0,113900.0,109300.0,105000.0,100800.0,,,,,,
08/01/2026,CASE,Cabezales,DE DISCO RD AG3,u$s,12,53830.0,51700.0,49600.0,47600.0,45700.0,43900.0,,,,,,,,,,
08/01/2026,CASE,Cabezales,DRAPPER DH3 25 pies,u$s,12,90600.0,87000.0,83500.0,80200.0,77000.0,73900.0,,,,,,,,,,
08/01/2026,CASE,Cabezales,DRAPPER DH3 30 pies,u$s,13,96960.0,93100.0,89400.0,85800.0,82400.0,79100.0,,,,,,,,,,
08/01/2026,CASE,Cabezales > PULVERIZADOR,Patriot 250 4WD Hydro C/Piloto,u$s,13,229200.0,220000.0,211200.0,202800.0,194700.0,186900.0,179400.0,,,,,,,,,
08/01/2026,CASE,Cabezales > PULVERIZADOR,Patriot 350 30mts.4WD Hydro C/Piloto,u$s,13,255100.0,244900.0,235100.0,225700.0,216700.0,208000.0,199700.0,,,,,,,,,
08/01/2026,CASE,Cabezales > PULVERIZADOR,Patriot 350 36mts.4WD Hydro C/Piloto,u$s,13,266600.0,255900.0,245700.0,235900.0,226400.0,217400.0,208700.0,,,,,,,,,
08/01/2026,CASE,Cabezales > PULVERIZADOR,Patriot 333036 mts. 4WD Hydro C/Piloto,u$s,13,345000.0,331200.0,318000.0,305200.0,293000.0,281300.0,270100.0,,,,,,,,,
08/01/2026,CASE,SEGADORA,Windrower WD C/Piloto,u$s,13,121600.0,116700.0,112100.0,107600.0,103300.0,99100.0,95200.0,,,,,,,,,
08/01/2026,CHALLENGER,Cosechadoras Serie C,C660 - 4x2 FIELDSTAR - Plataforma 30'',u$s,13,,,,,,,,,,,150000.0,145500.0,141100.0,136900.0,132800.0,128800.0
08/01/2026,CHALLENGER,Cosechadoras Serie C,C660 - 4x4 FIELDSTAR - Plataforma 30'',u$s,13,,,,,,,,,,,160000.0,155200.0,150500.0,146000.0,141600.0,137400.0
08/01/2026,CHALLENGER,Cosechadoras Serie C,C670 - 4x2 FIELDSTAR - Plataforma 30'',u$s,13,,,,,,,,,,,180000.0,174600.0,169400.0,164300.0,159400.0,154600.0
08/01/2026,CHALLENGER,Cosechadoras Serie C,C670 - 4x4 FIELDSTAR - Plataforma 30'',u$s,13,,,,,,,,,,,180000.0,174600.0,169400.0,164300.0,159400.0,154600.0
08/01/2026,CHALLENGER,Cosechadoras Serie C,C680 - 4x4 FIELDSTAR - Plataforma 35'',u$s,13,,,,,,,,,,,180000.0,174600.0,169400.0,164300.0,159400.0,154600.0
08/01/2026,CHALLENGER,Cosechadoras Serie C,C680 - 4x4 FIELDSTAR - Plataforma 35'' Drapper,u$s,14,,,,,,,,,,,180000.0,174600.0,169400.0,164300.0,159400.0,154600.0
08/01/2026,CHALLENGER,Cosechadoras Serie C,C680 - 4x4 FIELDSTAR - Plataforma 40'' Drapper,u$s,14,,,,,,,,,,,180000.0,174600.0,169400.0,164300.0,159400.0,154600.0
08/01/2026,CHALLENGER,Cosechadoras Axial,"350/380 HP - 520C 4X2 Fieldstar c/piloto plataforma 30"" draper",u$s,14,511206.0,490800.0,471100.0,452300.0,434200.0,416800.0,400200.0,384100.0,,,,,,,,
08/01/2026,CHALLENGER,Cosechadoras Axial,"350/380 HP - 520C 4X2 Fieldstar c/piloto plataforma 35"" draper",u$s,14,521023.0,500200.0,480200.0,461000.0,442500.0,424800.0,407800.0,391500.0,,,,,,,,
08/01/2026,CHALLENGER,Cosechadoras Axial,"410/450 HP - 540C 4X4 Fieldstar c/piloto plataforma 35"" draper",u$s,14,648415.0,622500.0,597600.0,573700.0,550700.0,528700.0,507600.0,487300.0,,,,,,,,
08/01/2026,CHALLENGER,Cosechadoras Axial,"410/450 HP - 540C 4X4 Fieldstar c/piloto plataforma 40"" draper",u$s,14,658356.0,632000.0,606700.0,582500.0,559200.0,536800.0,515300.0,494700.0,,,,,,,,
08/01/2026,CHALLENGER,Cosechadoras Axial,"470/510 HP - 560C 4X4 Fieldstar c/piloto plataforma 40"" draper",u$s,14,746950.0,717100.0,688400.0,660900.0,634400.0,609000.0,584700.0,561300.0,,,,,,,,
08/01/2026,CHALLENGER,Cosechadoras Axial,"470/510 HP - 560C 4X4 Fieldstar c/piloto plataforma 45"" draper",u$s,14,783125.0,751800.0,721700.0,692900.0,665100.0,638500.0,613000.0,588500.0,,,,,,,,
08/01/2026,CHALLENGER,Tractores MT,MT 540 - Cabina S/3P - Rod. 24.5x32R1,u$s,14,,,,,,,,,70000.0,67900.0,65900.0,63900.0,62000.0,,,
08/01/2026,CHALLENGER,Tractores MT,MT 560 - Cabina S/3P - Rod. 24.5x32R1,u$s,14,,,,,,,,,75000.0,72800.0,70600.0,68500.0,66400.0,,,
08/01/2026,CHALLENGER,Tractores MT,MT 560 - Cabina S/3P - Rod. 20.8x38R1 DUAL,u$s,14,,,,,,,,,75000.0,72800.0,70600.0,68500.0,66400.0,,,
08/01/2026,CHALLENGER,Tractores MT,MT 570 - Cabina S/3P - Rod. 20.8x38R1 DUAL,u$s,14,,,,,,,,,80000.0,77600.0,75300.0,73000.0,70800.0,,,
08/01/2026,CHALLENGER,Tractores MT,MT 590 - Cabina S/3P - Rod. 20.8x42R1 DUAL,u$s,14,,,,,,,,,85000.0,82500.0,80000.0,77600.0,75300.0,,,
08/01/2026,CHALLENGER,Tractores MT,MT 545 B - Cabina C/3P - Rod. 600/65 R38 R1,u$s,14,,,,,,,,,70000.0,67900.0,65900.0,63900.0,62000.0,,,
08/01/2026,CHALLENGER,Tractores MT,MT 555 B - Cabina C/3P - Rod. 650/65 R38 R1,u$s,15,,,,,,,,,75000.0,72800.0,70600.0,68500.0,66400.0,,,
08/01/2026,CHALLENGER,Tractores MT,MT 565 B - Cabina C/3P - Rod. 650/65 R38 R1,u$s,15,,,,,,,,,75000.0,72800.0,70600.0,68500.0,66400.0,,,
08/01/2026,CHALLENGER,Tractores MT,MT 575 B - Cabina C/3P - Rod. 650/75 R38 R1,u$s,15,,,,,,,,,80000.0,77600.0,75300.0,73000.0,70800.0,,,
08/01/2026,CHALLENGER,Tractores MT,MT765 C - Oruga,u$s,15,,,,,,,,,273400.0,258200.0,243000.0,227800.0,212600.0,,,
08/01/2026,CHALLENGER,Tractores MT,MT845 C - Oruga,u$s,15,,,,,,,,,320800.0,303000.0,285100.0,267300.0,249500.0,,,
08/01/2026,CLAAS,,Cosechadora Mega 204,u$s,15,,,,,,,,,,,,,,,70000.0,66900.0
08/01/2026,CLAAS,,218,u$s,15,,,,,,,,,,,,,,,75000.0,71600.0
08/01/2026,CLAAS,,350,u$s,15,,,,,,,160000.0,,,,124000.0,112800.0,101700.0,92500.0,83400.0,
08/01/2026,CLAAS,,370,u$s,15,,,,,,,184000.0,,,,142600.0,129800.0,116900.0,106400.0,95900.0,
08/01/2026,CLAAS,,Cosechadora Medion 310,u$s,15,,,,,,,96000.0,,,,74400.0,67700.0,61000.0,55500.0,50000.0,
08/01/2026,CLAAS,,330,u$s,15,,,,,,,120000.0,,,,,,70000.0,63700.0,57400.0,
08/01/2026,CLAAS,,340,u$s,15,,,,,,,,,,,,,80000.0,72800.0,65600.0,
08/01/2026,CLAAS,,Cosechadora Tucano 320,u$s,15,,,,,,,240000.0,220000.0,210000.0,,,,,,,
08/01/2026,CLAAS,,430,u$s,15,,,,,,,,,250000.0,,,,,,,
08/01/2026,CLAAS,,460,u$s,15,386198.0,370800.0,355900.0,341700.0,328000.0,314900.0,302300.0,290200.0,278600.0,,,,,,,
08/01/2026,CLAAS,,470 10.5 mts. Plataformado,u$s,15,,,,,,,,,310000.0,,,,,,,
08/01/2026,CLAAS,,560,u$s,15,428000.0,410900.0,394400.0,378700.0,363500.0,349000.0,335000.0,,,,,,,,,
08/01/2026,CLAAS,,570,u$s,15,496000.0,476200.0,457100.0,438800.0,421300.0,404400.0,388200.0,,,,,,,,,
08/01/2026,CLAAS,,Cosechadora Lexion 570,u$s,15,,,,,,,250000.0,240000.0,230000.0,215000.0,200000.0,185000.0,170000.0,157500.0,145000.0,
08/01/2026,CLAAS,,580,u$s,15,,,,,,,290300.0,279200.0,268000.0,249000.0,230000.0,215000.0,200000.0,,160000.0,
08/01/2026,CLAAS,,600,u$s,15,,,,,,,260000.0,250000.0,240000.0,220000.0,200000.0,190000.0,180000.0,,,
08/01/2026,CLAAS,,740,u$s,15,,,,,,,303300.0,291700.0,280000.0,,,,,,,
08/01/2026,CLAAS,,750 Terra Trac,u$s,15,,,,,,,,,450000.0,,,,,,,
08/01/2026,CLAAS,,750 10.5 mts. Oruga,u$s,15,,,,,,,,,447000.0,,,,,,,
08/01/2026,CLAAS,,750 Arroz 7.5mts. pla. 3ra. Gen.,u$s,15,,,,,,,600000.0,575000.0,550000.0,,,,,,,
08/01/2026,CLAAS,,760 con duales,u$s,15,605000.0,580800.0,557600.0,535300.0,513900.0,493300.0,473600.0,,,,,,,,,
08/01/2026,CLAAS,,760 con oruga,u$s,15,722670.0,693800.0,666000.0,639400.0,613800.0,589200.0,565700.0,,,,,,,,,
08/01/2026,CLAAS,,760 12 mts. Oruga,u$s,15,,,,,,,,,570000.0,,,,,,,
08/01/2026,CLAAS,,780,u$s,15,,,,,,,,,620000.0,,,,,,,
08/01/2026,CLAAS,,780 13.5 mts. Oruga,u$s,15,845000.0,811200.0,778800.0,747600.0,717700.0,689000.0,661400.0,635000.0,609600.0,,,,,,,
08/01/2026,CLAAS,,Picadora Jaguar 870 - RU 450,u$s,15,,,,,,,360000.0,350000.0,340000.0,315000.0,290000.0,275000.0,260000.0,,,
08/01/2026,CLAAS,,930 - RU 450,u$s,15,,,,,,,,,410000.0,,,,,,,
08/01/2026,CLAAS,,940 - RU 450,u$s,15,573500.0,550600.0,528500.0,507400.0,487100.0,467600.0,448900.0,431000.0,413700.0,,,,,,,
08/01/2026,CLAAS,,930 - Orbis 460,u$s,15,,,,,,,,,450000.0,,,,,,,
08/01/2026,CLAAS,,940 - Orbis 600,u$s,15,646000.0,620200.0,595400.0,571500.0,548700.0,526700.0,505700.0,485400.0,466000.0,,,,,,,
08/01/2026,CLAAS,,950 - Orbis 600,u$s,16,706000.0,677800.0,650700.0,624600.0,599600.0,575700.0,552600.0,530500.0,509300.0,,,,,,,
08/01/2026,CLAAS,,960 - Orbis 750,u$s,16,828000.0,794900.0,763100.0,732600.0,703300.0,675100.0,648100.0,622200.0,597300.0,,,,,,,
08/01/2026,CLAAS,,980 - Orbis 900,u$s,16,1026000.0,985000.0,945600.0,907700.0,871400.0,836600.0,803100.0,771000.0,740100.0,,,,,,,
08/01/2026,DON ROQUE,COSECHADORAS DR,"550 250HP Axial mix 4x2 30"" (30.5x32/169x24)",u$s,16,269459.0,258700.0,248300.0,238400.0,228900.0,219700.0,210900.0,,,,,,,,,
08/01/2026,DON ROQUE,COSECHADORAS DR,"550 250HP Axial mix 4x4 30"" (30.5x32/169x24)",u$s,16,297531.0,285600.0,274200.0,263200.0,252700.0,242600.0,232900.0,,,,,,,,,
08/01/2026,DON ROQUE,COSECHADORAS DR,"550 250HP Axial mix 4 x 2 Flexi Drap 30"" (30.5x32/169x24)",u$s,16,301070.0,289000.0,277500.0,266400.0,255700.0,245500.0,235700.0,,,,,,,,,
08/01/2026,DON ROQUE,COSECHADORAS DR,"550 250HP Axial mix 4 x 4 Flexi Drap 30"" (30.5x32/169x24)",u$s,16,329142.0,316000.0,303300.0,291200.0,279600.0,268400.0,257600.0,,,,,,,,,
08/01/2026,DON ROQUE,COSECHADORAS DR,"550 250HP Axial mix 4x2 30"" Duales (520/85xR38)",u$s,16,279502.0,268300.0,257600.0,247300.0,237400.0,227900.0,218800.0,,,,,,,,,
08/01/2026,DON ROQUE,COSECHADORAS DR,"550 250HP Axial mix4x4 30"" Duales (520/85xR38)",u$s,16,307574.0,295300.0,283500.0,272100.0,261200.0,250800.0,240800.0,,,,,,,,,
08/01/2026,DON ROQUE,COSECHADORAS DR,COSECHADORAS RV170 350HP - Electro 4x2 30'' (800/65-R32 / 16.9R24),u$s,16,,,,,,,,,,,,,,,129600.0,123100.0
08/01/2026,DON ROQUE,COSECHADORAS DR,350HP - Electro 4x4 30'' (800/65-R32 / 16.9R24),u$s,16,,,,,,,,,,,,,,,145800.0,138500.0
08/01/2026,DON ROQUE,COSECHADORAS DR,350HP - Electro 4x2 30'' (1050/50-R32 / 19.5R24),u$s,16,,,,,,,,,,,,,,,131500.0,125000.0
08/01/2026,DON ROQUE,COSECHADORAS DR,350HP - Electro 4x4 30'' (1050/50-R32 / 19.5R24),u$s,16,,,,,,,,,,,,,,,147800.0,140400.0
08/01/2026,DON ROQUE,COSECHADORAS DR,350HP - Electro 4x2 30'' (Duales 20.8R38 / 19.5R24),u$s,16,,,,,,,,,,,,,,,105000.0,99700.0
08/01/2026,DON ROQUE,COSECHADORAS DR,350HP - Electro 4x4 30'' (Duales 20.8R38 / 19.5R24),u$s,16,,,,,,,,,,,,,,,109400.0,103900.0
08/01/2026,DON ROQUE,COSECHADORAS DR,COSECHADORAS RV150 250HP - Electro 4x2 28'' (30.5R32 / 16.9R24),u$s,16,246843.0,237000.0,227500.0,218400.0,209700.0,201300.0,193200.0,185500.0,178100.0,170900.0,164100.0,157500.0,151200.0,145200.0,129600.0,123100.0
08/01/2026,DON ROQUE,COSECHADORAS DR,250HP - Electro 4x4 28'' (30.5R32 / 16.9R24),u$s,16,277854.0,266700.0,256100.0,245800.0,236000.0,226600.0,217500.0,,200100.0,190100.0,180000.0,171000.0,162000.0,153900.0,145800.0,138500.0
08/01/2026,DON ROQUE,COSECHADORAS DR,250HP - Electro 4x2 28'' (800/65R32 / 16.9R24),u$s,16,250585.0,240600.0,230900.0,221700.0,212800.0,204300.0,196100.0,,180400.0,171400.0,162400.0,154300.0,146100.0,138800.0,131500.0,125000.0
08/01/2026,DON ROQUE,COSECHADORAS DR,250HP - Electro 4x4 28'' (800/65R32 / 16.9R24),u$s,17,281605.0,270300.0,259500.0,249100.0,239200.0,229600.0,220400.0,,202800.0,192600.0,182500.0,173400.0,164200.0,156000.0,147800.0,140400.0
08/01/2026,DON ROQUE,COSECHADORAS DR,235HP - Mecánica 4x2 28'' (30.5R32 / 16.9R24),u$s,17,,,,,,,,,144000.0,136800.0,129600.0,123100.0,116600.0,110800.0,105000.0,99700.0
08/01/2026,DON ROQUE,COSECHADORAS DR,235HP - Mecanica 4x2 28'' (800/65R32 / 16.9R24),u$s,17,,,,,,,,,150000.0,142500.0,135000.0,128300.0,121500.0,115400.0,109400.0,103900.0
08/01/2026,DON ROQUE,COSECHADORAS DR,COSECHADORAS RV125 234HP - Electro 4x2 23'' (24.5R32 / 16.9R24),u$s,17,,,,,,,160000.0,152000.0,144000.0,136800.0,129600.0,123100.0,116600.0,110800.0,105000.0,99700.0
08/01/2026,DON ROQUE,COSECHADORAS DR,234HP - Electro 4x4 23'' (24.5R32 / 16.9R24),u$s,17,,,,,,,180000.0,171000.0,162000.0,153900.0,145800.0,138500.0,131200.0,124700.0,118100.0,112200.0
08/01/2026,DON ROQUE,COSECHADORAS DR,185HP - Mecánica 4x2 23'' (24.5R32 / 16.9R24),u$s,17,182490.0,175200.0,168200.0,161500.0,155000.0,148800.0,142800.0,137100.0,131600.0,126400.0,118300.0,112300.0,106400.0,101100.0,95800.0,91000.0
08/01/2026,DON ROQUE,COSECHADORAS DR,185HP - Mecánica 4x2 23'' (30.5R32 / 16.9R24),u$s,17,185394.0,178000.0,170900.0,164000.0,157500.0,151200.0,145100.0,139300.0,133700.0,128400.0,120100.0,114100.0,108100.0,102700.0,97300.0,92400.0
08/01/2026,DON ROQUE,COSECHADORAS DR,234HP - Arrocera 4x4 18'' (30.5R32 Pala / 16.9R24),u$s,17,233210.0,223900.0,214900.0,206300.0,198100.0,190200.0,182500.0,175200.0,168200.0,161500.0,151100.0,,,,,
08/01/2026,GLEANER,,Cosechadora A78 425/459HP - A85 AXIAL 4X4 35'' (R-1050/50R32),u$s,17,389934.0,374300.0,359400.0,345000.0,331200.0,317900.0,305200.0,293000.0,281300.0,270000.0,259200.0,248900.0,238900.0,229400.0,,
08/01/2026,GLEANER,,R75 330 HP - R75 30'' (R-30.5 L32),u$s,17,,,,,,,,,,,260000.0,247000.0,234000.0,222300.0,210600.0,
08/01/2026,GLEANER,,R75 330 HP - R72 30'' (R-30.5 L32),u$s,17,,,,,,,,,,,270000.0,256500.0,243000.0,230900.0,218700.0,
08/01/2026,GLEANER,,R66 300/330 HP - R66 4X2 30'' (R-30.5 L32),u$s,17,286727.0,275300.0,264200.0,253700.0,243500.0,233800.0,224400.0,,221200.0,210200.0,199700.0,189700.0,180200.0,171200.0,162600.0,154500.0
08/01/2026,GLEANER,,R66 300/330 HP - R66 4X4 30'' (R-30.5 L32),u$s,17,299874.0,287900.0,276400.0,265300.0,254700.0,244500.0,234700.0,,231400.0,219800.0,208800.0,198400.0,188500.0,179000.0,170100.0,161600.0
08/01/2026,JOHN DEERE,Cosechadoras Serie S,S550 - Traccion simple rodado simple plataforma sin fin 30,u$s,17,400180.0,384200.0,368800.0,354100.0,339900.0,326300.0,313200.0,,,,,,,,,
08/01/2026,JOHN DEERE,Cosechadoras Serie S,S550 - Traccion simple rodado simple plataforma Draper 30'',u$s,17,480700.0,461500.0,443000.0,425300.0,408300.0,392000.0,376300.0,,,,,,,,,
08/01/2026,JOHN DEERE,Cosechadoras Serie S,S550 - Traccion simple rodado dual plataforma sin fin 30,u$s,17,413400.0,396900.0,381000.0,365800.0,351100.0,337100.0,323600.0,,,,,,,,,
08/01/2026,JOHN DEERE,Cosechadoras Serie S,S550 - Traccion simple rodado dual plataforma Draper 30'',u$s,18,473300.0,454400.0,436200.0,418700.0,402000.0,385900.0,370500.0,,,,,,,,,
08/01/2026,JOHN DEERE,Cosechadoras Serie S,S550 - Traccion doble rodado simple plataforma sin fin 30,u$s,18,426000.0,409000.0,392600.0,376900.0,361800.0,347300.0,333500.0,,,,,,,,,
08/01/2026,JOHN DEERE,Cosechadoras Serie S,S550 - Traccion doble rodado simple plataforma Draper 30'',u$s,18,485000.0,465600.0,447000.0,429100.0,411900.0,395500.0,379600.0,,,,,,,,,
08/01/2026,JOHN DEERE,Cosechadoras Serie S,S550 - Traccion doble rodado dual plataforma sin fin 30,u$s,18,438000.0,420500.0,403700.0,387500.0,372000.0,357100.0,342800.0,,,,,,,,,
08/01/2026,JOHN DEERE,Cosechadoras Serie S,S550 - Traccion doble rodado dual plataforma Draper 30'',u$s,18,497600.0,477700.0,458600.0,440200.0,422600.0,405700.0,389500.0,,,,,,,,,
08/01/2026,JOHN DEERE,Cosechadoras Serie S,S660 - Traccion simple rodado simple plataforma sin fin 35,u$s,18,481500.0,462200.0,443800.0,426000.0,409000.0,392600.0,376900.0,,,,,,,,,
08/01/2026,JOHN DEERE,Cosechadoras Serie S,S660 - Traccion simple rodado simple plataforma Draper 35'',u$s,19,550900.0,528900.0,507700.0,487400.0,467900.0,449200.0,431200.0,,,,,,,,,
08/01/2026,JOHN DEERE,Cosechadoras Serie S,S660 - Traccion simple rodado dual plataforma sin fin 35,u$s,19,494400.0,474600.0,455600.0,437400.0,419900.0,403100.0,387000.0,,,,,,,,,
08/01/2026,JOHN DEERE,Cosechadoras Serie S,S660 - Traccion simple rodado dual plataforma Draper 35'',u$s,19,563900.0,541300.0,519700.0,498900.0,478900.0,459800.0,441400.0,,,,,,,,,
08/01/2026,JOHN DEERE,Cosechadoras Serie S,S660 - Traccion doble rodado simple plataforma Draper 35,u$s,19,506300.0,486000.0,466600.0,447900.0,430000.0,412800.0,396300.0,,,,,,,,,
08/01/2026,JOHN DEERE,Cosechadoras Serie S,S660 - Traccion doble rodado simple plataforma 35'',u$s,19,588800.0,565200.0,542600.0,520900.0,500100.0,480100.0,460900.0,,,,,,,,,
08/01/2026,JOHN DEERE,Cosechadoras Serie S,S660 - Traccion doble rodado dual plataforma sin fin 35,u$s,19,519200.0,498400.0,478500.0,459400.0,441000.0,423300.0,406400.0,,,,,,,,,
08/01/2026,JOHN DEERE,Cosechadoras Serie S,S660 - Traccion doble rodado dual plataforma Draper 35'',u$s,19,588700.0,565200.0,542500.0,520800.0,500000.0,480000.0,460800.0,,,,,,,,,
08/01/2026,JOHN DEERE,Cosechadoras Serie S,S670 - Traccion simple rodado dual plataforma Draper 35'',u$s,19,618500.0,593800.0,570000.0,547200.0,525300.0,504300.0,484100.0,,,,,,,,,
08/01/2026,JOHN DEERE,Cosechadoras Serie S,S670 - Traccion simple rodado dual plataforma Draper 40'',u$s,19,638100.0,612600.0,588100.0,564600.0,542000.0,520300.0,499500.0,,,,,,,,,
08/01/2026,JOHN DEERE,Cosechadoras Serie S,S670 - Traccion simple con rodado dual con caja podrive plataforma Draper 40,u$s,19,657500.0,631200.0,606000.0,581700.0,558400.0,536100.0,514700.0,,,,,,,,,
08/01/2026,JOHN DEERE,Cosechadoras Serie S,S670 - Traccion doble rodado dual plataforma Draper 35'',u$s,19,643600.0,617900.0,593100.0,569400.0,546600.0,524800.0,503800.0,,,,,,,,,
08/01/2026,JOHN DEERE,Cosechadoras Serie S,S670 - Traccion doble rodado dual plataforma Draper 40'',u$s,20,663200.0,636700.0,611200.0,586800.0,563300.0,540800.0,519100.0,,,,,,,,,
08/01/2026,JOHN DEERE,Cosechadoras Serie S,S670 - Traccion doble rodado dual con caja prodive y plataforma Draper 40,u$s,20,682600.0,655300.0,629100.0,603900.0,579800.0,556600.0,534300.0,,,,,,,,,
08/01/2026,JOHN DEERE,Cosechadoras Serie S,S680 - Traccion simple rodado dual plataforma Draper 40'',u$s,20,728900.0,699700.0,671800.0,644900.0,619100.0,594300.0,570600.0,,,,,,,,,
08/01/2026,JOHN DEERE,Cosechadoras Serie S,S680 - Traccion simple rodado dual plataforma Draper 45'',u$s,20,745900.0,716100.0,687400.0,659900.0,633500.0,608200.0,583900.0,,,,,,,,,
08/01/2026,JOHN DEERE,Cosechadoras Serie S,S680 - Traccion doble rodado dual plataforme Draper 40'',u$s,20,754100.0,723900.0,695000.0,667200.0,640500.0,614900.0,590300.0,,,,,,,,,
08/01/2026,JOHN DEERE,Cosechadoras Serie S,S680 - Traccion doble rodado dual plataforma Draper 45'',u$s,20,774400.0,743400.0,713700.0,685100.0,657700.0,631400.0,606200.0,,,,,,,,,
08/01/2026,JOHN DEERE,Cosechadoras Serie S,S690 - Traccion doble rodado Dual Plataformado Draper 45 pies,u$s,20,847000.0,813100.0,780600.0,749400.0,719400.0,690600.0,663000.0,,,,,,,,,
08/01/2026,JOHN DEERE,Cosechadoras Serie STS,9470 STS - SS 230hp 25'' Eq.básic.(800/65R32),u$s,20,,,,,,,,,,,,,,,223000.0,
08/01/2026,JOHN DEERE,Cosechadoras Serie STS,9770 STS - SS350D Draper 35'' 4x2,u$s,20,,,,,,,,,,,350000.0,340000.0,330000.0,,,
08/01/2026,JOHN DEERE,Cosechadoras Serie STS,9770 STS - SS 5360hp 35'' Eq.básic.4x2 Map.Brasil (800/65R32),u$s,20,,,,,,,,,,,354000.0,339500.0,325000.0,310000.0,295000.0,
08/01/2026,JOHN DEERE,Cosechadoras Serie STS,9770 STS - SD 5360hp 35'' Eq.básic.4x2 Map.Brasil (D20.8x38 Dual),u$s,20,,,,,,,,,,,364000.0,349500.0,335000.0,320000.0,305000.0,
08/01/2026,JOHN DEERE,Cosechadoras Serie STS,9770 STS - DS 5360hp 35'' Eq.básic.4x4 Map.Brasil (800/65R32),u$s,20,,,,,,,,,,,370000.0,355000.0,340000.0,325000.0,310000.0,
08/01/2026,JOHN DEERE,Cosechadoras Serie STS,9770 STS - DD 5360hp 35'' Eq.básic.4x4 Map.Brasil (D20.8x38 Dual),u$s,20,,,,,,,,,,,388000.0,373500.0,359000.0,344500.0,330000.0,
08/01/2026,JOHN DEERE,Cosechadoras Serie STS,9770 STS - DRS 5360hp 35'' Eq.básic.4x4 Map.USA (900/60 R32),u$s,20,,,,,,,,,,,364000.0,354500.0,345000.0,332500.0,320000.0,
08/01/2026,JOHN DEERE,Cosechadoras Serie STS,9770 STS - DRD 5360hp 35'' Eq.básic.4x4 Map.USA (650/85 R38),u$s,21,,,,,,,,,,,378000.0,366000.0,354000.0,344500.0,335000.0,
08/01/2026,JOHN DEERE,Cosechadoras Serie STS,9770 STS - BDD40D Draper 40'' 4x4 Duales,u$s,21,,,,,,,,,,,428000.0,,,,,
08/01/2026,JOHN DEERE,Cosechadoras Serie STS,S680 4x4 Duales Draper 40'' USA Piloto y Map.Rend Automático,u$s,21,,,,,,,,,565000.0,,,,,,,
08/01/2026,JOHN DEERE,Cosechadoras Serie STS,9870 STS - DRSMP 440hp 35'' Eq.básic.Map.AutoTrac Señal SF2 Ready (900/60R32),u$s,21,,,,,,,,,,,450000.0,429000.0,408000.0,,,
08/01/2026,JOHN DEERE,Tractores E,3036E - 36HP Doble Traccion 3cil.8Fx8 R,u$s,21,20443.0,19600.0,18800.0,18100.0,17400.0,16700.0,16000.0,,,,,,,,,
08/01/2026,JOHN DEERE,Tractores E,3036EN - 36HP Doble Traccion Sist.Hidraulico,u$s,21,21548.0,20700.0,19900.0,19100.0,18300.0,17600.0,16900.0,,,,,,,,,
08/01/2026,JOHN DEERE,Tractores E,5090E - 92hp DT 3Ptos. 4 Cil. PowerReverser p/Sinc. (16.9x30),u$s,21,66000.0,63400.0,60800.0,58400.0,56100.0,53800.0,51700.0,49600.0,47600.0,45700.0,43900.0,,,,,
08/01/2026,JOHN DEERE,Tractores Serie 5E,5065E - 65hp DT 3Ptos. CVS TDPiTrans p/Sinc. 9/3 SyncReverser (D9.50- 24-T16.9-28R1),u$s,21,42500.0,40800.0,39200.0,37600.0,36100.0,34700.0,33300.0,31900.0,30700.0,29400.0,28300.0,,,,,
08/01/2026,JOHN DEERE,Tractores Serie 5E,5065E - 65hp ST 3Ptos. CVS TDPiTrans 9/3 SyncReverser (D7.50x16-T16.9- 28R1),u$s,21,36400.0,34900.0,33500.0,32200.0,30900.0,29700.0,28500.0,27400.0,26300.0,25200.0,24200.0,,,,,
08/01/2026,JOHN DEERE,Tractores Serie 5E,5075E - 75hp DT 3Ptos. CVS TDPiTrans p/Sinc. 9/3 SyncReverser (D9.50- 24-T16.9-28R1),u$s,21,49100.0,47100.0,45300.0,43400.0,41700.0,40000.0,38400.0,36900.0,35400.0,34000.0,32600.0,,,,,
08/01/2026,JOHN DEERE,Tractores Serie 5E,5075E - 75hp ST 3Ptos. CVS TDPi 9/3 SyncReverser (D7.50x16 - T16.9- 28R1),u$s,21,42900.0,41200.0,39500.0,38000.0,36400.0,35000.0,33600.0,32200.0,30900.0,29700.0,28500.0,,,,,
08/01/2026,JOHN DEERE,Tractores Serie 5E,5045D - 45 HP 3cil. simple traccion,u$s,21,29400.0,28200.0,27100.0,26000.0,25000.0,24000.0,23000.0,22100.0,21200.0,20400.0,19500.0,,,,,
08/01/2026,JOHN DEERE,Tractores Serie 5E,5045E - 45 HP 3cil. doble traccion,u$s,21,36100.0,34700.0,33300.0,31900.0,30700.0,29400.0,28300.0,27100.0,26000.0,25000.0,24000.0,,,,,
08/01/2026,JOHN DEERE,Tractores Serie 5E,5060E - 60hp ST 3Ptos 3 Cil Transmision SyncShuttle Con techo,u$s,22,41769.0,40100.0,38500.0,37000.0,,,,,,,,,,,,
08/01/2026,JOHN DEERE,Tractores Serie 5E,5060E - 60hp DT 3Ptos 3 Cil Transmision SyncShuttle Con techo,u$s,22,48399.0,46500.0,44600.0,42800.0,,,,,,,,,,,,
08/01/2026,JOHN DEERE,Tractores Serie 5E,5070E - 70hp ST 3Ptos 3 Cil Transmision SyncShuttle Con techo,u$s,22,47847.0,45900.0,44100.0,42300.0,,,,,,,,,,,,
08/01/2026,JOHN DEERE,Tractores Serie 5E,5070E - 70hp DT 3Ptos 3 Cil Transmision SyncShuttle Con techo,u$s,22,55029.0,52800.0,50700.0,48700.0,,,,,,,,,,,,
08/01/2026,JOHN DEERE,Tractores Serie 5E,5080E - 80hp ST 3Ptos 3 Cil Transmision SyncShuttle Con techo,u$s,22,52819.0,50700.0,48700.0,46700.0,,,,,,,,,,,,
08/01/2026,JOHN DEERE,Tractores Serie 5E,5080E - 80hp DT 3Ptos 3 Cil Transmision SyncShuttle Con techo,u$s,22,59449.0,57100.0,54800.0,52600.0,,,,,,,,,,,,
08/01/2026,JOHN DEERE,Tractores Serie 5E,5082E - 82hp DT 3Ptos 4 Cil Transmision SyncroPlus Con Techo (18.4x30),u$s,22,69726.0,66900.0,64300.0,61700.0,59200.0,56900.0,54600.0,52400.0,50300.0,48300.0,46400.0,,,,,
08/01/2026,JOHN DEERE,Tractores Serie 5E,5082E - 82hp DT 3Ptos 4 Cil Transmision SyncroPlus Con Techo (15.5x38),u$s,22,68400.0,65700.0,63000.0,60500.0,58100.0,55800.0,53500.0,51400.0,49300.0,47400.0,45500.0,,,,,
08/01/2026,JOHN DEERE,Tractores Serie 5E,5082E - 82hp DT 3Ptos 4 Cil Transmision PoweReverse Con Techo (18.4x30),u$s,22,75251.0,72200.0,69400.0,66600.0,63900.0,61400.0,58900.0,56500.0,54300.0,52100.0,50000.0,,,,,
08/01/2026,JOHN DEERE,Tractores Serie 5E,5082E - 82hp DT 3Ptos 4 Cil Transmision PoweReverse Con Techo (15.5x38),u$s,22,74256.0,71300.0,68400.0,65700.0,63100.0,60500.0,58100.0,55800.0,53600.0,51400.0,49400.0,,,,,
08/01/2026,JOHN DEERE,Tractores Serie 5E,5082E - 82hp DT 3Ptos 4 Cil Transmision SyncroPlus Cabina con aire aconsicionado (18.4x30),u$s,22,79339.0,76200.0,73100.0,70200.0,67400.0,64700.0,62100.0,59600.0,57200.0,54900.0,52700.0,,,,,
08/01/2026,JOHN DEERE,Tractores Serie 5E,5082E - 82hp DT 3Ptos 4 Cil Transmision SyncroPlus Cab con aire aconsicionado (15.5x38),u$s,23,78013.0,74900.0,71900.0,69000.0,66300.0,63600.0,61100.0,58600.0,56300.0,54000.0,51900.0,,,,,
08/01/2026,JOHN DEERE,Tractores Serie 5E,5082E - 82hp DT 3Ptos 4 Cil Transmision PowerReverser Cabina con aire acondicionado (18.4x30),u$s,23,84312.0,80900.0,77700.0,74600.0,71600.0,68700.0,66000.0,63400.0,60800.0,58400.0,56100.0,,,,,
08/01/2026,JOHN DEERE,Tractores Serie 5E,5082E - 82hp DT 3Ptos 4 Cil Transmision PowerReverser Cab con aire acondicionado (15.5x38),u$s,23,83538.0,80200.0,77000.0,73900.0,71000.0,68100.0,65400.0,62800.0,60300.0,57900.0,55500.0,,,,,
08/01/2026,JOHN DEERE,Tractores Serie 5E,5090E - 92hp DT 3Ptos 4 Cil Transmision SyncroPlus Cabina con aire acondicionado (18.4x30),u$s,23,83980.0,80600.0,77400.0,74300.0,71300.0,68500.0,65700.0,63100.0,60600.0,58200.0,55800.0,,,,,
08/01/2026,JOHN DEERE,Tractores Serie 5E,5090E - 92hp DT 3Ptos 4 Cil Transmision SyncroPlus Cabina con aire acondicionado (15.5x38),u$s,23,82875.0,79600.0,76400.0,73300.0,70400.0,67600.0,64900.0,62300.0,59800.0,57400.0,55100.0,,,,,
08/01/2026,JOHN DEERE,Tractores Serie 5E,5090E - 92hp DT 3Ptos. 4 Cil Transmision SycroPlus Con techo (15.5x38),u$s,23,68510.0,65800.0,63100.0,60600.0,58200.0,55900.0,53600.0,51500.0,49400.0,47400.0,45500.0,,,,,
08/01/2026,JOHN DEERE,Tractores Serie 5E,5090E - 92hp DT 3Ptos. 4 Cil Transmision SycroPlus Con techo (18.4x30),u$s,23,69836.0,67000.0,64400.0,61800.0,59300.0,56900.0,54700.0,52500.0,50400.0,48400.0,46400.0,,,,,
08/01/2026,JOHN DEERE,Tractores Serie 5E,5090E - 92hp DT 3Ptos. 4 Cil Transmision PowerReverser Cabina con aire acondicionado (18.4x30),u$s,23,89063.0,85500.0,82100.0,78800.0,75600.0,72600.0,69700.0,66900.0,64200.0,61700.0,59200.0,,,,,
08/01/2026,JOHN DEERE,Tractores Serie 5E,5090E - 92hp DT 3Ptos. 4 Cil Transmision PowerReverser Cabina con aire acondicionado (15.5x38),u$s,23,88179.0,84700.0,81300.0,78000.0,74900.0,71900.0,69000.0,66300.0,63600.0,61100.0,58600.0,,,,,
08/01/2026,JOHN DEERE,Tractores Serie 5E,5090E - 92hp DT 3Ptos. 4 Cil Transmision PowerReverser Con techo (15.5x38),u$s,24,73704.0,70800.0,67900.0,65200.0,62600.0,60100.0,57700.0,55400.0,53200.0,51000.0,49000.0,,,,,
08/01/2026,JOHN DEERE,Tractores Serie 5E,5090E - 92hp DT 3Ptos. 4 Cil Transmision PowerReverser Con techo (18.4x30),u$s,24,74698.0,71700.0,68800.0,66100.0,63400.0,60900.0,58500.0,56100.0,53900.0,51700.0,49700.0,,,,,
08/01/2026,JOHN DEERE,Tractores 6M,6175M - 175hp Alemania. Rod. T520/85R42R,u$s,24,168000.0,161300.0,154800.0,148600.0,142700.0,137000.0,131500.0,,,,,,,,,
08/01/2026,JOHN DEERE,Tractores 6M,6195M - 195hp Alemania. Rod. T520/85R42R,u$s,24,190500.0,182900.0,175600.0,168500.0,161800.0,155300.0,149100.0,,,,,,,,,
08/01/2026,JOHN DEERE,Tractores Serie 6D,6100D - 99hp DT C/Cab. 4 Cil. Power Reverser (18.4x34R1),u$s,24,88600.0,85100.0,81700.0,78400.0,75300.0,72200.0,69400.0,66600.0,63900.0,,,,,,,
08/01/2026,JOHN DEERE,Tractores Serie 6D,6110D - 107hp DT C/Cab. PowerTech 4 cil. Trans Top Shaft p/Sinc. (18.4x34R1),u$s,24,92400.0,88700.0,85200.0,81800.0,78500.0,75300.0,72300.0,69400.0,66700.0,,,,,,,
08/01/2026,JOHN DEERE,Tractores Serie 6D,6125D - 123hp DT C/Cab. Trans Top Shaft p/Sinc. PowerTech 4Cil. (18.4x38),u$s,24,104900.0,100700.0,96700.0,92800.0,89100.0,85500.0,82100.0,78800.0,75700.0,72600.0,69700.0,67000.0,64300.0,61700.0,59200.0,56900.0
08/01/2026,JOHN DEERE,Tractores Serie 6J,6110J - 108hp DT C/Cab. Powrquad - 16/16 (T18.4x38),u$s,24,,,,,,,,,82000.0,,,,,,,
08/01/2026,JOHN DEERE,Tractores Serie 6J,6110J - 108hp DT C/Cab. Powrquad - 16/16 (T23.1x30),u$s,24,,,,,,,,,80000.0,76500.0,73000.0,70300.0,67500.0,64800.0,62000.0,59000.0
08/01/2026,JOHN DEERE,Tractores Serie 6J,6115J - Rodado trasero 30 114hp,u$s,24,107500.0,103200.0,99100.0,95100.0,91300.0,87700.0,84100.0,,,,,,,,,
08/01/2026,JOHN DEERE,Tractores Serie 6J,6115J - Rodado trasero 38 114hp,u$s,24,106900.0,102600.0,98500.0,94600.0,90800.0,87200.0,83700.0,,,,,,,,,
08/01/2026,JOHN DEERE,Tractores Serie 6J,6130J - 123hp DT C/Cab. (18.4x38),u$s,24,,,,,,,,,92000.0,88300.0,84500.0,81000.0,77500.0,74300.0,71000.0,67800.0
08/01/2026,JOHN DEERE,Tractores Serie 6J,6130J - 123hp DT C/Cab. (23.1x30),u$s,24,,,,,,,,,93000.0,88800.0,84500.0,81000.0,77500.0,74300.0,71000.0,67800.0
08/01/2026,JOHN DEERE,Tractores Serie 6J,6135J - Rodado trasero 30 133hp,u$s,24,126900.0,121800.0,117000.0,112300.0,107800.0,103500.0,99300.0,,,,,,,,,
08/01/2026,JOHN DEERE,Tractores Serie 6J,6135J - Rodado trasero 38 133hp,u$s,24,126200.0,121200.0,116300.0,111700.0,107200.0,102900.0,98800.0,,,,,,,,,
08/01/2026,JOHN DEERE,Tractores Serie 6J,6145J - 143hp DT C/Cab. Paton (24.5x32),u$s,24,,,,,,,,,100000.0,96500.0,93000.0,88800.0,84500.0,81000.0,77500.0,74300.0
08/01/2026,JOHN DEERE,Tractores Serie 6J,6145J - 143hp DT C/Cab. (18.4x38 Dual),u$s,25,,,,,,,,,100000.0,96000.0,92000.0,88300.0,84500.0,81000.0,77500.0,74300.0
08/01/2026,JOHN DEERE,Tractores Serie 6J,6150J - Rodado Paton 148hp,u$s,25,139200.0,133600.0,128300.0,123200.0,118200.0,113500.0,109000.0,,,,,,,,,
08/01/2026,JOHN DEERE,Tractores Serie 6J,6150J - Rodado Dual 148hp,u$s,25,140700.0,135100.0,129700.0,124500.0,119500.0,114700.0,110100.0,,,,,,,,,
08/01/2026,JOHN DEERE,Tractores Serie 6J,6165J - 163hp DT C/Cab. Paton (24.5x32),u$s,25,,,,,,,,,110000.0,,,,,,,
08/01/2026,JOHN DEERE,Tractores Serie 6J,6165J - 163hp DT C/Cab. (20.8x38 Dual),u$s,25,,,,,,,,,110000.0,,,,,,,
08/01/2026,JOHN DEERE,Tractores Serie 6J,6170J - Rodado Dual 167hp,u$s,25,152500.0,146400.0,140500.0,134900.0,129500.0,124300.0,119400.0,,,,,,,,,
08/01/2026,JOHN DEERE,Tractores Serie 6J,6180J - 180hp DT C/Cab. (20.8x38 Dual),u$s,25,,,,,,,,,120000.0,,,,,,,
08/01/2026,JOHN DEERE,Tractores Serie 6J,6190J - Rodado Dual 187hp,u$s,25,174800.0,167800.0,161100.0,154700.0,148500.0,142500.0,136800.0,131400.0,126100.0,,,,,,,
08/01/2026,JOHN DEERE,Tractores Serie 6J,6210J - Rodado Dual 207hp,u$s,25,179200.0,172000.0,165200.0,158500.0,152200.0,146100.0,140300.0,,,,,,,,,
08/01/2026,JOHN DEERE,Tractores Serie 6J,7200J - Rodado Paton 200hp,u$s,25,179200.0,172000.0,165200.0,158500.0,152200.0,146100.0,140300.0,,,,,,,,,
08/01/2026,JOHN DEERE,Tractores Serie 6J,7215J - Rodado Paton 215hp,u$s,25,189100.0,181500.0,174300.0,167300.0,160600.0,154200.0,148000.0,,,,,,,,,
08/01/2026,JOHN DEERE,Tractores Serie 6J,7230J - Rodado Dual 230hp,u$s,25,204000.0,195800.0,188000.0,180500.0,173300.0,166300.0,159700.0,,,,,,,,,
08/01/2026,JOHN DEERE,Tractores Serie 7,7195J - 192hp DT C/Cab. (710/70R38 Simple),u$s,25,,,,,,,,,129000.0,124500.0,120000.0,,,,,
08/01/2026,JOHN DEERE,Tractores Serie 7,7195J - 192hp DT C/Cab. (20.8-42),u$s,25,,,,,,,,,129000.0,124500.0,120000.0,,,,,
08/01/2026,JOHN DEERE,Tractores Serie 7,7210J - 207hp DT C/Cab. (710/70R38 Simple),u$s,25,,,,,,,,,138000.0,133500.0,129000.0,,,,,
08/01/2026,JOHN DEERE,Tractores Serie 7,7210J - 207hp DT C/Cab. (20.8-42 Simple),u$s,25,,,,,,,,,143000.0,136500.0,130000.0,,,,,
08/01/2026,JOHN DEERE,Tractores Serie 7,7225J - 222hp DT C/Cab. (20.8-42 Dual),u$s,25,,,,,,,,,157000.0,152000.0,147000.0,,,,,
08/01/2026,JOHN DEERE,Tractores Serie 7,7230R - 230hp Doble traccion Transmision E23 40km/h,u$s,25,207000.0,198700.0,190800.0,183100.0,175800.0,168800.0,162000.0,,,,,,,,,
08/01/2026,JOHN DEERE,Tractores Serie 7,7230R - 230hp USA Transm. E23 Rod.D152 A8R1W 600/70R230,u$s,25,228700.0,219600.0,210800.0,202300.0,194200.0,186500.0,179000.0,,,,,,,,,
08/01/2026,JOHN DEERE,Tractores Serie 8R,8245R - 250hp DT C/Cab. (T600/70R30),u$s,25,251900.0,241800.0,232200.0,222900.0,214000.0,205400.0,197200.0,,,,,,,,,
08/01/2026,JOHN DEERE,Tractores Serie 8R,8270R - 260hp DT C/Cab. ( T 520/85R46 Radial),u$s,25,278200.0,267100.0,256400.0,246100.0,236300.0,226800.0,217800.0,209100.0,200700.0,,,,,,,
08/01/2026,JOHN DEERE,Tractores Serie 8R,8295R - 285hp DT C/Cab. (T 620/70R46 Radial),u$s,26,295800.0,284000.0,272600.0,261700.0,251200.0,241200.0,231500.0,222300.0,213400.0,,,,,,,
08/01/2026,JOHN DEERE,Tractores Serie 8R,8320R - 310hp DT C/Cab. ( T 620/70R46 Radial),u$s,26,320400.0,307600.0,295300.0,283500.0,272100.0,261200.0,250800.0,240800.0,231100.0,,,,,,,
08/01/2026,JOHN DEERE,Tractores Serie 8R,8345R - 335hp DT C/Cab. (T 620/70 R 46 Radial),u$s,26,343700.0,330000.0,316800.0,304100.0,291900.0,280200.0,269000.0,258300.0,247900.0,,,,,,,
08/01/2026,JOHN DEERE,Tractores Serie 8R,8370R 370 HP doble traccion con cabina rodado dual,u$s,26,376000.0,361000.0,346500.0,332700.0,319400.0,306600.0,294300.0,,,,,,,,,
08/01/2026,JOHN DEERE,Tractores Serie SE,5045 D 45 HP 3cil. simple traccion,u$s,26,29400.0,28200.0,27100.0,26000.0,25000.0,24000.0,23000.0,,,,,,,,,
08/01/2026,JOHN DEERE,Tractores Serie SE,5045 E 45 HP 3cil. doble traccion,u$s,27,36100.0,34700.0,33300.0,31900.0,30700.0,29400.0,28300.0,,,,,,,,,
08/01/2026,JOHN DEERE,Tractores Serie SE,5082 E 81 HP 4cil. transmision sincronizada 9/3 rodado trasero 18.4 - 30,u$s,27,55500.0,53300.0,51100.0,49100.0,47100.0,45300.0,43400.0,,,,,,,,,
08/01/2026,JOHN DEERE,Tractores Serie SE,5082 E 81 HP 4cil. transmision powereverse rodado trasero 18.4 - 30,u$s,27,59900.0,57500.0,55200.0,53000.0,50900.0,48800.0,46900.0,,,,,,,,,
08/01/2026,JOHN DEERE,Tractores 9420 R,410 HP DT Rodado Trasero y Delantero Dual,u$s,27,387300.0,371800.0,356900.0,342700.0,329000.0,315800.0,303200.0,291000.0,279400.0,,,,,,,
08/01/2026,JOHN DEERE,Tractores 9420 R,410 HP DT Rodado Trasero y Delantero Dual Art.,u$s,27,,,,,,,,,300000.0,,,,,,,
08/01/2026,MASSEY FERGUSON,,COSECHADORAS MF 6690 HIBRIDA 265HP - MF 6690 GRANOS 4X2 FIELDSTAR CON PILOTO Y TELEMETRIA - DRAPER 25 PIES,u$s,27,348075.0,334200.0,320800.0,308000.0,295600.0,283800.0,272500.0,,,,,,,,,
08/01/2026,MASSEY FERGUSON,COSECHADORAS MF 32,200CV - MF 32 4X2 (24.5-32 / 14.9-24),u$s,27,,,,,,,,,,,,,,90000.0,80000.0,70000.0
08/01/2026,MASSEY FERGUSON,COSECHADORAS MF 32,COSECHADORAS MF 9690 321HP - MF 9690 4x2 (30.5L32/18.4R26),u$s,27,,,,,,,,,234200.0,,,,,,,
08/01/2026,MASSEY FERGUSON,COSECHADORAS MF 32,321HP - MF 9690 4x2 (30.5L32/18.4R26)c/Fieldstar,u$s,27,,,,,,,,,240000.0,,,,,,,
08/01/2026,MASSEY FERGUSON,COSECHADORAS MF 32,321HP - MF 9690 4x4 (30.5L32/18.4R26),u$s,27,,,,,,,,,248900.0,,,,,,,
08/01/2026,MASSEY FERGUSON,COSECHADORAS MF 32,321HP - MF 9690 4x4 (30.5L32/18.4R26)c/Fieldstar,u$s,28,,,,,,,,,257000.0,,,,,,,
08/01/2026,MASSEY FERGUSON,COSECHADORAS MF 32,COSECHADORAS MF 9695 350HP - MF 9695 GRANOS 4X2 FIELDSTAR CON PILOTO Y TELEMETRIA - DRAPER 30 PIES,u$s,28,489560.0,470000.0,451200.0,433100.0,415800.0,399200.0,383200.0,,,,,,,,,
08/01/2026,MASSEY FERGUSON,COSECHADORAS MF 32,350HP - MF 9695 GRANOS 4X2 FIELDSTAR CON PILOTO Y TELEMETRIA - DRAPER 35 PIES,u$s,28,498770.0,478800.0,459700.0,441300.0,423600.0,406700.0,390400.0,,,,,,,,,
08/01/2026,MASSEY FERGUSON,COSECHADORAS MF 32,COSECHADORAS MF 9790 370HP - MF 9790 4X2 30'' USA,u$s,28,,,,,,,,,,,230000.0,220500.0,211000.0,,,
08/01/2026,MASSEY FERGUSON,COSECHADORAS MF 32,370HP - MF 9790 4X4 Duales 30'' USA,u$s,28,,,,,,,,,,,240000.0,233500.0,227000.0,,,
08/01/2026,MASSEY FERGUSON,COSECHADORAS MF 32,370HP - MF 9790 4X4 30'' USA,u$s,28,,,,,,,,,,,245000.0,235000.0,225000.0,,,
08/01/2026,MASSEY FERGUSON,COSECHADORAS MF 32,370HP - MF 9790 4X2 30'' CKD,u$s,28,,,,,,,,,250000.0,237500.0,220000.0,210000.0,200000.0,190000.0,180000.0,
08/01/2026,MASSEY FERGUSON,COSECHADORAS MF 32,370HP - MF 9790 4X4 Duales 30'' CKD,u$s,28,,,,,,,,,267500.0,254100.0,230000.0,220000.0,,,,
08/01/2026,MASSEY FERGUSON,COSECHADORAS MF 32,370HP - MF 9790 4X4 30'' CKD,u$s,28,,,,,,,,,265200.0,251900.0,228000.0,218000.0,,,,
08/01/2026,MASSEY FERGUSON,COSECHADORAS MF 32,370HP - MF 9790 4X2 35'' CKD,u$s,28,,,,,,,,,264200.0,250900.0,,,,,,
08/01/2026,MASSEY FERGUSON,COSECHADORAS MF 32,370HP - MF 9790 4X4 Duales 35'' CKD,u$s,28,,,,,,,,,281300.0,267200.0,,,,,,
08/01/2026,MASSEY FERGUSON,COSECHADORAS MF 32,370HP - MF 9790 4X4 35'' CKD,u$s,28,,,,,,,,,278900.0,265000.0,,,,,,
08/01/2026,MASSEY FERGUSON,COSECHADORAS MF 32,370HP - MF 9790 4X2 35'' CKD CABEZAL DYNAFLEX 9250,u$s,28,,,,,,,,,290700.0,276200.0,,,,,,
08/01/2026,MASSEY FERGUSON,COSECHADORAS MF 32,370HP - MF 9790 4X4 35'' CKD CABEZAL DYNAFLEX 9250,u$s,28,,,,,,,,,305500.0,290200.0,,,,,,
08/01/2026,MASSEY FERGUSON,COSECHADORAS MF 32,370HP - MF 9790 4X4 Duales 35'' CKD CABEZAL DYNAFLEX 9250,u$s,28,,,,,,,,,307800.0,292400.0,,,,,,
08/01/2026,MASSEY FERGUSON,COSECHADORAS MF 32,"370HP - MF 9790 4X2 40"" CKD CABEZAL DE LONA DYNAFLEX 9250",u$s,28,,,,,,,,,296200.0,281400.0,,,,,,
08/01/2026,MASSEY FERGUSON,COSECHADORAS MF 32,370HP - MF 9790 4X4 40'' CKD CABEZAL DE LONA DYNAFLEX 9250,u$s,28,,,,,,,,,311000.0,295400.0,,,,,,
08/01/2026,MASSEY FERGUSON,COSECHADORAS MF 32,370HP - MF 9790 4X4 Duales 40'' CKD CABEZAL DE LONA DYNAFLEX 9250,u$s,28,,,,,,,,,294100.0,279400.0,,,,,,
08/01/2026,MASSEY FERGUSON,COSECHADORAS MF 32,COSECHADORAS MF 9795 410HP - MF 9795 GRANOS 4X4 FIELDSTAR - DRAPER 35 PIES - DUAL,u$s,28,594500.0,570700.0,547900.0,526000.0,504900.0,484700.0,465400.0,,,,,,,,,
08/01/2026,MASSEY FERGUSON,COSECHADORAS MF 32,410HP - MF 9795 GRANOS 4X4 FIELDSTAR CON PILOTO Y TELEMETRIA - DRAPER 35 PIES - DUAL,u$s,29,605430.0,581200.0,558000.0,535600.0,514200.0,493700.0,473900.0,,,,,,,,,
08/01/2026,MASSEY FERGUSON,COSECHADORAS MF 32,410HP - MF 9795 GRANOS 4X4 FIELDSTAR CON PILOTO Y TELEMETRIA - DRAPER 40 PIES - DUAL,u$s,29,658356.0,632000.0,606700.0,582500.0,559200.0,536800.0,515300.0,494700.0,,,,,,,,
08/01/2026,MASSEY FERGUSON,COSECHADORAS MF 32,COSECHADORAS MF 9895 470HP - MF 9895 GRANOS 4X4 FIELDSTAR CON PILOTO Y TELEMETRIA - DRAPER 40 PIES - DUAL,u$s,29,746590.0,716700.0,688100.0,660500.0,634100.0,608700.0,584400.0,561000.0,,,,,,,,
08/01/2026,MASSEY FERGUSON,COSECHADORAS MF 32 > TRACTOR SERIE MF 2600 ARGENTINA (50HP A 95HP),49CV - MF 2615 4X2 7.50- 16/13.6-28 C/3P,u$s,29,26222.0,25200.0,24200.0,23200.0,22300.0,21400.0,20500.0,19700.0,18900.0,,,,,,,
08/01/2026,MASSEY FERGUSON,COSECHADORAS MF 32 > TRACTOR SERIE MF 2600 ARGENTINA (50HP A 95HP),63CV - MF 2625 4X2 7.50- 16/16.9-28 C/3P,u$s,29,31645.0,30400.0,29200.0,28000.0,26900.0,25800.0,24800.0,23800.0,22800.0,,,,,,,
08/01/2026,MASSEY FERGUSON,COSECHADORAS MF 32 > TRACTOR SERIE MF 2600 ARGENTINA (50HP A 95HP),63CV - MF 2625 4X4 9.5- 24/16.9-28 C/3P,u$s,29,37742.0,36200.0,34800.0,33400.0,32100.0,30800.0,29500.0,28400.0,27200.0,,,,,,,
08/01/2026,MASSEY FERGUSON,COSECHADORAS MF 32 > TRACTOR SERIE MF 2600 ARGENTINA (50HP A 95HP),85CV - MF 2640 4X2 9- 16/18.4-30 C/3P,u$s,29,46330.0,44500.0,42700.0,41000.0,39400.0,37800.0,36300.0,34800.0,33400.0,32100.0,30800.0,29600.0,28400.0,27300.0,,
08/01/2026,MASSEY FERGUSON,COSECHADORAS MF 32 > TRACTOR SERIE MF 2600 ARGENTINA (50HP A 95HP),85CV - MF 2640 4X4 12.4- 24/18.4-30 C/3P,u$s,29,53080.0,51000.0,48900.0,47000.0,45100.0,43300.0,41500.0,39900.0,38300.0,36800.0,35300.0,33900.0,32500.0,31200.0,,
08/01/2026,MASSEY FERGUSON,COSECHADORAS MF 32 > TRACTOR SERIE 200 FRUTERO (50HP A 95HP),50HP - MF 240 4x2 (6.00-16 / 12.4-11-28),u$s,29,,,,,,,,,16000.0,14500.0,13000.0,,,,,
08/01/2026,MASSEY FERGUSON,COSECHADORAS MF 32 > TRACTOR SERIE 200 FRUTERO (50HP A 95HP),50CV - MF 262 4x2 (5.50-16 / 12.4-24),u$s,29,,,,,,,,,35500.0,32000.0,28400.0,27000.0,25600.0,24300.0,23000.0,11500.0
08/01/2026,MASSEY FERGUSON,COSECHADORAS MF 32 > TRACTOR SERIE 200 FRUTERO (50HP A 95HP),50CV - MF 262 4x2 (6.00-16 / 14.9-24),u$s,29,,,,,,,,,36000.0,32400.0,28800.0,27300.0,25900.0,24600.0,23300.0,11700.0
08/01/2026,MASSEY FERGUSON,COSECHADORAS MF 32 > TRACTOR SERIE 200 FRUTERO (50HP A 95HP),64HP - MF 262 4x4 (7.00-18 / 12.4-28),u$s,29,,,,,,,,,30700.0,27900.0,25000.0,,,,,
08/01/2026,MASSEY FERGUSON,COSECHADORAS MF 32 > TRACTOR SERIE 200 FRUTERO (50HP A 95HP),71HP - MF 265 4x2 (6.00-16 / 14.9-24),u$s,29,,,,,,,,,26800.0,25000.0,23100.0,21500.0,19900.0,18500.0,17100.0,15900.0
08/01/2026,MASSEY FERGUSON,COSECHADORAS MF 32 > TRACTOR SERIE 200 FRUTERO (50HP A 95HP),73HP - MF 265 4x2 (6.50- 16/18.4-30),u$s,29,,,,,,,,,,,,,18000.0,16500.0,15000.0,
08/01/2026,MASSEY FERGUSON,COSECHADORAS MF 32 > TRACTOR SERIE 200 FRUTERO (50HP A 95HP),73HP - MF 265 4x4 (8.00-18 / 14.9-24),u$s,29,,,,,,,,,,,,,19000.0,18500.0,18000.0,
08/01/2026,MASSEY FERGUSON,COSECHADORAS MF 32 > TRACTOR SERIE 200 FRUTERO (50HP A 95HP),73HP - MF 265 4x4 (12.4-24 / 18.4-30),u$s,29,,,,,,,,,,,,,19000.0,18500.0,18000.0,
08/01/2026,MASSEY FERGUSON,COSECHADORAS MF 32 > TRACTOR SERIE 200 FRUTERO (50HP A 95HP),81HP - MF 275 4x2 (6.00-16 / 14.9-24),u$s,29,44000.0,42200.0,40600.0,38900.0,37400.0,35900.0,34400.0,,33900.0,32200.0,30600.0,29000.0,27600.0,26500.0,25400.0,24400.0
08/01/2026,MASSEY FERGUSON,COSECHADORAS MF 32 > TRACTOR SERIE 200 FRUTERO (50HP A 95HP),81HP - MF 275 4x4 (8.00-18 / 14.9-24),u$s,29,48000.0,46100.0,44200.0,42500.0,40800.0,39100.0,37600.0,,36900.0,35100.0,33300.0,31700.0,30100.0,28900.0,27700.0,26600.0
08/01/2026,MASSEY FERGUSON,COSECHADORAS MF 32 > TRACTOR SERIE 200 FRUTERO (50HP A 95HP),95HP - MF 283 4x2 (7.50-16 / 16.9-24),u$s,29,,,,,,,,,31100.0,29500.0,28000.0,26600.0,25200.0,23900.0,22700.0,21500.0
08/01/2026,MASSEY FERGUSON,COSECHADORAS MF 32 > TRACTOR SERIE 200 FRUTERO (50HP A 95HP),95HP - MF 283 4x2 (6.00-16 / 14.9-28),u$s,29,,,,,,,,,31100.0,29500.0,28000.0,26600.0,25200.0,23900.0,22700.0,21500.0
08/01/2026,MASSEY FERGUSON,COSECHADORAS MF 32 > TRACTOR SERIE 200 FRUTERO (50HP A 95HP),95HP - MF 283 4x4 (250.80- 18 / 14.9-24),u$s,29,53000.0,50900.0,48800.0,46900.0,45000.0,43200.0,41500.0,,38200.0,36600.0,35200.0,33800.0,32400.0,31100.0,29900.0,28700.0
08/01/2026,MASSEY FERGUSON,COSECHADORAS MF 32 > TRACTOR SERIE 200 STANDARD (83HP A 140HP),81HP - MF 275 4x2 (7.50-16 / 18.4-30 - (13.6-38 opc.tras.)),u$s,30,,,,,,,,,47800.0,45400.0,43000.0,40900.0,38700.0,36800.0,34800.0,33100.0
08/01/2026,MASSEY FERGUSON,COSECHADORAS MF 32 > TRACTOR SERIE 200 STANDARD (83HP A 140HP),83HP - MF 275 4x4 (12.4-24 / 18.4-30 - (13.6-38 opc.tras.)),u$s,30,,,,,,,,,54900.0,52100.0,49400.0,46900.0,44400.0,42200.0,40000.0,38000.0
08/01/2026,MASSEY FERGUSON,COSECHADORAS MF 32 > TRACTOR SERIE 200 STANDARD (83HP A 140HP),95HP - MF 283 4x2 (7.50-16 / 18.4-30),u$s,30,,,,,,,,,49700.0,47200.0,44800.0,42500.0,40300.0,38300.0,36300.0,34400.0
08/01/2026,MASSEY FERGUSON,COSECHADORAS MF 32 > TRACTOR SERIE 200 STANDARD (83HP A 140HP),95HP - MF 283 4x2 S/3P (9.00-16 / 18.4-34),u$s,30,,,,,,,,,32600.0,31100.0,29600.0,28100.0,26600.0,25100.0,23600.0,22200.0
08/01/2026,MASSEY FERGUSON,COSECHADORAS MF 32 > TRACTOR SERIE 200 STANDARD (83HP A 140HP),95HP - MF 283 4x2 C/3P (9.00-16 / 18.4-34),u$s,30,,,,,,,,,35600.0,34200.0,32800.0,31400.0,30100.0,28700.0,27200.0,25800.0
08/01/2026,MASSEY FERGUSON,COSECHADORAS MF 32 > TRACTOR SERIE 200 STANDARD (83HP A 140HP),95HP - MF 283 4x4 S/3P (12.4-24 / 18.4-30),u$s,30,,,,,,,,,37100.0,35700.0,34200.0,32800.0,31300.0,29900.0,28400.0,27000.0
08/01/2026,MASSEY FERGUSON,COSECHADORAS MF 32 > TRACTOR SERIE 200 STANDARD (83HP A 140HP),95HP - MF 283 4x4 C/3P (12.4-24 / 18.4-30),u$s,30,,,,,,,,,39400.0,37900.0,36400.0,34900.0,33300.0,31800.0,30300.0,28800.0
08/01/2026,MASSEY FERGUSON,COSECHADORAS MF 32 > TRACTOR SERIE 200 STANDARD (83HP A 140HP),95HP - MF 290 4x2 (9.00-16 / 18.4-34),u$s,30,,,,,,,,,,,,,,,23800.0,22300.0
08/01/2026,MASSEY FERGUSON,COSECHADORAS MF 32 > TRACTOR SERIE 200 STANDARD (83HP A 140HP),95HP - MF 290 4x4 (14.9-24 / 18.4-34),u$s,30,,,,,,,,,,,,,,,25900.0,24200.0
08/01/2026,MASSEY FERGUSON,COSECHADORAS MF 32 > TRACTOR SERIE 200 STANDARD (83HP A 140HP),99HP - MF 290 RA S/3P (14.9-24 / 18.4-34),u$s,30,,,,,,,,,43700.0,42100.0,40500.0,38900.0,37400.0,35800.0,34200.0,32600.0
08/01/2026,MASSEY FERGUSON,COSECHADORAS MF 32 > TRACTOR SERIE 200 STANDARD (83HP A 140HP),99HP - MF 290 RA C/3P (14.9-24 / 18.4-34),u$s,30,,,,,,,,,46000.0,44400.0,42800.0,41200.0,39600.0,38100.0,36500.0,34900.0
08/01/2026,MASSEY FERGUSON,COSECHADORAS MF 32 > TRACTOR SERIE 200 STANDARD (83HP A 140HP),107HP - MF 291 4x2 S/3P (9.00-16 / 18.4-34),u$s,30,,,,,,,,,39100.0,37500.0,35800.0,34200.0,32600.0,31000.0,29400.0,27800.0
08/01/2026,MASSEY FERGUSON,COSECHADORAS MF 32 > TRACTOR SERIE 200 STANDARD (83HP A 140HP),107HP - MF 291 4x2 C/3P (9.00-16 / 18.4-34),u$s,30,,,,,,,,,42100.0,40500.0,38900.0,37200.0,35600.0,34000.0,32300.0,30700.0
08/01/2026,MASSEY FERGUSON,COSECHADORAS MF 32 > TRACTOR SERIE 200 STANDARD (83HP A 140HP),107HP - MF 291 4x4 S/3P (14.9-24 / 18.4-34),u$s,30,,,,,,,,,46100.0,44400.0,42800.0,41100.0,39500.0,37800.0,36200.0,34500.0
08/01/2026,MASSEY FERGUSON,COSECHADORAS MF 32 > TRACTOR SERIE 200 STANDARD (83HP A 140HP),107HP - MF 291 4x4 C/3P (14.9-24 / 18.4-34),u$s,30,,,,,,,,,48500.0,46800.0,45100.0,43400.0,41800.0,40100.0,38400.0,36800.0
08/01/2026,MASSEY FERGUSON,COSECHADORAS MF 32 > TRACTOR SERIE 200 STANDARD (83HP A 140HP),107HP - MF 291 4x4 C/3P (14.9-26 / 23.1-30),u$s,30,,,,,,,,,49200.0,47600.0,46000.0,44400.0,42800.0,41200.0,39600.0,38000.0
08/01/2026,MASSEY FERGUSON,COSECHADORAS MF 32 > TRACTOR SERIE 200 STANDARD (83HP A 140HP),112HP - MF 292 L 4x2 S/3P (9.00-16 / 18.4-34),u$s,30,,,,,,,,,,,,,,,18200.0,17100.0
08/01/2026,MASSEY FERGUSON,COSECHADORAS MF 32 > TRACTOR SERIE 200 STANDARD (83HP A 140HP),112HP - MF 292 L 4x2 C/3P (9.00-16 / 18.4-34),u$s,30,,,,,,,,,,,,,,,19400.0,18200.0
08/01/2026,MASSEY FERGUSON,COSECHADORAS MF 32 > TRACTOR SERIE 200 STANDARD (83HP A 140HP),112HP - MF 292 4x2 S/3P (9.00-16 / 18.4-34),u$s,30,,,,,,,,,,,35700.0,33200.0,30700.0,28500.0,26400.0,24500.0
08/01/2026,MASSEY FERGUSON,COSECHADORAS MF 32 > TRACTOR SERIE 200 STANDARD (83HP A 140HP),112HP - MF 292 4x2 C/3P (9.00-16 / 18.4-34),u$s,30,,,,,,,,,,,38900.0,36200.0,33400.0,31100.0,28800.0,26700.0
08/01/2026,MASSEY FERGUSON,COSECHADORAS MF 32 > TRACTOR SERIE 200 STANDARD (83HP A 140HP),112HP - MF 292 4x2 S/3P (10.00-16 / 23.1-30),u$s,30,,,,,,,,,,,28700.0,26700.0,24700.0,23000.0,21200.0,19800.0
08/01/2026,MASSEY FERGUSON,COSECHADORAS MF 32 > TRACTOR SERIE 200 STANDARD (83HP A 140HP),112HP - MF 292 4x2 C/3P (10.00-16 / 23.1-30),u$s,30,,,,,,,,,,,39900.0,37100.0,34300.0,31900.0,29500.0,27400.0
08/01/2026,MASSEY FERGUSON,COSECHADORAS MF 32 > TRACTOR SERIE 200 STANDARD (83HP A 140HP),112HP - MF 292 4x2 S/3P (10.00-16 / 18.4-38),u$s,30,,,,,,,,,,,29400.0,27400.0,25300.0,23500.0,21800.0,20200.0
08/01/2026,MASSEY FERGUSON,COSECHADORAS MF 32 > TRACTOR SERIE 200 STANDARD (83HP A 140HP),112HP - MF 292 4x2 C/3P (10.00-16 / 18.4-38),u$s,30,,,,,,,,,,,40400.0,37600.0,34800.0,32300.0,29900.0,27800.0
08/01/2026,MASSEY FERGUSON,COSECHADORAS MF 32 > TRACTOR SERIE 200 STANDARD (83HP A 140HP),112HP - MF 292 4x4 S/3P (14.9-24 / 18.4-34),u$s,31,,,,,,,,,66500.0,63200.0,59800.0,56900.0,53900.0,51200.0,48500.0,46100.0
08/01/2026,MASSEY FERGUSON,COSECHADORAS MF 32 > TRACTOR SERIE 200 STANDARD (83HP A 140HP),112HP - MF 292 4x4 C/3P (14.9-24 / 18.4-34),u$s,31,,,,,,,,,69900.0,66500.0,63000.0,59800.0,56700.0,53800.0,51000.0,48400.0
08/01/2026,MASSEY FERGUSON,COSECHADORAS MF 32 > TRACTOR SERIE 200 STANDARD (83HP A 140HP),112HP - MF 292 4x4 S/3P (14.9-26 / 23.1-30),u$s,31,,,,,,,,,67400.0,64000.0,60600.0,57600.0,54600.0,51800.0,49100.0,46600.0
08/01/2026,MASSEY FERGUSON,COSECHADORAS MF 32 > TRACTOR SERIE 200 STANDARD (83HP A 140HP),112HP - MF 292 4x4 C/3P (14.9-26 / 23.1-30),u$s,31,,,,,,,,,71100.0,67500.0,64000.0,60800.0,57600.0,54700.0,51800.0,49200.0
08/01/2026,MASSEY FERGUSON,COSECHADORAS MF 32 > TRACTOR SERIE 200 STANDARD (83HP A 140HP),112HP - MF 292 4x4 S/3P (14.9-26 / 18.4-38),u$s,31,,,,,,,,,68800.0,65300.0,61900.0,58800.0,55700.0,52900.0,50100.0,47600.0
08/01/2026,MASSEY FERGUSON,COSECHADORAS MF 32 > TRACTOR SERIE 200 STANDARD (83HP A 140HP),112HP - MF 292 4x4 C/3P (14.9-26 / 18.4-38),u$s,31,,,,,,,,,72500.0,68900.0,65300.0,62000.0,58800.0,55800.0,52900.0,50200.0
08/01/2026,MASSEY FERGUSON,COSECHADORAS MF 32 > TRACTOR SERIE 200 STANDARD (83HP A 140HP),129HP - MF 297 L 4x2 S/3P (10.00-16 / 18.4-38),u$s,31,,,,,,,,,,,,,,,20200.0,19100.0
08/01/2026,MASSEY FERGUSON,COSECHADORAS MF 32 > TRACTOR SERIE 200 STANDARD (83HP A 140HP),129HP - MF 297 L 4x2 C/3P (10.00-16 / 18.4-38),u$s,31,,,,,,,,,,,,,,,22600.0,21300.0
08/01/2026,MASSEY FERGUSON,COSECHADORAS MF 32 > TRACTOR SERIE 200 STANDARD (83HP A 140HP),129HP - MF 297 L 4x2 S/3P (10.00-16 / 23.1-30),u$s,31,,,,,,,,,,,,,,,20900.0,19900.0
08/01/2026,MASSEY FERGUSON,COSECHADORAS MF 32 > TRACTOR SERIE 200 STANDARD (83HP A 140HP),129HP - MF 297 L 4x2 C/3P (10.00-16 / 23.1-30),u$s,31,,,,,,,,,,,,,,,22800.0,21500.0
08/01/2026,MASSEY FERGUSON,COSECHADORAS MF 32 > TRACTOR SERIE 200 STANDARD (83HP A 140HP),129HP - MF 297 4x2 S/3P (10.00-16 / 23.1-30),u$s,31,,,,,,,,,,,30400.0,28300.0,26200.0,24300.0,22500.0,20900.0
08/01/2026,MASSEY FERGUSON,COSECHADORAS MF 32 > TRACTOR SERIE 200 STANDARD (83HP A 140HP),129HP - MF 297 4x2 C/3P (10.00-16 / 23.1-30),u$s,31,,,,,,,,,,,33200.0,30900.0,28500.0,26600.0,24600.0,22800.0
08/01/2026,MASSEY FERGUSON,COSECHADORAS MF 32 > TRACTOR SERIE 200 STANDARD (83HP A 140HP),129HP - MF 297 4x2 S/3P (10.00-16 / 18.4-38),u$s,31,,,,,,,,,,,31300.0,29100.0,26900.0,25000.0,23200.0,21500.0
08/01/2026,MASSEY FERGUSON,COSECHADORAS MF 32 > TRACTOR SERIE 200 STANDARD (83HP A 140HP),129HP - MF 297 4x2 C/3P (10.00-16 / 18.4-38),u$s,31,,,,,,,,,,,33700.0,31400.0,29000.0,27000.0,24900.0,23200.0
08/01/2026,MASSEY FERGUSON,COSECHADORAS MF 32 > TRACTOR SERIE 200 STANDARD (83HP A 140HP),129HP - MF 297 4x4 S/3P (14.9-26 / 23.1-30),u$s,31,,,,,,,,,74400.0,70700.0,67000.0,63600.0,60300.0,57200.0,54200.0,51500.0
08/01/2026,MASSEY FERGUSON,COSECHADORAS MF 32 > TRACTOR SERIE 200 STANDARD (83HP A 140HP),129HP - MF 297 4x4 C/3P (14.9-26 / 23.1-30),u$s,31,,,,,,,,,80100.0,76100.0,72100.0,68500.0,64900.0,61700.0,58400.0,55500.0
08/01/2026,MASSEY FERGUSON,COSECHADORAS MF 32 > TRACTOR SERIE 200 STANDARD (83HP A 140HP),129HP - MF 297 4x4 S/3P (14.9-26 / 18.4-38),u$s,31,,,,,,,,,76000.0,72200.0,68400.0,65000.0,61600.0,58500.0,55400.0,52700.0
08/01/2026,MASSEY FERGUSON,COSECHADORAS MF 32 > TRACTOR SERIE 200 STANDARD (83HP A 140HP),129HP - MF 297 4x4 C/3P (14.9-26 / 18.4-38),u$s,31,,,,,,,,,81800.0,77700.0,73600.0,69900.0,66200.0,62900.0,59600.0,56600.0
08/01/2026,MASSEY FERGUSON,COSECHADORAS MF 32 > TRACTOR SERIE 200 STANDARD (83HP A 140HP),150HP - MF 299 4x4 S/3P (14.9-26 / 23.1-30),u$s,31,,,,,,,,,85500.0,81300.0,77000.0,73100.0,69300.0,65800.0,62400.0,59200.0
08/01/2026,MASSEY FERGUSON,COSECHADORAS MF 32 > TRACTOR SERIE 200 STANDARD (83HP A 140HP),150HP - MF 299 4x4 C/3P (14.9-26 / 23.1-30),u$s,31,,,,,,,,,91400.0,86900.0,82300.0,78200.0,74100.0,70400.0,66700.0,63300.0
08/01/2026,MASSEY FERGUSON,COSECHADORAS MF 32 > TRACTOR SERIE 4200 STANDARD (83HP A 140HP),81HP - MF 4275 FRUTERO 4X2 6.00-16/14.9-24 C/3P,u$s,31,44034.0,42300.0,40600.0,39000.0,37400.0,35900.0,34500.0,,,,,,,,,
08/01/2026,MASSEY FERGUSON,COSECHADORAS MF 32 > TRACTOR SERIE 4200 STANDARD (83HP A 140HP),81HP - MF 4275 FRUTERO 4X4 250.80-18/14.9-24 C/3P,u$s,31,48454.0,46500.0,44700.0,42900.0,41200.0,39500.0,37900.0,,,,,,,,,
08/01/2026,MASSEY FERGUSON,COSECHADORAS MF 32 > TRACTOR SERIE 4200 STANDARD (83HP A 140HP),92HP - MF 4283 FRUTERO 4X4 250.80-18/14.9-24 C/3P CREEPER,u$s,31,53422.0,51300.0,49200.0,47300.0,45400.0,43600.0,41800.0,,,,,,,,,
08/01/2026,MASSEY FERGUSON,COSECHADORAS MF 32 > TRACTOR SERIE 4200 STANDARD (83HP A 140HP),92HP - MF 4283 FRUTERO 4X4 250.80-18/16.9-24 C/3P CREEPER,u$s,31,63413.0,60900.0,58400.0,56100.0,53900.0,51700.0,49600.0,47700.0,45700.0,,,,,,,
08/01/2026,MASSEY FERGUSON,COSECHADORAS MF 32 > TRACTOR SERIE 4200 STANDARD (83HP A 140HP),81 HP - MF 4275 4x2 C/3P (7.50-16 / 18.4-30 Opc. 13.6- 38),u$s,32,46963.0,45100.0,43300.0,41600.0,39900.0,38300.0,36800.0,35300.0,33900.0,,,,,,,
08/01/2026,MASSEY FERGUSON,COSECHADORAS MF 32 > TRACTOR SERIE 4200 STANDARD (83HP A 140HP),81 HP - MF 4275 4x4 C/3P (12.4-24 / 18.4-30 Opc. 13.6- 38),u$s,32,59300.0,56900.0,54700.0,52500.0,50400.0,48400.0,46400.0,44600.0,42800.0,,,,,,,
08/01/2026,MASSEY FERGUSON,TRACTOR SERIE 4200 STANDARD (83HP A 140HP),92 HP - MF 4283 4X2 S/3P (9.00-16 / 18.4-34 Opc. 13.6- 38),u$s,33,,,,,,,,,43000.0,,,,,,,
08/01/2026,MASSEY FERGUSON,TRACTOR SERIE 4200 STANDARD (83HP A 140HP),92 HP - MF 4283 4X2 C/3P (7.50-16 / 18.4-30 Opc. 13.6- 38),u$s,33,53593.0,51400.0,49400.0,47400.0,45500.0,43700.0,42000.0,40300.0,38700.0,,,,,,,
08/01/2026,MASSEY FERGUSON,TRACTOR SERIE 4200 STANDARD (83HP A 140HP),92 HP - MF 4283 4X2 C/3P (9.00-16 / 18.4-34 Opc. 13.6- 38),u$s,33,54145.0,52000.0,49900.0,47900.0,46000.0,44100.0,42400.0,40700.0,39100.0,,,,,,,
08/01/2026,MASSEY FERGUSON,TRACTOR SERIE 4200 STANDARD (83HP A 140HP),92 HP - MF 4283 4X4 S/3P (12.4-24 / 18.4-30 Opc. 13.6- 38),u$s,33,61800.0,59300.0,57000.0,54700.0,52500.0,50400.0,48400.0,46400.0,44600.0,,,,,,,
08/01/2026,MASSEY FERGUSON,TRACTOR SERIE 4200 STANDARD (83HP A 140HP),92 HP - MF 4283 4X4 C/3P (12.4-24 / 18.4-30 Opc. 13.6- 38),u$s,33,56355.0,54100.0,51900.0,49900.0,47900.0,46000.0,44100.0,42300.0,40700.0,,,,,,,
08/01/2026,MASSEY FERGUSON,TRACTOR SERIE 4200 STANDARD (83HP A 140HP),105 HP - MF 4291 4X2 S/3P (9.00-16 / 18.4-34),u$s,33,,,,,,,,,44000.0,,,,,,,
08/01/2026,MASSEY FERGUSON,TRACTOR SERIE 4200 STANDARD (83HP A 140HP),105 HP - MF 4291 4X2 C/3P (9.00-16 / 18.4-34),u$s,33,,,,,,,,,45000.0,,,,,,,
08/01/2026,MASSEY FERGUSON,TRACTOR SERIE 4200 STANDARD (83HP A 140HP),102 HP - MF 4291 4X4 S/3P (14.9-24 / 18.4-34),u$s,33,,,,,,,,,46000.0,,,,,,,
08/01/2026,MASSEY FERGUSON,TRACTOR SERIE 4200 STANDARD (83HP A 140HP),105 HP - MF 4291 4X4 C/3P (14.9-24 / 18.4-34),u$s,33,,,,,,,,,47000.0,,,,,,,
08/01/2026,MASSEY FERGUSON,TRACTOR SERIE 4200 STANDARD (83HP A 140HP),105 HP - MF 4291 4X4 C/3P (14.9-26 / 23.1-30),u$s,33,,,,,,,51500.0,49500.0,47500.0,,,,,,,
08/01/2026,MASSEY FERGUSON,TRACTOR SERIE 4200 STANDARD (83HP A 140HP),117 HP - MF 4292 4X4 S/3P (14.9-24 / 18.4-34),u$s,34,65817.0,63200.0,60700.0,58200.0,55900.0,53700.0,51500.0,49500.0,47500.0,,,,,,,
08/01/2026,MASSEY FERGUSON,TRACTOR SERIE 4200 STANDARD (83HP A 140HP),117HP - MF 4292 4X4 14.9-24/18.4-34 Rev.Automática,u$s,34,,,,,,,52200.0,50100.0,48100.0,,,,,,,
08/01/2026,MASSEY FERGUSON,TRACTOR SERIE 4200 STANDARD (83HP A 140HP),117 HP - MF 4292 4X4 S/3P (14.9-26 / 23.1-30),u$s,34,66659.0,64000.0,61400.0,59000.0,56600.0,54400.0,52200.0,50100.0,48100.0,,,,,,,
08/01/2026,MASSEY FERGUSON,TRACTOR SERIE 4200 STANDARD (83HP A 140HP),112 HP - MF 4292 4X4 S/3P (14.9-26 / 18.4-38),u$s,34,68049.0,65300.0,62700.0,60200.0,57800.0,55500.0,53300.0,51100.0,49100.0,,,,,,,
08/01/2026,MASSEY FERGUSON,TRACTOR SERIE 4200 STANDARD (83HP A 140HP),112 HP - MF 4292 4X4 C/3P (14.9-24 / 18.4-34),u$s,34,69230.0,66500.0,63800.0,61300.0,58800.0,56400.0,54200.0,52000.0,49900.0,,,,,,,
08/01/2026,MASSEY FERGUSON,TRACTOR SERIE 4200 STANDARD (83HP A 140HP),117 HP - MF 4292 4X4 C/3P (14.9-26 / 23.1-30),u$s,34,70346.0,67500.0,64800.0,62200.0,59700.0,57400.0,55100.0,52900.0,50700.0,,,,,,,
08/01/2026,MASSEY FERGUSON,TRACTOR SERIE 4200 STANDARD (83HP A 140HP),117 HP - MF 4292 4X4 C/3P (14.9-26 / 18.4-38),u$s,34,71801.0,68900.0,66200.0,63500.0,61000.0,58500.0,56200.0,54000.0,51800.0,,,,,,,
08/01/2026,MASSEY FERGUSON,TRACTOR SERIE 4200 STANDARD (83HP A 140HP),117HP - MF 4292 4X4 14.9-26/23.1-30 C/Cab.ORIGINAL FULL,u$s,34,79783.0,76600.0,73500.0,70600.0,67800.0,65100.0,62500.0,60000.0,57600.0,,,,,,,
08/01/2026,MASSEY FERGUSON,TRACTOR SERIE 4200 STANDARD (83HP A 140HP),129 HP - MF 4297 4X2 S/3P (10.00-16 / 23.1-30),u$s,34,,,,,,,,,59100.0,,,,,,,
08/01/2026,MASSEY FERGUSON,TRACTOR SERIE 4200 STANDARD (83HP A 140HP),129 HP - MF 4297 4X2 S/3P (10.00-16 / 18.4-38),u$s,34,,,,,,,,,53600.0,,,,,,,
08/01/2026,MASSEY FERGUSON,TRACTOR SERIE 4200 STANDARD (83HP A 140HP),129 HP - MF 4297 4X2 C/3P (10.00-16 / 23.1-30),u$s,34,,,,,,,,,54700.0,,,,,,,
08/01/2026,MASSEY FERGUSON,TRACTOR SERIE 4200 STANDARD (83HP A 140HP),129 HP - MF 4297 4X2 C/3P (10.00-16 / 18.4-38),u$s,34,,,,,,,,,57700.0,,,,,,,
08/01/2026,MASSEY FERGUSON,TRACTOR SERIE 4200 STANDARD (83HP A 140HP),129 HP - MF 4297 4X4 S/3P (14.9-26 / 18.4-38),u$s,34,81920.0,78600.0,75500.0,72500.0,69600.0,66800.0,64100.0,61600.0,59100.0,,,,,,,
08/01/2026,MASSEY FERGUSON,TRACTOR SERIE 4200 STANDARD (83HP A 140HP),129 HP - MF 4297 4X4 S/3P (14.9-26 / 23.1-30),u$s,34,74245.0,71300.0,68400.0,65700.0,63100.0,60500.0,58100.0,55800.0,53600.0,,,,,,,
08/01/2026,MASSEY FERGUSON,TRACTOR SERIE 4200 STANDARD (83HP A 140HP),129 HP - MF 4297 4X4 C/3P (14.9-26 / 18.4-38),u$s,34,75877.0,72800.0,69900.0,67100.0,64400.0,61900.0,59400.0,57000.0,54700.0,,,,,,,
08/01/2026,MASSEY FERGUSON,TRACTOR SERIE 4200 STANDARD (83HP A 140HP),129 HP - MF 4297 4X4 C/3P (14.9-26 / 23.1-30),u$s,34,79980.0,76800.0,73700.0,70800.0,67900.0,65200.0,62600.0,60100.0,57700.0,,,,,,,
08/01/2026,MASSEY FERGUSON,TRACTOR SERIE 4200 STANDARD (83HP A 140HP),129HP - MF 4297 4X4 14.9-26/23.1-30 C/CAB.ORIGINAL FULL,u$s,34,86377.0,82900.0,79600.0,76400.0,73400.0,70400.0,67600.0,,,,,,,,,
08/01/2026,MASSEY FERGUSON,TRACTOR SERIE 4200 STANDARD (83HP A 140HP),140 HP - MF 4299 4X4 S/3P (14.9-26 / 23.1-30),u$s,35,86675.0,83200.0,79900.0,76700.0,73600.0,70700.0,67800.0,65100.0,62500.0,,,,,,,
08/01/2026,MASSEY FERGUSON,TRACTOR SERIE 4200 STANDARD (83HP A 140HP),140 HP - MF 4299 4X4 S/3P (14.9-26 / 18.4/38),u$s,35,,,,,,70600.0,67800.0,65100.0,62500.0,,,,,,,
08/01/2026,MASSEY FERGUSON,TRACTOR SERIE 4200 STANDARD (83HP A 140HP),140 HP - MF 4299 4X4 C/3P (14.9-26 / 23.1-30),u$s,35,86575.0,83100.0,79800.0,76600.0,73500.0,70600.0,67800.0,65100.0,62500.0,,,,,,,
08/01/2026,MASSEY FERGUSON,TRACTOR SERIE 4200 STANDARD (83HP A 140HP),140 HP - MF 4299 4X4 C/3P (14.9-26 / 18.4-38),u$s,35,87843.0,84300.0,81000.0,77700.0,74600.0,71600.0,68800.0,66000.0,63400.0,,,,,,,
08/01/2026,MASSEY FERGUSON,TRACTOR SERIE 4200 STANDARD (83HP A 140HP),140HP - MF 4299 4X4 14.9-28/24.5-32 C/CAB.ORIGINAL FULL,u$s,35,90755.0,87100.0,83600.0,80300.0,77100.0,74000.0,71000.0,,,,,,,,,
08/01/2026,MASSEY FERGUSON,TRACTOR SERIE 4200 STANDARD (83HP A 140HP),140HP - MF 4299 4X4 14.9-26/18.4-38 C/CAB.ORIGINAL FULL,u$s,35,87843.0,84300.0,81000.0,77700.0,74600.0,71600.0,68800.0,,,,,,,,,
08/01/2026,MASSEY FERGUSON,TRACTOR SERIE 4200 STANDARD (83HP A 140HP) > TRACTOR SERIE 600 STANDARD (129HP A 184HP),129HP - MF 630 S/3P (14.9-26 / 23.1- 30),u$s,35,,,,,,,,,,,,,40300.0,37400.0,34600.0,
08/01/2026,MASSEY FERGUSON,TRACTOR SERIE 4200 STANDARD (83HP A 140HP) > TRACTOR SERIE 600 STANDARD (129HP A 184HP),129HP - MF 630 C/3P (14.9-26 / 23.1- 30),u$s,35,,,,,,,,,,,,,44800.0,41700.0,38600.0,
08/01/2026,MASSEY FERGUSON,TRACTOR SERIE 4200 STANDARD (83HP A 140HP) > TRACTOR SERIE 600 STANDARD (129HP A 184HP),129HP - MF 630 S/3P Cab. (14.9-26 / 23.1-30),u$s,35,,,,,,,,,,,,,48900.0,45500.0,42100.0,
08/01/2026,MASSEY FERGUSON,TRACTOR SERIE 4200 STANDARD (83HP A 140HP) > TRACTOR SERIE 600 STANDARD (129HP A 184HP),129HP - MF 630 C/3P Cab. (14.9-26 / 23.1-30),u$s,35,,,,,,,,,,,,,53600.0,49900.0,46100.0,
08/01/2026,MASSEY FERGUSON,TRACTOR SERIE 4200 STANDARD (83HP A 140HP) > TRACTOR SERIE 600 STANDARD (129HP A 184HP),150HP - MF 650 S/3P (14.9-26 / 23.1- 28),u$s,35,,,,,,,,,,,,,,,34400.0,32300.0
08/01/2026,MASSEY FERGUSON,TRACTOR SERIE 4200 STANDARD (83HP A 140HP) > TRACTOR SERIE 600 STANDARD (129HP A 184HP),150HP - MF 650 C/3P (14.9R26 / 23.1R28),u$s,35,,,,,,,,,,,,,,,37400.0,35200.0
08/01/2026,MASSEY FERGUSON,TRACTOR SERIE 4200 STANDARD (83HP A 140HP) > TRACTOR SERIE 600 STANDARD (129HP A 184HP),150HP - MF 650 S/3P Cab. (14.9-26 / 23.1-28),u$s,35,,,,,,,,,,,,,,,39000.0,36700.0
08/01/2026,MASSEY FERGUSON,TRACTOR SERIE 4200 STANDARD (83HP A 140HP) > TRACTOR SERIE 600 STANDARD (129HP A 184HP),150HP - MF 650 C/3P Cab. (14.9-26 / 23.1-28),u$s,35,,,,,,,,,,,,,,,42000.0,39500.0
08/01/2026,MASSEY FERGUSON,TRACTOR SERIE 4200 STANDARD (83HP A 140HP) > TRACTOR SERIE 600 STANDARD (129HP A 184HP),150HP - MF 650 S/3P (14.9-26 / 18.4- 36),u$s,35,,,,,,,,,,,,,,,35400.0,33300.0
08/01/2026,MASSEY FERGUSON,TRACTOR SERIE 4200 STANDARD (83HP A 140HP) > TRACTOR SERIE 600 STANDARD (129HP A 184HP),150HP - MF 650 C/3P (14.9-26 / 18.4- 36),u$s,35,,,,,,,,,,,,,,,38500.0,36200.0
08/01/2026,MASSEY FERGUSON,TRACTOR SERIE 4200 STANDARD (83HP A 140HP) > TRACTOR SERIE 600 STANDARD (129HP A 184HP),150HP - MF 650 S/3P Cab. (14.9-26 / 18.4-36),u$s,36,,,,,,,,,,,,,,,40000.0,37600.0
08/01/2026,MASSEY FERGUSON,TRACTOR SERIE 4200 STANDARD (83HP A 140HP) > TRACTOR SERIE 600 STANDARD (129HP A 184HP),150HP - MF 650 S/3P Cab. (14.9-26 / 18.4-36),u$s,36,,,,,,,,,,,,,,,43000.0,40400.0
08/01/2026,MASSEY FERGUSON,TRACTOR SERIE 4200 STANDARD (83HP A 140HP) > TRACTOR SERIE 600 STANDARD (129HP A 184HP),150HP - MF 650 S/3P (14.9-28 / 24.5- 32),u$s,36,,,,,,,,,,,,,37300.0,35000.0,32900.0,31000.0
08/01/2026,MASSEY FERGUSON,TRACTOR SERIE 4200 STANDARD (83HP A 140HP) > TRACTOR SERIE 600 STANDARD (129HP A 184HP),150HP - MF 650 C/3P (14.9-28 / 24.5- 32),u$s,36,,,,,,,,,,,,,40900.0,38500.0,36200.0,34000.0
08/01/2026,MASSEY FERGUSON,TRACTOR SERIE 4200 STANDARD (83HP A 140HP) > TRACTOR SERIE 600 STANDARD (129HP A 184HP),150HP - MF 650 S/3P Cab. (14.9-28 / 24.5-32),u$s,36,,,,,,,,,,,,,43600.0,41000.0,38600.0,36000.0
08/01/2026,MASSEY FERGUSON,TRACTOR SERIE 4200 STANDARD (83HP A 140HP) > TRACTOR SERIE 600 STANDARD (129HP A 184HP),150HP - MF 650 C/3P Cab. (14.9-28 / 24.5-32),u$s,36,,,,,,,,,,,,,47300.0,41800.0,39300.0,37000.0
08/01/2026,MASSEY FERGUSON,TRACTOR SERIE 4200 STANDARD (83HP A 140HP) > TRACTOR SERIE 600 STANDARD (129HP A 184HP),159HP - MF 660 S/3P (18.4-26 / 24.5- 32),u$s,36,,,,,,,,,,,,,45500.0,42700.0,40200.0,37800.0
08/01/2026,MASSEY FERGUSON,TRACTOR SERIE 4200 STANDARD (83HP A 140HP) > TRACTOR SERIE 600 STANDARD (129HP A 184HP),159HP - MF 660 C/3P (18.4-26 / 24.5- 32),u$s,36,,,,,,,,,,,,,49500.0,46500.0,43700.0,41100.0
08/01/2026,MASSEY FERGUSON,TRACTOR SERIE 4200 STANDARD (83HP A 140HP) > TRACTOR SERIE 600 STANDARD (129HP A 184HP),159HP - MF 660 S/3P Cab. (18.4-26 / 24.5-32),u$s,36,,,,,,,,,,,,,51100.0,48000.0,45100.0,42500.0
08/01/2026,MASSEY FERGUSON,TRACTOR SERIE 4200 STANDARD (83HP A 140HP) > TRACTOR SERIE 600 STANDARD (129HP A 184HP),159HP - MF 660 C/3P Cab. (18.4-26 / 24.5-32),u$s,36,,,,,,,,,,,,,55400.0,52000.0,49000.0,46000.0
08/01/2026,MASSEY FERGUSON,TRACTOR SERIE 4200 STANDARD (83HP A 140HP) > TRACTOR SERIE 600 STANDARD (129HP A 184HP),184HP - MF 680 S/3P (18.4-26 / 24.5- 32),u$s,36,,,,,,,,,,,,,48100.0,45200.0,42500.0,40000.0
08/01/2026,MASSEY FERGUSON,TRACTOR SERIE 4200 STANDARD (83HP A 140HP) > TRACTOR SERIE 600 STANDARD (129HP A 184HP),184HP - MF 680 C/3P (18.4-26 / 24.5- 32),u$s,36,,,,,,,,,,,,,52000.0,49000.0,46000.0,43200.0
08/01/2026,MASSEY FERGUSON,TRACTOR SERIE 4200 STANDARD (83HP A 140HP) > TRACTOR SERIE 600 STANDARD (129HP A 184HP),184HP - MF 680 S/3P Cab. (18.4-26 / 24.5-32),u$s,36,,,,,,,,,,,,,54100.0,50000.0,47800.0,45000.0
08/01/2026,MASSEY FERGUSON,TRACTOR SERIE 4200 STANDARD (83HP A 140HP) > TRACTOR SERIE 600 STANDARD (129HP A 184HP),184HP - MF 680 C/3P Cab. (18.4-26 / 24.5-32),u$s,36,,,,,,,,,,,,,58300.0,54700.0,51400.0,48500.0
08/01/2026,MASSEY FERGUSON,TRACTOR SERIE 4200 STANDARD (83HP A 140HP) > TRACTOR SERIE 7100 (149HP A 192HP),149HP - MF 7140 S/3P (16.9-28 / 24.5- 32),u$s,36,,,,,,,,,83600.0,,,,65300.0,61400.0,58000.0,54200.0
08/01/2026,MASSEY FERGUSON,TRACTOR SERIE 4200 STANDARD (83HP A 140HP) > TRACTOR SERIE 7100 (149HP A 192HP),149HP - MF 7140 C/3P (16.9-28 / 24.5- 32),u$s,36,,,,,,,,,85000.0,,,,,,,
08/01/2026,MASSEY FERGUSON,TRACTOR SERIE 4200 STANDARD (83HP A 140HP) > TRACTOR SERIE 7100 (149HP A 192HP),149HP - MF 7140 S/3P Cab. (16.9-28 / 24.5-32),u$s,36,,,,,,,,,87000.0,,,,,,,
08/01/2026,MASSEY FERGUSON,TRACTOR SERIE 4200 STANDARD (83HP A 140HP) > TRACTOR SERIE 7100 (149HP A 192HP),149HP - MF 7140 C/3P Cab. (16.9-28 / 24.5-32),u$s,37,,,,,,,,,92000.0,,,,,,,
08/01/2026,MASSEY FERGUSON,TRACTOR SERIE 4200 STANDARD (83HP A 140HP) > TRACTOR SERIE 7100 (149HP A 192HP),159HP - MF 7150 S/3P (16.9-28 / 24.5- 32),u$s,37,,,,,,,,,85000.0,,,,,,,
08/01/2026,MASSEY FERGUSON,TRACTOR SERIE 4200 STANDARD (83HP A 140HP) > TRACTOR SERIE 7100 (149HP A 192HP),159HP - MF 7150 C/3P (18.4-26 / 24.5- 32),u$s,37,,,,,,,,,90000.0,,,,,,,
08/01/2026,MASSEY FERGUSON,TRACTOR SERIE 4200 STANDARD (83HP A 140HP) > TRACTOR SERIE 7100 (149HP A 192HP),159HP - MF 7150 S/3P Cab. (18.4-26 / 24.5-32),u$s,37,,,,,,,,,92000.0,,,,,,,
08/01/2026,MASSEY FERGUSON,TRACTOR SERIE 4200 STANDARD (83HP A 140HP) > TRACTOR SERIE 7100 (149HP A 192HP),159HP - MF 7150 C/3P Cab. (18.4-26 / 24.5-32),u$s,37,,,,,,,,,97000.0,,,,,,,
08/01/2026,MASSEY FERGUSON,TRACTOR SERIE 4200 STANDARD (83HP A 140HP) > TRACTOR SERIE 7100 (149HP A 192HP),180HP - MF 7170 S/3P (18.4-26 / 24.5- 32),u$s,37,,,,,,,,,90000.0,,,,,,,
08/01/2026,MASSEY FERGUSON,TRACTOR SERIE 4200 STANDARD (83HP A 140HP) > TRACTOR SERIE 7100 (149HP A 192HP),180HP - MF 7170 C/3P (18.4-26 / 24.5- 32),u$s,37,,,,,,,,,95000.0,,,,,,,
08/01/2026,MASSEY FERGUSON,TRACTOR SERIE 4200 STANDARD (83HP A 140HP) > TRACTOR SERIE 7100 (149HP A 192HP),180HP - MF 7170 S/3P Cab. (18.4-26 / 24.5-32),u$s,37,,,,,,,,,97000.0,,,,,,,
08/01/2026,MASSEY FERGUSON,TRACTOR SERIE 4200 STANDARD (83HP A 140HP) > TRACTOR SERIE 7100 (149HP A 192HP),180HP - MF 7170 C/3P Cab. (18.4-26 / 24.5-32),u$s,37,,,,,,,,,102000.0,,,,,,,
08/01/2026,MASSEY FERGUSON,TRACTOR SERIE 4200 STANDARD (83HP A 140HP) > TRACTOR SERIE 7100 (149HP A 192HP),190HP - MF 7180 S/3P (18.4-26 / 24.5- 32),u$s,37,,,,,,,,,95000.0,,,,,,,
08/01/2026,MASSEY FERGUSON,TRACTOR SERIE 4200 STANDARD (83HP A 140HP) > TRACTOR SERIE 7100 (149HP A 192HP),190HP - MF 7180 C/3P (18.4-26 / 24.5- 32),u$s,37,,,,,,,,,100000.0,,,,,,,
08/01/2026,MASSEY FERGUSON,TRACTOR SERIE 4200 STANDARD (83HP A 140HP) > TRACTOR SERIE 7100 (149HP A 192HP),190HP - MF 7180 Cab. (18.4-26 / 24.5- 32),u$s,37,,,,,,,,,107000.0,,,,,,,
08/01/2026,MASSEY FERGUSON,TRACTOR SERIE 4200 STANDARD (83HP A 140HP) > TRACTOR SERIE 7100 (149HP A 192HP),190HP - MF 7180 C/3P Cab. (18.4-26 / 24.5-32),u$s,37,,,,,,,,,112000.0,,,,,,,
08/01/2026,MASSEY FERGUSON,TRACTOR SERIE 4200 STANDARD (83HP A 140HP) > TRACTOR SERIE 7100 (149HP A 192HP),190HP - MF 7180 S/3P Cab. (18.4-26 / 24.5-32),u$s,37,,,,,,,,,113500.0,85000.0,76500.0,68900.0,,,,
08/01/2026,MASSEY FERGUSON,TRACTOR SERIE 4200 STANDARD (83HP A 140HP) > TRACTOR SERIE 7100 (149HP A 192HP),190HP - MF 7180 C/3P Cab. (18.4-26 / 24.5-32),u$s,37,,,,,,,,,121000.0,90500.0,81500.0,73300.0,,,,
08/01/2026,MASSEY FERGUSON,TRACTOR SERIE 4200 STANDARD (83HP A 140HP) > TRACTOR SERIE 5000 DYNA 4 (146HP),146HP - MF 5480 (650/60 R 38 - 480/60 R28),u$s,37,,,,,,,,,80900.0,60500.0,54500.0,49000.0,,,,
08/01/2026,MASSEY FERGUSON,TRACTOR SERIE 4200 STANDARD (83HP A 140HP) > TRACTOR SERIE 6400 DYNA 6 (159HP A 229HP),150HP - MF 6475 (480-65R28 / 600- 65R38),u$s,38,,,,,,,,,,,70000.0,52500.0,,,,
08/01/2026,MASSEY FERGUSON,TRACTOR SERIE 4200 STANDARD (83HP A 140HP) > TRACTOR SERIE 6400 DYNA 6 (159HP A 229HP),162HP - MF 6480 (540-65R28 / 680- 65R38),u$s,38,,,,,,,,,,,74600.0,56000.0,50400.0,45300.0,40800.0,
08/01/2026,MASSEY FERGUSON,TRACTOR SERIE 4200 STANDARD (83HP A 140HP) > TRACTOR SERIE 6400 DYNA 6 (159HP A 229HP),197HP - MF 6495 (480-70R30 / 620- 70R42),u$s,38,,,,,,,,,,,87100.0,65300.0,58800.0,52900.0,47600.0,
08/01/2026,MASSEY FERGUSON,TRACTOR SERIE 4200 STANDARD (83HP A 140HP) > TRACTOR SERIE 6400 DYNA 6 (159HP A 229HP),229HP - MF 6499 S/3P (600-65R28 / 710-70R38),u$s,38,,,,,,,,,,,97300.0,73000.0,65700.0,59100.0,53200.0,
08/01/2026,MASSEY FERGUSON,TRACTOR SERIE 4200 STANDARD (83HP A 140HP) > TRACTOR SERIE 6400 DYNA 6 (159HP A 229HP),229HP - MF 6499 C/3P (600-65R28 / 710-70R38),u$s,38,,,,,,,,,,,106600.0,79900.0,71900.0,64700.0,58300.0,
08/01/2026,MASSEY FERGUSON,TRACTOR SERIE 4200 STANDARD (83HP A 140HP) > TRACTOR SERIE MF 6700,128 HP - MF 6712 4X4 14.9-28 / 18.4- 38 CAB.ORIG. FULL AR AGCOMMAND JOYSTICK TRANS. DYNA4,u$s,38,99340.0,95400.0,91600.0,87900.0,84400.0,81000.0,77800.0,74600.0,,,,,,,,
08/01/2026,MASSEY FERGUSON,TRACTOR SERIE 4200 STANDARD (83HP A 140HP) > TRACTOR SERIE MF 6700,139 HP - MF 6713 4X4 14.9-28/18.4.38 DUAL-AR-LEVANTE 3P. CAB.ORIG.FULL TRANS. DYNA4,u$s,38,108290.0,104000.0,99800.0,95800.0,92000.0,88300.0,84800.0,81400.0,,,,,,,,
08/01/2026,MASSEY FERGUSON,TRACTOR SERIE 4200 STANDARD (83HP A 140HP) > TRACTOR SERIE MF 6700,139 HP - MF 6713 4X4 14.9-26/23.1-30 -LEVANTE 3P. CAB.ORIG.FULL TRANS. DYNA4,u$s,38,108290.0,104000.0,99800.0,95800.0,92000.0,88300.0,84800.0,81400.0,,,,,,,,
08/01/2026,MASSEY FERGUSON,TRACTOR SERIE 4200 STANDARD (83HP A 140HP) > Tractor Serie MF 7000 Argentina,150 CV - MF 7015 4X4 16.9-28 / 24.5- 32 PLATAFORMADO,u$s,38,90930.0,87300.0,83800.0,80400.0,77200.0,74100.0,71200.0,68300.0,,,,,,,,
08/01/2026,MASSEY FERGUSON,TRACTOR SERIE 4200 STANDARD (83HP A 140HP) > Tractor Serie MF 7000 Argentina,150 CV - MF 7015 4X4 14.9-28 / 18.4- 38 DUAL PLATAFORMADO,u$s,38,96124.0,92300.0,88600.0,85000.0,81600.0,78400.0,75200.0,72200.0,,,,,,,,
08/01/2026,MASSEY FERGUSON,TRACTOR SERIE 4200 STANDARD (83HP A 140HP) > Tractor Serie MF 7000 Argentina,150 CV - MF 7015 4X4 16.9-28 / 24.5- 32 CON CABINA ORIGINAL FULL,u$s,38,100735.0,96700.0,92800.0,89100.0,85600.0,82100.0,78900.0,,,,,,,,,
08/01/2026,MASSEY FERGUSON,TRACTOR SERIE 4200 STANDARD (83HP A 140HP) > Tractor Serie MF 7000 Argentina,175 CV - MF 7017 4X4 16.9-28 / 24.5- 32 CON CABINA ORIGINAL FULL,u$s,38,108815.0,104500.0,100300.0,96300.0,92400.0,88700.0,85200.0,,,,,,,,,
08/01/2026,MASSEY FERGUSON,TRACTOR SERIE 4200 STANDARD (83HP A 140HP) > Tractor Serie MF 7000 Argentina,175 HP - MF 7017 4X4 14.9-28 / 18.4- 38 DUAL CON CABINA ORIGINAL FULL,u$s,39,113986.0,109400.0,105000.0,100800.0,96800.0,92900.0,89200.0,,,,,,,,,
08/01/2026,MASSEY FERGUSON,TRACTOR SERIE 4200 STANDARD (83HP A 140HP) > Tractor Serie MF 7000 Argentina,190 CV - MF 7019 4X4 16.9-30 / 30.5- 32 CON CABINA ORIGINAL FULL,u$s,39,117218.0,112500.0,108000.0,103700.0,99600.0,95600.0,91800.0,,,,,,,,,
08/01/2026,MASSEY FERGUSON,TRACTOR SERIE 4200 STANDARD (83HP A 140HP) > Tractor Serie MF 7000 Argentina,190HP - MF 7019 4X4 16.9-30/20.8-38 DUAL C/CAB.ORIGINAL FULL,u$s,39,122390.0,117500.0,112800.0,108300.0,104000.0,99800.0,95800.0,,,,,,,,,
08/01/2026,MASSEY FERGUSON,TRACTOR SERIE 4200 STANDARD (83HP A 140HP) > Tractor Serie MF 7000 Argentina,210CV - MF 7021 4X4 16.9-30/30.5-32 C/CAB.ORIGINAL FULL,u$s,39,123359.0,118400.0,113700.0,109100.0,104800.0,100600.0,96600.0,,,,,,,,,
08/01/2026,MASSEY FERGUSON,TRACTOR SERIE 4200 STANDARD (83HP A 140HP) > Tractor Serie MF 7000 Argentina,210HP - MF 7021 4X 16.9-30/20.8-38 DUAL C/CAB.ORIGINAL FULL,u$s,39,128531.0,123400.0,118500.0,113700.0,109200.0,104800.0,100600.0,,,,,,,,,
08/01/2026,MASSEY FERGUSON,TRACTOR SERIE 4200 STANDARD (83HP A 140HP) > TRACTOR SERIE 7000 DYNA 6,159 HP - MF 7350 4X4 (18.4-26 / 24.4- 32) AUTOGUIDE READY CAB.ORIGINAL 3P,u$s,39,134534.0,129200.0,124000.0,119000.0,114300.0,109700.0,105300.0,,,,,,,,,
08/01/2026,MASSEY FERGUSON,TRACTOR SERIE 4200 STANDARD (83HP A 140HP) > TRACTOR SERIE 7000 DYNA 6,180 HP - MF 7370 4x4 (18.4-26 / 24.5- 32) AUTOGUIDE READY CAB.ORIGINAL 3P,u$s,39,142324.0,136600.0,131200.0,125900.0,120900.0,116000.0,111400.0,,,,,,,,,
08/01/2026,MASSEY FERGUSON,TRACTOR SERIE 4200 STANDARD (83HP A 140HP) > TRACTOR SERIE 7000 DYNA 6,180 HP - MF 7370 4x4 (18.4-26 / 20.8- 38 Duales) CAB.ORIGINAL,u$s,39,144755.0,139000.0,133400.0,128100.0,122900.0,118000.0,113300.0,,,,,,,,,
08/01/2026,MASSEY FERGUSON,TRACTOR SERIE 4200 STANDARD (83HP A 140HP) > TRACTOR SERIE 7000 DYNA 6,200 HP - MF 7390 4x4 (16.9-28 / 20.8- 38 Duales) AUTOGUIDE READY CAB.ORIGINAL,u$s,39,167404.0,160700.0,154300.0,148100.0,142200.0,136500.0,131000.0,125800.0,120800.0,,,,,,,
08/01/2026,MASSEY FERGUSON,TRACTOR SERIE 4200 STANDARD (83HP A 140HP) > TRACTOR SERIE 7000 DYNA 6,200 HP - MF 7390 C/ 3P CAB (16.9-28 / 20.8-38 Duales),u$s,39,,,,,,,,,118400.0,,,,,,,
08/01/2026,MASSEY FERGUSON,TRACTOR SERIE 4200 STANDARD (83HP A 140HP) > TRACTOR SERIE 7000 DYNA 6,215 HP - MF 7415 Cab. (16.9-28 / 20.8- 42 Duales),u$s,39,,,,,,,,,146300.0,,,,,,,
08/01/2026,MASSEY FERGUSON,TRACTOR SERIE 4200 STANDARD (83HP A 140HP) > TRACTOR SERIE 7000 DYNA 6,215 HP - MF 7415 C/3P CAB (16.9-28 / 20.8-42 Duales),u$s,39,,,,,,,,,126900.0,,,,,,,
08/01/2026,MASSEY FERGUSON,TRACTOR SERIE 7000 DYNA 6,225HP - MF 7415 4X4 18.4-26/20.8-38 DUAL CAB.ORIGINAL LEV TRES PUNTOS,u$s,41,171600.0,164700.0,158100.0,151800.0,145700.0,139900.0,134300.0,,,,,,,,,
08/01/2026,MASSEY FERGUSON,TRACTOR SERIE 7000 DYNA 6,225HP - MF 7415 4X4 16.9-30/20.8-42 DUAL AUTOGUIDE READY CAB.ORIGINAL,u$s,41,176645.0,169600.0,162800.0,156300.0,150000.0,144000.0,138300.0,,,,,,,,,
08/01/2026,MASSEY FERGUSON,TRACTOR SERIE 7000 DYNA 6 > Tractor Serie MF 7700 EUROPA DYNA 6,215HP - MF 7722 4X4 540-65R30/650- 65R42 RADIALES PILOT AUT. CAB.ORIG. LEV 3P,u$s,41,181631.0,174400.0,167400.0,160700.0,154300.0,148100.0,142200.0,,,,,,,,,
08/01/2026,MASSEY FERGUSON,TRACTOR SERIE 7000 DYNA 6 > Tractor Serie MF 7700 EUROPA DYNA 6,235HP - MF 7724 4X4 600-65R28/710- 70R38 RADIALES PIL.AUT. CAB.ORIG. LEV 3P,u$s,41,193261.0,185500.0,178100.0,171000.0,164100.0,157600.0,151300.0,,,,,,,,,
08/01/2026,MASSEY FERGUSON,TRACTOR SERIE 7000 DYNA 6 > Tractor Serie MF 7700 EUROPA DYNA 6,255HP - MF 7726 4X4 4870- 70R30/620-70R42 Dual PIL.AUT. CAB.ORIG. LEV 3P,u$s,41,215475.0,206900.0,198600.0,190600.0,183000.0,175700.0,168700.0,,,,,,,,,
08/01/2026,MASSEY FERGUSON,TRACTOR SERIE 7000 DYNA 6 > Tractor Serie MF 8600 EUROPA DYNA VT,320CV - MF 8670 4X4 600-65R34/710- 75R42 Dual AUTOGUIDE READY PIL.AUT. CAB.ORIG. LEV 3P,u$s,41,276200.0,265200.0,254500.0,244400.0,234600.0,225200.0,216200.0,,,,,,,,,
08/01/2026,MASSEY FERGUSON,TRACTOR SERIE 7000 DYNA 6 > TRACTOR SERIE MF 8700 EUROPA VT,320 CV - MF 8770 4X4 710-75R42 DUAL PILOTO AUT. CABINA ORIGINAL LEV 3P. DYNA VT,u$s,42,276250.0,265200.0,254600.0,244400.0,234600.0,225200.0,216200.0,,,,,,,,,
08/01/2026,MASSEY FERGUSON,TRACTOR SERIE 7000 DYNA 6 > TRACTOR SERIE MF 8700 EUROPA VT,370 CV - MF 8790 4X4 710-75R42 DUALES PILOTO AUT. CABINA ORIGINAL LEV 3P.,u$s,42,309400.0,297000.0,285100.0,273700.0,262800.0,252300.0,242200.0,,,,,,,,,
08/01/2026,MASSEY FERGUSON,TRACTOR SERIE 7000 DYNA 6 > TRACTOR SERIE MF 4200 ARGENTINA,"81 HP - MF 4275 4 X 2 7,50 - 16 / 13.6-38 CON LEVANTE 3P.",u$s,42,48840.0,46900.0,45000.0,43200.0,41500.0,39800.0,38200.0,36700.0,35200.0,33800.0,32500.0,31200.0,29900.0,28700.0,27600.0,
08/01/2026,MASSEY FERGUSON,TRACTOR SERIE 7000 DYNA 6 > TRACTOR SERIE MF 4200 ARGENTINA,"92 HP - MF 4283 4 X 2 7,50-16 / 13.6-38 CON LEVANTE DE 3P.",u$s,42,54370.0,52200.0,50100.0,48100.0,46200.0,44300.0,42600.0,40900.0,39200.0,37700.0,36100.0,34700.0,33300.0,32000.0,30700.0,
08/01/2026,MASSEY FERGUSON,TRACTOR SERIE 7000 DYNA 6 > TRACTOR SERIE MF 4200 ARGENTINA,"92 HP - MF 4283 4 X 2 7,50 - 16 / 18.4 - 30 CON LEVANTE DE 3P.",u$s,42,53590.0,51400.0,49400.0,47400.0,45500.0,43700.0,41900.0,40300.0,38700.0,37100.0,35600.0,34200.0,32800.0,31500.0,30300.0,
08/01/2026,MASSEY FERGUSON,TRACTOR SERIE 7000 DYNA 6 > TRACTOR SERIE MF 4200 ARGENTINA,92 HP - MF 4283 4 X 2 9.50 - 16 / 18.4 - 34 CON LEVANTE DE 3P.,u$s,42,54150.0,52000.0,49900.0,47900.0,46000.0,44200.0,42400.0,40700.0,39100.0,37500.0,36000.0,34600.0,33200.0,31900.0,30600.0,
08/01/2026,MASSEY FERGUSON,TRACTOR SERIE 7000 DYNA 6 > TRACTOR SERIE MF 4200 ARGENTINA,92 HP - MF 4283 4X4 12.4 - 24 / 18.4- 30 CON LEVANTE DE 3P.,u$s,42,56360.0,54100.0,51900.0,49900.0,47900.0,46000.0,44100.0,42400.0,40700.0,39000.0,37500.0,36000.0,34500.0,33200.0,31800.0,
08/01/2026,MASSEY FERGUSON,TRACTOR SERIE 7000 DYNA 6 > TRACTOR SERIE MF 4200 ARGENTINA,92 HP - MF- 4283 4X4 12.4-24 / 13.6- 38 CON LEVANTE DE 3P.,u$s,42,58230.0,55900.0,53700.0,51500.0,49500.0,47500.0,45600.0,43800.0,42000.0,40300.0,38700.0,37200.0,35700.0,34300.0,32900.0,
08/01/2026,MASSEY FERGUSON,TRACTOR SERIE 7000 DYNA 6 > TRACTOR SERIE MF 4200 ARGENTINA,92 HP - MF 4283 4X4 290-95 R 34 / 320-90 R 50 CON LEVANTE 3P.,u$s,42,65750.0,63100.0,60600.0,58200.0,55800.0,53600.0,51500.0,,,,,,,,,
08/01/2026,MASSEY FERGUSON,TRACTOR SERIE 7000 DYNA 6 > TRACTOR SERIE MF 4200 ARGENTINA,92 HP - MF 4283 4X4 12.4-24 / 18.4- 30 CON LEVANTE DE 3P.,u$s,42,64110.0,61500.0,59100.0,56700.0,54500.0,52300.0,50200.0,48200.0,46200.0,44400.0,42600.0,40900.0,39300.0,37700.0,36200.0,
08/01/2026,NEW HOLLAND,Tractor Serie TT,TT 45 2WD Straddle,u$s,42,,,,,,,18800.0,17500.0,17000.0,16000.0,,,,,,
08/01/2026,NEW HOLLAND,Tractor Serie TT,TT 45 4WD Straddle,u$s,42,,,,,,,22000.0,21000.0,20000.0,19000.0,,,,,,
08/01/2026,NEW HOLLAND,Tractor Serie TT,TT 55 2WD Frutero,u$s,42,,,,,,,,,27000.0,26000.0,25000.0,23800.0,22500.0,21800.0,21000.0,
08/01/2026,NEW HOLLAND,Tractor Serie TT,TT 65 2WD Frutero,u$s,42,,,,,,,,,28500.0,27000.0,25500.0,24000.0,22500.0,21800.0,21000.0,
08/01/2026,NEW HOLLAND,Tractor Serie TT,TT 3840/4 4WD,u$s,42,,,,,,,32000.0,30500.0,29000.0,26900.0,24800.0,23900.0,23000.0,22000.0,21000.0,
08/01/2026,NEW HOLLAND,Tractor Serie TT,TT 3880/4 4WD,u$s,42,,,,,,,35000.0,33500.0,32000.0,30000.0,28000.0,27000.0,26000.0,25000.0,24000.0,
08/01/2026,NEW HOLLAND,Tractor Serie TT,TT 3880/4 4WD C/Ultralenta,u$s,42,,,,,,,37000.0,35000.0,33000.0,31000.0,29000.0,27800.0,26500.0,25300.0,24000.0,
08/01/2026,NEW HOLLAND,Tractor Serie TT,TT 4030 - S/Cabina,u$s,43,,,,,,,,,30000.0,28500.0,27000.0,,,,,
08/01/2026,NEW HOLLAND,Tractor Serie TT,TN 75 2WD,u$s,43,,,,,,,,,,,,,22000.0,,,
08/01/2026,NEW HOLLAND,Tractor Serie TT,TN 75 4WD,u$s,43,,,,,,,,,,,,,25000.0,,,
08/01/2026,NEW HOLLAND,Tractor Serie TT > Tractor Serie TT3,TT3.50 2WD Straddle,u$s,43,27515.0,26400.0,25400.0,24300.0,23400.0,22400.0,21500.0,,,,,,,,,
08/01/2026,NEW HOLLAND,Tractor Serie TT > Tractor Serie TT3,TT3.50 4WD Straddle,u$s,43,33592.0,32200.0,31000.0,29700.0,28500.0,27400.0,26300.0,,,,,,,,,
08/01/2026,NEW HOLLAND,Tractor Serie TT > Tractor TT4.65 2WD,Straddle,u$s,43,36134.0,34700.0,33300.0,32000.0,30700.0,29500.0,28300.0,27200.0,26100.0,25000.0,,,,,,
08/01/2026,NEW HOLLAND,Tractor Serie TT > Tractor TT4.65 4WD,Straddle,u$s,43,42764.0,41100.0,39400.0,37800.0,36300.0,34900.0,33500.0,32100.0,30900.0,29600.0,,,,,,
08/01/2026,NEW HOLLAND,Tractor Serie TT > Tractor TT4.75 2WD,Straddle,u$s,43,42874.0,41200.0,39500.0,37900.0,36400.0,35000.0,33600.0,32200.0,30900.0,29700.0,,,,,,
08/01/2026,NEW HOLLAND,Tractor Serie TT > Tractor TT4.75 4WD,Straddle,u$s,43,49504.0,47500.0,45600.0,43800.0,42000.0,40400.0,38800.0,37200.0,35700.0,34300.0,,,,,,
08/01/2026,NEW HOLLAND,Tractor Serie TT > Tractor TT4.90 4WD,Straddle,u$s,43,64974.0,62400.0,59900.0,57500.0,55200.0,53000.0,,,,,,,,,,
08/01/2026,NEW HOLLAND,Tractor Serie TT > Tractor Boomer,Boomer 25 4WD,u$s,43,16244.0,15600.0,15000.0,14400.0,13800.0,13200.0,,,,,,,,,,
08/01/2026,NEW HOLLAND,Tractor Serie TT > Tractor Workmaster,Workmaster 40 4WD,u$s,43,20664.0,19800.0,19000.0,18300.0,17600.0,16800.0,,,,,,,,,,
08/01/2026,NEW HOLLAND,Tractor Serie TT > Tractor Serie 4000,T4030V/2 Viñatero Plataformado 2WD,u$s,43,,,,,,,,,32000.0,30500.0,29000.0,28000.0,27000.0,25800.0,24500.0,
08/01/2026,NEW HOLLAND,Tractor Serie TT > Tractor Serie 4000,T4030V/4 Viñatero Plataformado 4WD,u$s,43,,,,,,,,,30000.0,28500.0,27000.0,25800.0,24500.0,23300.0,22000.0,
08/01/2026,NEW HOLLAND,Tractor Serie TT > Tractor Serie 4000,T4030V/2C Cabinado Viñatero 2WD,u$s,43,,,,,,,,,38000.0,36500.0,35000.0,33500.0,32000.0,30500.0,29000.0,
08/01/2026,NEW HOLLAND,Tractor Serie TT > Tractor Serie 4000,T4030V/4C Cabinado Viñatero 4WD,u$s,43,,,,,,,,,38000.0,37000.0,36000.0,34000.0,32000.0,31000.0,30000.0,
08/01/2026,NEW HOLLAND,Tractor Serie TT > Tractor Serie 4000,T4030F/4C Cabinado Frutero,u$s,43,,,,,,,,,41000.0,39000.0,37000.0,35300.0,33500.0,32000.0,30500.0,
08/01/2026,NEW HOLLAND,Tractor Serie TT > Tractor Serie 4000,T4050F/4R Frutero Plataformado 4WD,u$s,43,,,,,,,,,40000.0,38500.0,37000.0,35000.0,33000.0,32000.0,31000.0,
08/01/2026,NEW HOLLAND,Tractor Serie TT > Tractor Serie 4000,T4050F/4RPS Frutero Plataformado Power Shuttle 4WD,u$s,43,,,,,,,,,40000.0,37800.0,35500.0,33800.0,32000.0,30000.0,28000.0,
08/01/2026,NEW HOLLAND,Tractor Serie TT > Tractor Serie 4000,T4050F/4C Frutero Cabinado 4WD,u$s,43,,,,,,,,,43000.0,40500.0,38000.0,36500.0,35000.0,33500.0,32000.0,
08/01/2026,NEW HOLLAND,Tractor Serie TT > Tractor Serie 4000,T4050F/4CPS Cabinado Power Shuttle 4WD,u$s,43,,,,,,,,,44000.0,42000.0,40000.0,38000.0,36000.0,34500.0,33000.0,
08/01/2026,NEW HOLLAND,Tractor Serie TT > Tractor Serie TD5,TD5.90 Plataformado Inversor Hidráulico,u$s,43,66411.0,63800.0,61200.0,58800.0,56400.0,54200.0,52000.0,49900.0,47900.0,46000.0,44200.0,,,,,
08/01/2026,NEW HOLLAND,Tractor Serie TT > Tractor Serie TD5,TD5.90 Cabinado Inversor Hidráulico,u$s,43,78124.0,75000.0,72000.0,69100.0,66400.0,63700.0,61200.0,58700.0,56400.0,54100.0,51900.0,,,,,
08/01/2026,NEW HOLLAND,Tractor Serie TT > Tractor Serie TD5,TD5.110 4WD Plataformado Inversor Hidráulico,u$s,44,76798.0,73700.0,70800.0,67900.0,65200.0,62600.0,60100.0,57700.0,55400.0,53200.0,51100.0,,,,,
08/01/2026,NEW HOLLAND,Tractor Serie TT > Tractor Serie TD5,TD5.110 4WD Cabinado Inversor Hidráulico,u$s,44,88511.0,85000.0,81600.0,78300.0,75200.0,72200.0,69300.0,66500.0,63900.0,61300.0,58800.0,,,,,
08/01/2026,NEW HOLLAND,Tractor Serie TT > Tractor Serie TD,TD70 S/Cabina 2WD,u$s,44,,,,,,,,,33000.0,,,,,,,
08/01/2026,NEW HOLLAND,Tractor Serie TT > Tractor Serie TD,TD70 S/Cabina 4WD,u$s,44,,,,,,,,,25000.0,,,,,,,
08/01/2026,NEW HOLLAND,Tractor Serie TT > Tractor Serie TD,TD80/ 2S Plataformado 2WD,u$s,44,,,,,,,,,27000.0,26000.0,25000.0,,,,,
08/01/2026,NEW HOLLAND,Tractor Serie TT > Tractor Serie TD,TD80/ 4C Cabinado 4WD,u$s,44,,,,,,,,,47000.0,45000.0,43000.0,,,,,
08/01/2026,NEW HOLLAND,Tractor Serie TT > Tractor Serie TD,TD95/ 4S Plataformado 4WD,u$s,44,,,,,,,,,43000.0,41000.0,39000.0,,,,,
08/01/2026,NEW HOLLAND,Tractor Serie TT > Tractor Serie TD,TD95/ 4C Cabinado 4WD,u$s,44,,,,,,,,,50000.0,47500.0,45000.0,,,,,
08/01/2026,NEW HOLLAND,Tractor Serie TT > Tractor Serie TL,TL75 F 4WD,u$s,44,,,,,,,,,,,,,,,23000.0,
08/01/2026,NEW HOLLAND,Tractor Serie TT > Tractor Serie TL,TL75 E/4 4WD EXITUS,u$s,44,,,,,,,,,,,,,,28000.0,26000.0,
08/01/2026,NEW HOLLAND,Tractor Serie TT > Tractor Serie TL,TL85 E/4 Exitus 2WD rodado 13.6x38,u$s,44,,,,,,,,,,,,,,33500.0,32000.0,
08/01/2026,NEW HOLLAND,Tractor Serie TT > Tractor Serie TL,TL85 E/4 Exitus 4WD rodado 18.4x34,u$s,44,,,,,,,,,,,,,,34500.0,33000.0,
08/01/2026,NEW HOLLAND,Tractor Serie TT > Tractor Serie TL,TL95 E/4 2WD EXITUS,u$s,44,,,,,,,,,,,,,,35000.0,33000.0,
08/01/2026,NEW HOLLAND,Tractor Serie TT > Tractor Serie TL,TL95 E/4X 4WD EXITUS c/Ultralenta,u$s,44,,,,,,,,,,,,,,36000.0,34000.0,
08/01/2026,NEW HOLLAND,Tractor Serie TT > Tractor Serie TL,TL95 E/4C Plataformado con pala,u$s,44,,,,,,,52000.0,49500.0,47000.0,45000.0,43000.0,,,,,
08/01/2026,NEW HOLLAND,Tractor Serie TT > Tractor Serie TL,TL95 E/4CX Cabinado c/Ultralenta,u$s,44,,,,,,,,,60000.0,57000.0,54000.0,,,,,
08/01/2026,NEW HOLLAND,Tractor Serie TT > Tractor Serie TL,TL95 E/4CF Cabinado Full con pala,u$s,44,,,,,,,58000.0,56000.0,53000.0,51000.0,49000.0,,,,,
08/01/2026,NEW HOLLAND,Tractor Serie TT > Tractor Serie TDF,TD65F 2WD Rodado 380/70 R24,u$s,44,,,,,,,28000.0,,,,,,,,,
08/01/2026,NEW HOLLAND,Tractor Serie TT > Tractor Serie TDF,TD75F 4WD Rodado 380/70 R28,u$s,44,,,,,,,35000.0,,,,,,,,,
08/01/2026,NEW HOLLAND,Tractor Serie TT > Tractor Serie TDF,TD65F Argentino 4WD,u$s,44,,,,,,,32000.0,,,,,,,,,
08/01/2026,NEW HOLLAND,Tractor Serie TT > Tractor Serie TDF,TD75F Argentino 4WD,u$s,44,,,,,,,35000.0,,,,,,,,,
08/01/2026,NEW HOLLAND,Tractor Serie TT > Tractor Serie TDF,TD85F Argentino 4WD,u$s,44,,,,,,,38000.0,,,,,,,,,
08/01/2026,NEW HOLLAND,Tractor Serie TT > Tractor Serie TK4,TK4.90N Estrecho con orugas goma de 300mm,u$s,45,87737.0,84200.0,80900.0,77600.0,74500.0,71500.0,,,,,,,,,,
08/01/2026,NEW HOLLAND,Tractor Serie TT > Tractor Serie TK4,TK4.100N Estrecho con orugas goma de 300mm,u$s,45,92268.0,88600.0,85000.0,81600.0,78400.0,75200.0,,,,,,,,,,
08/01/2026,NEW HOLLAND,Tractor Serie TT > Tractor Serie S,7630 Rodado 18.4X34,u$s,45,84201.0,80800.0,77600.0,74500.0,71500.0,68700.0,65900.0,63300.0,60700.0,58300.0,56000.0,53700.0,51600.0,49500.0,47500.0,
08/01/2026,NEW HOLLAND,Tractor Serie TT > Tractor Serie S,7630 Rodado 23.1X30,u$s,45,85417.0,82000.0,78700.0,75600.0,72500.0,69600.0,66900.0,64200.0,61600.0,59200.0,56800.0,54500.0,52300.0,50200.0,48200.0,
08/01/2026,NEW HOLLAND,Tractor Serie TT > Tractor Serie S,8030 Rodado 18.4X34,u$s,45,88621.0,85100.0,81700.0,78400.0,75300.0,72300.0,69400.0,66600.0,63900.0,61400.0,58900.0,56600.0,54300.0,52100.0,50000.0,
08/01/2026,NEW HOLLAND,Tractor Serie TT > Tractor Serie S,8030 Rodado 23.1X30,u$s,45,89837.0,86200.0,82800.0,79500.0,76300.0,73300.0,70300.0,67500.0,64800.0,62200.0,59700.0,57300.0,55000.0,52800.0,50700.0,
08/01/2026,NEW HOLLAND,Tractor Serie TT > Tractor Serie S,8030 Rodado 23.1X30 c/cabina,u$s,45,94588.0,90800.0,87200.0,83700.0,80300.0,77100.0,74000.0,71100.0,68200.0,65500.0,62900.0,60400.0,58000.0,55600.0,53400.0,
08/01/2026,NEW HOLLAND,Tractor Serie TT > Tractor Serie TS,TS6020 /4C Cabinado c/Levante rodado 18.4x38,u$s,45,,,,,,,,,50000.0,,,,,,,
08/01/2026,NEW HOLLAND,Tractor Serie TT > Tractor Serie TS,TS6020 /4C Cabinado c/Levante rodado 23.1x30,u$s,45,,,,,,,,,50500.0,,,,,,,
08/01/2026,NEW HOLLAND,Tractor Serie TT > Tractor Serie TS,TS6020 /4CSLH Cabinado Sin levante 18.4x38,u$s,45,,,,,,,,,47000.0,,,,,,,
08/01/2026,NEW HOLLAND,Tractor Serie TT > Tractor Serie TS,TS6020 /4CSLH Cabinado Sin levante 23.1x30,u$s,45,,,,,,,,,47500.0,,,,,,,
08/01/2026,NEW HOLLAND,Tractor Serie TT > Tractor Serie TS,TS6030 /4C Cabinado con levante rod.18.4x38,u$s,45,,,,,,,,,52000.0,,,,,,,
08/01/2026,NEW HOLLAND,Tractor Serie TT > Tractor Serie TS,TS6030 /4c Cabinado con levante rod.23.1x30,u$s,45,,,,,,,,,52500.0,,,,,,,
08/01/2026,NEW HOLLAND,Tractor Serie TT > Tractor Serie TS,TS6030 /4CSLH Cabinado sin levante rod. 18.4x38,u$s,45,,,,,,,,,49000.0,,,,,,,
08/01/2026,NEW HOLLAND,Tractor Serie TT > Tractor Serie TS,TS6030 /4CSLH Cabinado sin levante rod. 23.1x30,u$s,45,,,,,,,,,49500.0,,,,,,,
08/01/2026,NEW HOLLAND,Tractor Serie TT > Tractor Serie TS,TS6040 /4SLH Sin Levante rodado 18.4x38,u$s,45,,,,,,,,,69000.0,66000.0,63000.0,,,,,
08/01/2026,NEW HOLLAND,Tractor Serie TT > Tractor Serie TS,TS6040 /4SLH Sin Levante rodado 23.1x30,u$s,45,,,,,,,,,69000.0,66000.0,63000.0,,,,,
08/01/2026,NEW HOLLAND,Tractor Serie TT > Tractor Serie TS,TS6040 /4 rodado 18.4x38,u$s,45,,,,,,,,,63000.0,60000.0,57000.0,,,,,
08/01/2026,NEW HOLLAND,Tractor Serie TT > Tractor Serie TS,TS6040 /4 rodado 23.1x30,u$s,45,,,,,,,,,64000.0,61000.0,58000.0,,,,,
08/01/2026,NEW HOLLAND,Tractor Serie TT > Tractor Serie TS,TS6040 /4C Cabinado con levante rodado 18.4x38,u$s,46,,,,,,,,,69000.0,66000.0,63000.0,,,,,
08/01/2026,NEW HOLLAND,Tractor Serie TT > Tractor Serie TS,TS6040 /4C Cabinado con levante rodado 23.1x30,u$s,46,,,,,,,,,69000.0,66000.0,63000.0,,,,,
08/01/2026,NEW HOLLAND,Tractor Serie TT > Tractor Serie TS,TS6040 /4CSLH Cabinado sin levante rodado 18.4x38,u$s,46,,,,,,,,,68000.0,65000.0,62000.0,,,,,
08/01/2026,NEW HOLLAND,Tractor Serie TT > Tractor Serie TS,TS6040 /4CSLH Cabinado sin levante rodado 23.1x30,u$s,46,,,,,,,,,71000.0,68000.0,64000.0,,,,,
08/01/2026,NEW HOLLAND,Tractor Serie TT > Tractor Serie TS,TS 100 2WD,u$s,46,,,,,,,,,,,,,,,32000.0,
08/01/2026,NEW HOLLAND,Tractor Serie TT > Tractor Serie TS,TS 100 4WD,u$s,46,,,,,,,,,,,,,,,37000.0,35000.0
08/01/2026,NEW HOLLAND,Tractor Serie TT > Tractor Serie TS,TS 120 4WD,u$s,46,,,,,,,,,,,,,,,38000.0,36500.0
08/01/2026,NEW HOLLAND,Tractor Serie TT > Tractor Serie TS,TS 120 4WD Cab.,u$s,46,,,,,,,,,,,,,,,45000.0,43500.0
08/01/2026,NEW HOLLAND,Tractor Serie TT > Tractor Serie TM,TM7010 /4 Plataformado S/Levante (20.8x38),u$s,46,,,,,,,,,,,,,45000.0,43000.0,41000.0,39000.0
08/01/2026,NEW HOLLAND,Tractor Serie TT > Tractor Serie TM,TM7010 /4 Plataformado S/Levante (24.5x32),u$s,46,,,,,,,,,,,,,45500.0,43500.0,41500.0,39500.0
08/01/2026,NEW HOLLAND,Tractor Serie TT > Tractor Serie TM,TM7010 /4L Plataformado C/Levante (20.8x38),u$s,46,,,,,,,,,,,,,47000.0,45000.0,43000.0,41000.0
08/01/2026,NEW HOLLAND,Tractor Serie TT > Tractor Serie TM,TM7010 /4CL PShift con levante (24.5x32),u$s,46,,,,,,,,,,,,,47500.0,45500.0,43500.0,41500.0
08/01/2026,NEW HOLLAND,Tractor Serie TT > Tractor Serie TM,TM7010 /4CLD PShift con levante (18.4x38 Dual),u$s,46,,,,,,,,,,,,,55000.0,53000.0,51000.0,49000.0
08/01/2026,NEW HOLLAND,Tractor Serie TM,TM7010 /4CLD PShift con levante (20.8x38 Dual),u$s,47,,,,,,,,,,,,,55500.0,53500.0,51500.0,49500.0
08/01/2026,NEW HOLLAND,Tractor Serie TM,TM7010 E /4C EXITUS Cabinado (20.8x38),u$s,47,,,,,,,,,,,,,50000.0,48000.0,46000.0,44000.0
08/01/2026,NEW HOLLAND,Tractor Serie TM,TM7010 E /4C EXITUS Cabinado (24.5x32),u$s,47,,,,,,,,,,,,,50500.0,48500.0,46500.0,44500.0
08/01/2026,NEW HOLLAND,Tractor Serie TM,TM7010 E /4CL EXITUS Cabinado C/Levante (20.8x38),u$s,47,,,,,,,,,,,,,51000.0,49000.0,47000.0,45000.0
08/01/2026,NEW HOLLAND,Tractor Serie TM,TM7010 E /4CL EXITUS Cabinado C/Levante (24.5x32),u$s,47,,,,,,,,,,,,,51500.0,49500.0,47500.0,45500.0
08/01/2026,NEW HOLLAND,Tractor Serie TM,TM7020 /4 Plataformado (24.5x32),u$s,47,,,,,,,,,,,,,46500.0,44500.0,42500.0,40500.0
08/01/2026,NEW HOLLAND,Tractor Serie TM,TM7020 /4L Plataformado con levante (24.5x32),u$s,47,,,,,,,,,,,,,47000.0,45000.0,43000.0,41000.0
08/01/2026,NEW HOLLAND,Tractor Serie TM,TM7020 /4C PShift S/Levante (24.5x32),u$s,47,,,,,,,,,,,,,56000.0,54000.0,52000.0,50000.0
08/01/2026,NEW HOLLAND,Tractor Serie TM,TM7020 /4CD PShift S/Levante (20.8x38 Duales),u$s,47,,,,,,,,,,,,,56500.0,54500.0,52500.0,50500.0
08/01/2026,NEW HOLLAND,Tractor Serie TM,TM7020 /4CL PSHift C/Levante (24.5x32),u$s,47,,,,,,,,,,,,,58000.0,56000.0,54000.0,52000.0
08/01/2026,NEW HOLLAND,Tractor Serie TM,TM7020 /4CLD PSHift C/Levante (20.8x38 Duales),u$s,47,,,,,,,,,,,,,58500.0,56500.0,54500.0,52500.0
08/01/2026,NEW HOLLAND,Tractor Serie TM,TM 135 4WD,u$s,47,,,,,,,,,,,,,,,36000.0,
08/01/2026,NEW HOLLAND,Tractor Serie TM,TM 135 4WD Cab.,u$s,47,,,,,,,,,,,,,,,49000.0,
08/01/2026,NEW HOLLAND,Tractor Serie TM,TM 150 4WD,u$s,47,,,,,,,,,,,,,,,42000.0,
08/01/2026,NEW HOLLAND,Tractor Serie TM,TM 150 4WD Cab.,u$s,47,,,,,,,,,,,,,,,53000.0,
08/01/2026,NEW HOLLAND,Tractor Serie TM,TM 165 4WD Cab.,u$s,48,,,,,,,,,,,,,,,63000.0,
08/01/2026,NEW HOLLAND,Tractor Serie TM,TM 180 4WD Cab.,u$s,48,,,,,,,,,,,,,,,65000.0,
08/01/2026,NEW HOLLAND,Tractor Serie TM,TM 190 4WD Cab.,u$s,48,,,,,,,,,,,,,,,60000.0,
08/01/2026,NEW HOLLAND,Tractor Serie TM,TM7020 E/4C Exitus Cabinado S/Levante (24.5x32),u$s,48,,,,,,,,,,,,,51000.0,,,
08/01/2026,NEW HOLLAND,Tractor Serie TM,TM7020 E/4CD Exitus Cabinado S/Levante (20.8x38 Duales),u$s,48,,,,,,,,,,,,,51500.0,,,
08/01/2026,NEW HOLLAND,Tractor Serie TM,TM7020 E/4CL Exitus Cab.con Levante (24.5x32),u$s,48,,,,,,,,,,,,,52500.0,,,
08/01/2026,NEW HOLLAND,Tractor Serie TM,TM7020 E/4CLD Exitus Cab.con Levante (20.8x38 Duales),u$s,48,,,,,,,,,,,,,53000.0,,,
08/01/2026,NEW HOLLAND,Tractor Serie TM,TM7030 /4CV Pshift Cabinado S/Levante (24.5x32),u$s,48,,,,,,,,,,,,,60000.0,,,
08/01/2026,NEW HOLLAND,Tractor Serie TM,TM7030 /4CLV Pshift Cabinado C/Levante (24.5x32),u$s,48,,,,,,,,,,,,,63000.0,,,
08/01/2026,NEW HOLLAND,Tractor Serie TM,TM7030 /4CDV Pshift Cabinado S/Levante (20.8x38 Duales),u$s,48,,,,,,,,,,,,,62000.0,,,
08/01/2026,NEW HOLLAND,Tractor Serie TM,TM7030 /4CLDV Pshift Cabinado C/Levante con Duales,u$s,48,,,,,,,,,,,,,65000.0,,,
08/01/2026,NEW HOLLAND,Tractor Serie TM,TM7030E /4CDV Exitus Cabinado (20.8x38 Duales),u$s,48,,,,,,,,,,,,,58000.0,,,
08/01/2026,NEW HOLLAND,Tractor Serie TM,TM7030E /4CV Exitus Cabinado (24.5x32),u$s,48,,,,,,,,,,,,,58500.0,,,
08/01/2026,NEW HOLLAND,Tractor Serie TM,TM7030E /4CLDV Exitus Cab.C/Levante (20.8x38 Duales),u$s,48,,,,,,,,,,,,,60000.0,,,
08/01/2026,NEW HOLLAND,Tractor Serie TM,TM7040 /4CV Cabinado Pshift S/Levante (24.5x32),u$s,48,,,,,,,,,,,,,63000.0,,,
08/01/2026,NEW HOLLAND,Tractor Serie TM,TM7040 E/4CDV Exitus Cabinado S/Levante (20.8x38 Duales),u$s,48,,,,,,,,,,,,,59000.0,,,
08/01/2026,NEW HOLLAND,Tractor Serie TM,TM7040 E/4CV Exitus Cabinado S/Levante (24.5x32),u$s,48,,,,,,,,,,,,,58000.0,,,
08/01/2026,NEW HOLLAND,Tractor Serie TM,TM7040 E/4CLDV Exitus Cab. con levante (20.8x38 Duales),u$s,49,,,,,,,,,,,,,60000.0,,,
08/01/2026,NEW HOLLAND,Tractor Serie TM,TM7040 E/4CLV Exitus Cabinado con Levante (24.5x32),u$s,49,,,,,,,,,,,,,62000.0,,,
08/01/2026,NEW HOLLAND,Tractor Serie TM > Tractor Serie T6000,T6080 Cabinado con Levante rodado paton 710/60R38,u$s,49,148954.0,143000.0,137300.0,131800.0,126500.0,121500.0,116600.0,111900.0,107500.0,103200.0,99000.0,,,,,
08/01/2026,NEW HOLLAND,Tractor Serie TM > Tractor Serie T6000,T6080 Cabinado con Levante rodado dual 20.8x38,u$s,49,152601.0,146500.0,140600.0,135000.0,129600.0,124400.0,119500.0,114700.0,110100.0,105700.0,101500.0,,,,,
08/01/2026,NEW HOLLAND,Tractor Serie TM > Tractor Serie T6000,T6090 Cabinado con Levante rodado paton 710/60R38,u$s,49,162325.0,155800.0,149600.0,143600.0,137900.0,132400.0,127100.0,122000.0,117100.0,112400.0,107900.0,,,,,
08/01/2026,NEW HOLLAND,Tractor Serie TM > Tractor Serie T6000,T6090 Cabinado con Levante rodado dual 20.8x38,u$s,49,165971.0,159300.0,153000.0,146800.0,141000.0,135300.0,129900.0,124700.0,119700.0,114900.0,110300.0,,,,,
08/01/2026,NEW HOLLAND,Tractor Serie TM > Tractor Serie T7000,T7060 /4CD Cabinado S/Levante Duales,u$s,49,,,,,,,,,,,,,75000.0,,,
08/01/2026,NEW HOLLAND,Tractor Serie TM > Tractor Serie T7000,T7060 /4CLV Cabinado Deluxe C/Levante Duales,u$s,49,,,,,,,,,,,,,80000.0,,,
08/01/2026,NEW HOLLAND,Tractor Serie TM > Tractor Serie T4,T4.65V - Viñatero 2WD Plataformado 360/70R24,u$s,49,56687.0,54400.0,52200.0,50200.0,48100.0,46200.0,44400.0,42600.0,40900.0,,,,,,,
08/01/2026,NEW HOLLAND,Tractor Serie TM > Tractor Serie T4,T4.85V - Viñatero 4WD Plataformado 360/70R24,u$s,49,61991.0,59500.0,57100.0,54800.0,52700.0,50500.0,48500.0,46600.0,44700.0,,,,,,,
08/01/2026,NEW HOLLAND,Tractor Serie TM > Tractor Serie T4,T4.85F - Frutero 4WD Plataformado 380/70R28,u$s,49,61991.0,59500.0,57100.0,54800.0,52700.0,50500.0,48500.0,46600.0,44700.0,,,,,,,
08/01/2026,NEW HOLLAND,Tractor Serie TM > Tractor Serie T4,T4.105F - Frutero 4WD Cabina 380/70R28,u$s,49,70610.0,67800.0,65100.0,62500.0,60000.0,57600.0,55300.0,53100.0,50900.0,,,,,,,
08/01/2026,NEW HOLLAND,Tractor Serie TM > Tractor Serie T6,T6.130/4R - Plataformado 4WD- 16x8 Inversor Hidráulico,u$s,49,105638.0,101400.0,97400.0,93500.0,89700.0,86100.0,82700.0,79400.0,76200.0,73200.0,70200.0,67400.0,64700.0,62100.0,59700.0,
08/01/2026,NEW HOLLAND,Tractor Serie TM > Tractor Serie T6,T6.130/4C - Cabinado 4WD- 16x8 Inversor Hidráulico,u$s,49,118014.0,113300.0,108800.0,104400.0,100200.0,96200.0,92400.0,88700.0,85100.0,81700.0,78500.0,75300.0,72300.0,69400.0,66600.0,
08/01/2026,NEW HOLLAND,Tractor Serie TM > Tractor Serie T7,150 Mecánico Cabinado 15x12 Rod. patón 710/65R38,u$s,50,,,,,,,,,78000.0,,,,,,,
08/01/2026,NEW HOLLAND,Tractor Serie TM > Tractor Serie T7,150 Mecánico Cabinado 15x12 Rod. dual 20.8x38,u$s,50,,,,,,,,,78800.0,,,,,,,
08/01/2026,NEW HOLLAND,Tractor Serie TM > Tractor Serie T7,150 Mecánico Cabinado 15x12 c/levante Rod. patón 710/65R38,u$s,50,,,,,,,,,79600.0,,,,,,,
08/01/2026,NEW HOLLAND,Tractor Serie TM > Tractor Serie T7,150 Mecánico Cabinado 15x12 c/levante Rod. dual 20.8x38,u$s,50,,,,,,,,,80400.0,,,,,,,
08/01/2026,NEW HOLLAND,Tractor Serie TM > Tractor Serie T7,165 Mecánico Cabinado 15x12 Rod. patón 710/65R38,u$s,50,,,,,,,,,81200.0,78000.0,74800.0,,,,,
08/01/2026,NEW HOLLAND,Tractor Serie TM > Tractor Serie T7,165 Mecánico Cabinado 15x12 Rod. dual 20.8x38,u$s,50,,,,,,,,,82000.0,78700.0,75600.0,,,,,
08/01/2026,NEW HOLLAND,Tractor Serie TM > Tractor Serie T7,165 Mecánico Cabinado 15x12 c/levante Rod. patón 710/65R38,u$s,50,,,,,,,,,82900.0,79500.0,76400.0,,,,,
08/01/2026,NEW HOLLAND,Tractor Serie TM > Tractor Serie T7,165 Mecánico Cabinado 15x12 c/levante Rod. dual 20.8x38,u$s,50,,,,,,,,,83700.0,80300.0,77100.0,,,,,
08/01/2026,NEW HOLLAND,Tractor Serie TM > Tractor Serie T7,180 Mecánico Cabinado 15x12 Rod. patón 710/65R38,u$s,50,,,,,,,87900.0,86200.0,84500.0,81200.0,77900.0,,,,,
08/01/2026,NEW HOLLAND,Tractor Serie TM > Tractor Serie T7,180 Mecánico Cabinado 15x12 Rod. dual 20.8x38,u$s,50,,,,,,,,,85400.0,82000.0,78700.0,,,,,
08/01/2026,NEW HOLLAND,Tractor Serie TM > Tractor Serie T7,180 Mecánico Cabinado 15x12 c/levante Rod. patón 710/65R38,u$s,50,119561.0,114800.0,110200.0,105800.0,101500.0,97500.0,93600.0,89800.0,86300.0,82800.0,79500.0,,,,,
08/01/2026,NEW HOLLAND,Tractor Serie TM > Tractor Serie T7,180 Mecánico Cabinado 15x12 c/levante Rod. dual 20.8x38,u$s,50,,,,,,,,,86300.0,82800.0,79500.0,,,,,
08/01/2026,NEW HOLLAND,Tractor Serie TM > Tractor Serie T7,190 Semi Power Shift 18x6 Cab. S/Levante Paton 710/65R38,u$s,50,135805.0,130400.0,125200.0,120200.0,115300.0,110700.0,106300.0,102100.0,98000.0,,,,,,,
08/01/2026,NEW HOLLAND,Tractor Serie TM > Tractor Serie T7,190 Semi Power Shift 18x6 Cab. S/Levante Dual 20.8x38,u$s,50,139562.0,134000.0,128600.0,123500.0,118500.0,113800.0,109200.0,104900.0,100700.0,,,,,,,
08/01/2026,NEW HOLLAND,Tractor Serie TM > Tractor Serie T7,190 Semi Power Shift 18x6 Cab. C/Levante Paton 710/65R38,u$s,51,140114.0,134500.0,129100.0,124000.0,119000.0,114200.0,109700.0,105300.0,101100.0,,,,,,,
08/01/2026,NEW HOLLAND,Tractor Serie TM > Tractor Serie T7,190 Semi Power Shift 18x6 Cab. C/Levante Dual 20.8x38,u$s,51,143871.0,138100.0,132600.0,127300.0,122200.0,117300.0,112600.0,108100.0,103800.0,,,,,,,
08/01/2026,NEW HOLLAND,Tractor Serie TM > Tractor Serie T7,195 Semi Power Shift 18x6 Cab. S/Levante Paton 710/65R38,u$s,51,146302.0,140500.0,134800.0,129400.0,124300.0,119300.0,114500.0,109900.0,105500.0,,,,,,,
08/01/2026,NEW HOLLAND,Tractor Serie TM > Tractor Serie T7,195 Semi Power Shift 18x6 Cab. S/Levante Dual 20.8x38,u$s,51,150059.0,144100.0,138300.0,132800.0,127500.0,122400.0,117500.0,112800.0,108300.0,,,,,,,
08/01/2026,NEW HOLLAND,Tractor Serie TM > Tractor Serie T7,195 Semi Power Shift 18x6 Cab. C/Levante Paton 710/65R38,u$s,51,150612.0,144600.0,138800.0,133300.0,127900.0,122800.0,117900.0,113200.0,108700.0,,,,,,,
08/01/2026,NEW HOLLAND,Tractor Serie TM > Tractor Serie T7,195 Semi Power Shift 18x6 Cab. C/Levante Dual 20.8x38,u$s,51,154369.0,148200.0,142300.0,136600.0,131100.0,125900.0,120800.0,116000.0,111400.0,,,,,,,
08/01/2026,NEW HOLLAND,Tractor Serie TM > Tractor Serie T7,205 Semi Power Shift 18x6 Cab. S/Levante Paton 710/65R38,u$s,51,156579.0,150300.0,144300.0,138500.0,133000.0,127700.0,122600.0,117700.0,113000.0,108400.0,,,,,,
08/01/2026,NEW HOLLAND,Tractor Serie TM > Tractor Serie T7,205 Semi Power Shift 18x6 Cab. S/Levante Dual 20.8x38,u$s,51,160336.0,153900.0,147800.0,141900.0,136200.0,130700.0,125500.0,120500.0,115700.0,111000.0,,,,,,
08/01/2026,NEW HOLLAND,Tractor Serie TM > Tractor Serie T7,205 Semi Power Shift 18x6 Cab. C/Levante Paton 710/65R38,u$s,51,160888.0,154500.0,148300.0,142300.0,136700.0,131200.0,125900.0,120900.0,116100.0,111400.0,,,,,,
08/01/2026,NEW HOLLAND,Tractor Serie TM > Tractor Serie T7,205 Semi Power Shift 18x6 Cabinado con levante Rodado dual 20.8x38,u$s,51,164645.0,158100.0,151700.0,145700.0,139800.0,134200.0,128900.0,123700.0,118800.0,114000.0,,,,,,
08/01/2026,NEW HOLLAND,Tractor Serie TM > Tractor Serie T7,215 s/levante dual con Rod. 520/85 R42,u$s,51,174701.0,167700.0,161000.0,154600.0,148400.0,142400.0,136700.0,131300.0,126000.0,121000.0,116100.0,111500.0,,,,
08/01/2026,NEW HOLLAND,Tractor Serie TM > Tractor Serie T7,215 c/levante dual con Rod. 520/85 R42,u$s,51,179010.0,171900.0,165000.0,158400.0,152000.0,146000.0,140100.0,134500.0,129100.0,124000.0,119000.0,114300.0,,,,
08/01/2026,NEW HOLLAND,Tractor Serie TM > Tractor Serie T7,215 sin levante paton con rodado 710/70 R38,u$s,51,170944.0,164100.0,157500.0,151200.0,145200.0,139400.0,133800.0,128500.0,123300.0,118400.0,113600.0,109100.0,,,,
08/01/2026,NEW HOLLAND,Tractor Serie TM > Tractor Serie T7,215 con levante paton con rodado 710/70 R38,u$s,51,175253.0,168200.0,161500.0,155100.0,148900.0,142900.0,137200.0,131700.0,126400.0,121400.0,116500.0,111900.0,,,,
08/01/2026,NEW HOLLAND,Tractor Serie TM > Tractor Serie T7,240 sin levante paton con rodado 710/70 R38,u$s,51,180999.0,173800.0,166800.0,160100.0,153700.0,147600.0,141700.0,136000.0,130600.0,125300.0,120300.0,115500.0,,,,
08/01/2026,NEW HOLLAND,Tractor Serie TM > Tractor Serie T7,240 con levante paton con rodado 710/70 R38,u$s,52,185309.0,177900.0,170800.0,164000.0,157400.0,151100.0,145100.0,139300.0,133700.0,128300.0,123200.0,118300.0,,,,
08/01/2026,NEW HOLLAND,Tractor Serie TM > Tractor Serie T7,240 s/levante dual con Rod. 520/85 R42,u$s,52,184756.0,177400.0,170300.0,163500.0,156900.0,150600.0,144600.0,138800.0,133300.0,128000.0,122800.0,117900.0,,,,
08/01/2026,NEW HOLLAND,Tractor Serie TM > Tractor Serie T7,240 c/levante dual con Rod. 520/85 R42,u$s,52,189066.0,181500.0,174200.0,167300.0,160600.0,154200.0,148000.0,142100.0,136400.0,130900.0,125700.0,120700.0,,,,
08/01/2026,NEW HOLLAND,Tractor Serie TM > Tractor Serie T7,245 sin levante paton con rodado 710/70 R38,u$s,52,190060.0,182500.0,175200.0,168200.0,161400.0,155000.0,148800.0,142800.0,137100.0,131600.0,126400.0,121300.0,,,,
08/01/2026,NEW HOLLAND,Tractor Serie TM > Tractor Serie T7,245 con levante paton con rodado 710/70 R38,u$s,52,194370.0,186600.0,179100.0,172000.0,165100.0,158500.0,152100.0,146100.0,140200.0,134600.0,129200.0,124100.0,,,,
08/01/2026,NEW HOLLAND,Tractor Serie TM > Tractor Serie T7,245 s/levante dual con Rod. 520/85 R42,u$s,52,193817.0,186100.0,178600.0,171500.0,164600.0,158000.0,151700.0,145600.0,139800.0,134200.0,128900.0,123700.0,,,,
08/01/2026,NEW HOLLAND,Tractor Serie TM > Tractor Serie T7,245 c/levante dual con Rod. 520/85 R42,u$s,52,198127.0,190200.0,182600.0,175300.0,168300.0,161500.0,155100.0,148900.0,142900.0,137200.0,131700.0,126500.0,,,,
08/01/2026,NEW HOLLAND,Tractor Serie TM > Tractor Serie T7,260 sin levante dual con rodado 520/85 R42,u$s,52,204425.0,196200.0,188400.0,180900.0,173600.0,166700.0,160000.0,153600.0,147500.0,,,,,,,
08/01/2026,NEW HOLLAND,Tractor Serie TM > Tractor Serie T7,260 con levante dual con rodado 520/85 R42,u$s,52,208735.0,200400.0,192400.0,184700.0,177300.0,170200.0,163400.0,156900.0,150600.0,,,,,,,
08/01/2026,NEW HOLLAND,Tractor Serie TM > Tractor Serie T7,260 sin levante con paton rodado 710/70 R38,u$s,52,200668.0,192600.0,184900.0,177500.0,170400.0,163600.0,157100.0,150800.0,144800.0,,,,,,,
08/01/2026,NEW HOLLAND,Tractor Serie TM > Tractor Serie T7,260 con levante con paton rodado 710/70 R38,u$s,52,204978.0,196800.0,188900.0,181400.0,174100.0,167100.0,160400.0,154000.0,147900.0,,,,,,,
08/01/2026,NEW HOLLAND,Tractor Serie TM > Tractor Serie T8,275 s/levante Rod. dual 710/70 R42,u$s,52,,,,,,,,,147500.0,141600.0,135900.0,,,,,
08/01/2026,NEW HOLLAND,Tractor Serie TM > Tractor Serie T8,275 c/levante Rod. dual 710/70 R42,u$s,52,,,,,,,,,150600.0,144600.0,138800.0,,,,,
08/01/2026,NEW HOLLAND,Tractor Serie TM > Tractor Serie T8,300 s/levante Rod. dual 710/70 R42,u$s,52,,,,,,,,,144800.0,139000.0,133400.0,,,,,
08/01/2026,NEW HOLLAND,Tractor Serie TM > Tractor Serie T8,300 c/levante Rod. dual 710/70 R42,u$s,52,,,,,,,,,147900.0,142000.0,136300.0,,,,,
08/01/2026,NEW HOLLAND,Tractor Serie TM > Tractor Serie T8,320 S/Levante dual,u$s,52,246000.0,236200.0,226700.0,217600.0,208900.0,200600.0,192600.0,,,,,,,,,
08/01/2026,NEW HOLLAND,Tractor Serie TM > Tractor Serie T8,320 C/Levante dual,u$s,52,253000.0,242900.0,233200.0,223800.0,214900.0,206300.0,198000.0,,,,,,,,,
08/01/2026,NEW HOLLAND,Tractor Serie TM > Tractor Serie T8,330 s/levante Rod. dual 710/70 R42,u$s,52,,,,,,,,,180000.0,171000.0,162000.0,,,,,
08/01/2026,NEW HOLLAND,Tractor Serie TM > Tractor Serie T8,330 c/levante Rod. dual 710/70 R42,u$s,52,,,,,,,,,185000.0,175500.0,166000.0,,,,,
08/01/2026,NEW HOLLAND,Tractor Serie TM > Tractor Serie T8,350 S/Levante dual,u$s,52,263000.0,252500.0,242400.0,232700.0,223400.0,214400.0,205900.0,,,,,,,,,
08/01/2026,NEW HOLLAND,Tractor Serie TM > Tractor Serie T8,350 C/Levante dual,u$s,52,270000.0,259200.0,248800.0,238900.0,229300.0,220200.0,211300.0,,,,,,,,,
08/01/2026,NEW HOLLAND,Tractor Serie TM > Tractor Serie T8,360 s/levante Rod. dual 710/70 R42,u$s,52,,,,,,,,,191000.0,181500.0,172000.0,,,,,
08/01/2026,NEW HOLLAND,Tractor Serie TM > Tractor Serie T8,360 c/levante Rod. dual 710/70 R42,u$s,52,,,,,,,,,198000.0,188500.0,179000.0,,,,,
08/01/2026,NEW HOLLAND,Tractor Serie TM > Tractor Serie T8,380 S/Levante dual,u$s,52,281000.0,269800.0,259000.0,248600.0,238700.0,229100.0,220000.0,,,,,,,,,
08/01/2026,NEW HOLLAND,Tractor Serie TM > Tractor Serie T8,380 C/Levante dual,u$s,53,288000.0,276500.0,265400.0,254800.0,244600.0,234800.0,225400.0,,,,,,,,,
08/01/2026,NEW HOLLAND,Tractor Serie T8,390 s/levante Rod. dual 710/70 R42,u$s,54,,,,,,,,,208000.0,197500.0,187000.0,,,,,
08/01/2026,NEW HOLLAND,Tractor Serie T8,390 c/levante Rod. dual 710/70 R42,u$s,54,,,,,,,,,172000.0,163500.0,155000.0,,,,,
08/01/2026,NEW HOLLAND,Tractor Serie T8,410 S/Levante dual,u$s,54,304000.0,291800.0,280200.0,269000.0,258200.0,247900.0,238000.0,,,,,,,,,
08/01/2026,NEW HOLLAND,Tractor Serie T8,410 C/Levante dual,u$s,54,311000.0,298600.0,286600.0,275200.0,264100.0,253600.0,243400.0,,,,,,,,,
08/01/2026,NEW HOLLAND,Tractor Serie T8,320 s/levante rodado dual 710/70 R42,u$s,54,256139.0,245900.0,236100.0,226600.0,217600.0,208800.0,200500.0,192500.0,184800.0,177400.0,,,,,,
08/01/2026,NEW HOLLAND,Tractor Serie T8,320 c/levante rodado dual 710/70 R42,u$s,54,263653.0,253100.0,243000.0,233300.0,223900.0,215000.0,206400.0,198100.0,190200.0,182600.0,,,,,,
08/01/2026,NEW HOLLAND,Tractor Serie T8,350 s/levante rodado dual 710/70 R42,u$s,54,284317.0,272900.0,262000.0,251500.0,241500.0,231800.0,222600.0,213600.0,205100.0,196900.0,,,,,,
08/01/2026,NEW HOLLAND,Tractor Serie T8,350 c/levante rodado dual 710/70 R42,u$s,54,291831.0,280200.0,269000.0,258200.0,247900.0,238000.0,228400.0,219300.0,210500.0,202100.0,,,,,,
08/01/2026,NEW HOLLAND,Tractor Serie T8,380 s/levante rodado dual 710/70 R42,u$s,54,306527.0,294300.0,282500.0,271200.0,260300.0,249900.0,239900.0,230300.0,221100.0,212300.0,,,,,,
08/01/2026,NEW HOLLAND,Tractor Serie T8,380 c/levante rodado dual 710/70 R42,u$s,54,314041.0,301500.0,289400.0,277800.0,266700.0,256100.0,245800.0,236000.0,226500.0,217500.0,,,,,,
08/01/2026,NEW HOLLAND,Tractor Serie T8,410 s/levante rodado dual 710/70 R42,u$s,54,328185.0,315100.0,302500.0,290400.0,278700.0,267600.0,256900.0,246600.0,236700.0,227300.0,,,,,,
08/01/2026,NEW HOLLAND,Tractor Serie T8,410 c/levante rodado dual 710/70 R42,u$s,54,335699.0,322300.0,309400.0,297000.0,285100.0,273700.0,262800.0,252300.0,242200.0,232500.0,,,,,,
08/01/2026,NEW HOLLAND,Tractor Serie T8 > Tractor Serie T8000,T8030 /4CLD con levante con Duales,u$s,54,,,,,,,,,119000.0,,,,,,,
08/01/2026,NEW HOLLAND,Tractor Serie T8 > Tractor Serie T8000,T8040 /4CLD con levante con Duales,u$s,54,,,,,,,,,136000.0,,,,,,,
08/01/2026,NEW HOLLAND,Tractor Serie T8 > Tractor Serie T8000,T8050 /4CLD con levante con Duales,u$s,54,,,,,,,,,160000.0,,,,,,,
08/01/2026,NEW HOLLAND,Tractor Serie T8 > Tractor Serie T9,505/900P rodado paton 900/50 R42,u$s,54,409513.0,393100.0,377400.0,362300.0,347800.0,333900.0,,,,,,,,,,
08/01/2026,NEW HOLLAND,Tractor Serie T8 > Tractor Serie T9,505/710D rodado dual 710/50 R42,u$s,54,416917.0,400200.0,384200.0,368900.0,354100.0,339900.0,,,,,,,,,,
08/01/2026,NEW HOLLAND,Tractor Serie T8 > Tractor Serie T9,505/900D rodado dual 900/50 R42,u$s,55,423215.0,406300.0,390000.0,374400.0,359500.0,345100.0,,,,,,,,,,
08/01/2026,NEW HOLLAND,Cosechadoras Línea TC,Cosechadora TC5070 con cabezal 25 pies s/carro,u$s,55,195585.0,187800.0,180300.0,173000.0,166100.0,159500.0,153100.0,,,,,,,,,
08/01/2026,NEW HOLLAND,Cosechadoras Línea TC,TC5070 4WD Hydro cabezal 25 pies,u$s,55,,,,,,,183000.0,176500.0,170000.0,161500.0,153000.0,,,,,
08/01/2026,NEW HOLLAND,Cosechadoras Línea TC,TC5070 con cabezal 25 pies s/carro,u$s,55,,,,,,200000.0,,,,,,,,,,
08/01/2026,NEW HOLLAND,Cosechadoras Línea TC,Cosechadora TC5090 con cabezal 25 pies s/carro,u$s,55,223100.0,214200.0,205600.0,197400.0,189500.0,181900.0,174600.0,,,,,,,,,
08/01/2026,NEW HOLLAND,Cosechadoras Línea TC,Cosechadora TC5090 Híbrida Separación Rotativa 4WD,u$s,55,254703.0,244500.0,234700.0,225300.0,216300.0,207700.0,199400.0,,,,,,,,,
08/01/2026,NEW HOLLAND,Cosechadoras Línea TC,TC5090 Híbrida Separación Rotativa 4WD,u$s,55,,,,,,228400.0,,,,,,,,,,
08/01/2026,NEW HOLLAND,Cosechadoras Serie CS,CS660R 2WD,u$s,55,,,,,,,,,170000.0,160000.0,150000.0,145000.0,140000.0,138000.0,135000.0,
08/01/2026,NEW HOLLAND,Cosechadoras Serie CS,CS660/2D Dual 2WD,u$s,55,,,,,,,,,175000.0,165000.0,155000.0,150000.0,145000.0,143000.0,140000.0,
08/01/2026,NEW HOLLAND,Cosechadoras Serie CS,CS660R/4 4WD,u$s,55,,,,,,,,,185000.0,175000.0,165000.0,160000.0,150000.0,148000.0,145000.0,
08/01/2026,NEW HOLLAND,Cosechadoras Serie CS,CS60960/4D 4WD separación rotativa,u$s,55,,,,,,,,,190000.0,180000.0,170000.0,,,,,
08/01/2026,NEW HOLLAND,Cosechadoras Serie CR,5.85 2WD - 900/60 R32,u$s,55,329622.0,316400.0,303800.0,291600.0,280000.0,268800.0,258000.0,,,,,,,,,
08/01/2026,NEW HOLLAND,Cosechadoras Serie CR,5.85 2 WD rodado 900 plataforma 30 pies,u$s,55,388000.0,372500.0,357600.0,343300.0,329500.0,316400.0,303700.0,,,,,,,,,
08/01/2026,NEW HOLLAND,Cosechadoras Serie CR,6.80 2WD rodado 900/60 R32,u$s,55,404762.0,388600.0,373000.0,358100.0,343800.0,330000.0,316800.0,,,,,,,,,
08/01/2026,NEW HOLLAND,Cosechadoras Serie CR,6.80 2WD - 520/85 R42 Dual,u$s,55,417359.0,400700.0,384600.0,369300.0,354500.0,340300.0,326700.0,,,,,,,,,
08/01/2026,NEW HOLLAND,Cosechadoras Serie CR,6.80 4WD - 520/85 R42 Dual,u$s,55,439017.0,421500.0,404600.0,388400.0,372900.0,358000.0,343600.0,,,,,,,,,
08/01/2026,NEW HOLLAND,Cosechadoras Serie CR,7.90 2WD - 900/60 R32,u$s,55,488189.0,468700.0,449900.0,431900.0,414600.0,398100.0,382100.0,,,,,,,,,
08/01/2026,NEW HOLLAND,Cosechadoras Serie CR,7.90 2WD - 520/85 R42 Dual,u$s,55,500786.0,480800.0,461500.0,443100.0,425300.0,408300.0,392000.0,,,,,,,,,
08/01/2026,NEW HOLLAND,Cosechadoras Serie CR,7.90 4WD - 520/85 R42 Dual,u$s,55,522444.0,501500.0,481500.0,462200.0,443700.0,426000.0,408900.0,,,,,,,,,
08/01/2026,NEW HOLLAND,Cosechadoras Serie CR,8.90 4WD - 620/70 R42 Dual,u$s,55,637033.0,611600.0,587100.0,563600.0,541100.0,519400.0,498600.0,,,,,,,,,
08/01/2026,NEW HOLLAND,Cosechadoras Serie CR,CR980 4WD Dual,u$s,55,797589.0,765700.0,735100.0,705700.0,677400.0,650300.0,624300.0,,,,,,,,,
08/01/2026,NEW HOLLAND,Cosechadoras Serie CR,CR6080 2WD Argentina,u$s,55,,,,,,,,,200000.0,185000.0,170000.0,,,,,
08/01/2026,NEW HOLLAND,Cosechadoras Serie CR,CR6080 2WD Argentina c/plataforma,u$s,56,,,,,,,,,220000.0,205000.0,190000.0,,,,,
08/01/2026,NEW HOLLAND,Cosechadoras Serie CR,CR9060B/2D Dual 2WD Argentina,u$s,56,,,,,,,,,245000.0,225400.0,207400.0,,,,,
08/01/2026,NEW HOLLAND,Cosechadoras Serie CR,CR9060B 4WD Argentina,u$s,56,,,,,,,,,235000.0,216200.0,198900.0,,,,,
08/01/2026,NEW HOLLAND,Cosechadoras Serie CR,CR9060 2WD Bélgica,u$s,56,,,,,,,,,235000.0,216200.0,198900.0,,,,,
08/01/2026,NEW HOLLAND,Cosechadoras Serie CR,CR9060/D Dual 2WD Bélgica,u$s,56,,,,,,,,,245000.0,225400.0,207400.0,,,,,
08/01/2026,NEW HOLLAND,Cosechadoras Serie CR,CR9080/4D Dual 4WD Argentina,u$s,56,,,,,,,,,285000.0,262200.0,241200.0,,,,,
08/01/2026,NEW HOLLAND,Cosechadoras Brand,B 9060 P/Uva despalillador iman,u$s,56,,,,,,,225000.0,,,,,,,,,
08/01/2026,NEW HOLLAND,Cosechadoras Brand,B9090L - P/Uva con Despalillador Imán,u$s,56,511173.0,490700.0,471100.0,452300.0,434200.0,,,,,,,,,,,
08/01/2026,NEW HOLLAND,Cosechadoras Brand,B9090 - P/Uva despalillador iman,u$s,56,,,,,,,325000.0,,,,,,,,,
08/01/2026,NEW HOLLAND,Cosechadoras Brand,9090XB - P/Olivo/Uva con Despalillador,u$s,56,515040.0,494400.0,474700.0,455700.0,437400.0,,,,,,,,,,,
08/01/2026,NEW HOLLAND,Cosechadoras Brand,VL606A Uva s/Despalillador,u$s,56,,,,,,,,,295000.0,,,,,,,
08/01/2026,NEW HOLLAND,Cosechadoras Brand,VL606A Uva y Olivo c/Despalillador,u$s,56,,,,,,,350000.0,332500.0,315000.0,300000.0,285000.0,,,,,
08/01/2026,NEW HOLLAND,Cosechadoras Brand,VX7090 Olivo s/Despalillador,u$s,56,,,,,,,,,305000.0,290000.0,275000.0,,,,,
08/01/2026,NEW HOLLAND,Cosechadoras Brand,VX7090 Olivo c/Despalillador,u$s,56,,,,,,,,,322000.0,306000.0,290000.0,,,,,
08/01/2026,NEW HOLLAND,Cosechadoras Brand,Defensor SP SP2500 4WD 27M 13.6 R38 - Pulverizador,u$s,56,253266.0,243100.0,233400.0,224100.0,215100.0,206500.0,198200.0,,,,,,,,,
08/01/2026,NEW HOLLAND,Cosechadoras Brand,SP3000 4WD 36.6M 320/90 R42 - Pulverizador,u$s,56,259233.0,248900.0,238900.0,229400.0,220200.0,211400.0,202900.0,,,,,,,,,
08/01/2026,NEW HOLLAND,Cosechadoras Brand,SP3500 4WD 36.6M 380/90 R46 - Pulverizador,u$s,56,294593.0,282800.0,271500.0,260600.0,250200.0,240200.0,230600.0,,,,,,,,,
08/01/2026,NEW HOLLAND,Cabezales,CAB/F25 - TC5090 Cabezal de 25 pies,u$s,56,,,,,,,36000.0,,,,,,,,,
08/01/2026,NEW HOLLAND,Cabezales,H72001 CSYER Cabezal 30 pies,u$s,56,,,,,,,40000.0,,,,,,,,,
08/01/2026,NEW HOLLAND,Cabezales,CAB30 CR9080 - 9060 Cabezal de 35 pies p/CR,u$s,56,,,,,,,45000.0,,,,,,,,,
08/01/2026,NEW HOLLAND,Cabezales,CABR25R 25 pies rígido p/TC5090 Arrocera Separación Rotativa,u$s,57,52709.0,50600.0,48600.0,46600.0,44800.0,,,,,,,,,,,
08/01/2026,NEW HOLLAND,Cabezales,CAB25F/TC Cabezal de 25 pies Super Flex para TC,u$s,57,53703.0,51600.0,49500.0,47500.0,45600.0,,,,,,,,,,,
08/01/2026,NEW HOLLAND,Cabezales,CAB25F/CR Cabezal de 25 pies Super Flex para CR,u$s,57,53703.0,51600.0,49500.0,47500.0,45600.0,,,,,,,,,,,
08/01/2026,NEW HOLLAND,Cabezales,CAB30F Cabezal SuperFlex de 30 pies para CS y CR,u$s,57,57902.0,55600.0,53400.0,51200.0,49200.0,,,,,,,,,,,
08/01/2026,NEW HOLLAND,Cabezales,CAB35F Cabezal SuperFlex de 35 pies para CR,u$s,57,66632.0,64000.0,61400.0,59000.0,56600.0,,,,,,,,,,,
08/01/2026,NEW HOLLAND,Cabezales,CAB35 Cabezal de 35 pies DRAPER,u$s,57,140998.0,135400.0,129900.0,124700.0,119800.0,,,,,,,,,,,
08/01/2026,NEW HOLLAND,Cabezales,CAB40 Cabezal de 40 pies DRAPER,u$s,57,147180.0,141300.0,135600.0,130200.0,125000.0,,,,,,,,,,,
08/01/2026,NEW HOLLAND,Cabezales,CAB45 Cabezal de 45 pies DRAPER,u$s,57,160778.0,154300.0,148200.0,142200.0,136600.0,,,,,,,,,,,
08/01/2026,NEW HOLLAND,Cabezales,16DHRN - DB416R de discos p/segadora autoprop. SR 200,u$s,57,59670.0,57300.0,55000.0,52800.0,50700.0,,,,,,,,,,,
08/01/2026,NEW HOLLAND,Cabezales,HS0016 - HS016R corte alternativo p/segadora autoprop. SR 200,u$s,57,47404.0,45500.0,43700.0,41900.0,40300.0,,,,,,,,,,,
08/01/2026,NEW HOLLAND,Cabezales,60BFI - de discos para corte en hileras para FR,u$s,57,159120.0,152800.0,146600.0,140800.0,135100.0,,,,,,,,,,,
08/01/2026,NEW HOLLAND,Cabezales,75BFI - de discos para corte en hileras para FR,u$s,57,215250.0,206600.0,198400.0,190400.0,182800.0,,,,,,,,,,,
08/01/2026,NEW HOLLAND,Cabezales,90BFI - de discos para corte en hileras para FR,u$s,57,264900.0,254300.0,244100.0,234400.0,225000.0,,,,,,,,,,,
08/01/2026,NEW HOLLAND,Cabezales,380FP - 380 recolectores de pastura para FR,u$s,57,46741.0,44900.0,43100.0,41400.0,39700.0,,,,,,,,,,,
08/01/2026,NEW HOLLAND,Cabezales,Enfardadora BB1270 Plus - Enfardadora prismática C/Rotor Cutter 29 Cuchillas,u$s,57,242658.0,233000.0,223600.0,214700.0,206100.0,197900.0,,,,,,,,,,
08/01/2026,NEW HOLLAND,Cabezales,Picadora FR600 - Picadora de forrajes,u$s,57,493161.0,473400.0,454500.0,436300.0,418900.0,402100.0,,,,,,,,,,
08/01/2026,NEW HOLLAND,Cabezales,FR780 - Picadora de forrajes,u$s,57,659685.0,633300.0,608000.0,583600.0,560300.0,537900.0,,,,,,,,,,
08/01/2026,NEW HOLLAND,Cabezales,Rotoenfardadora RB460C,u$s,58,62430.0,59900.0,57500.0,55200.0,53000.0,,,,,,,,,,,
08/01/2026,NEW HOLLAND,Cabezales,RB560X,u$s,58,67847.0,65100.0,62500.0,60000.0,57600.0,,,,,,,,,,,
08/01/2026,NEW HOLLAND,Cabezales,Segadora 313RDB - Segadora de arrastre,u$s,58,63095.0,60600.0,58100.0,55800.0,53600.0,51400.0,,,,,,,,,,
08/01/2026,NEW HOLLAND,Cabezales,SR200 - Segadora autopropulsada,u$s,58,135694.0,130300.0,125100.0,120100.0,115300.0,110600.0,,,,,,,,,,
08/01/2026,NEW HOLLAND,Cabezales,SR200 Merger - Segadora autopropulsada,u$s,58,150059.0,144100.0,138300.0,132800.0,127500.0,122400.0,,,,,,,,,,
08/01/2026,PAUNY,Tractores,125P - Baja Potencia,u$s,58,22450.0,21600.0,20700.0,,,,,,,,,,,,,
08/01/2026,PAUNY,Tractores,135A - Baja Potencia,u$s,58,35200.0,33800.0,32400.0,,,,,,,,,,,,,
08/01/2026,PAUNY,Tractores,150A - Baja Potencia,u$s,58,43000.0,41300.0,39600.0,,,,,,,,,,,,,
08/01/2026,PAUNY,Tractores,160AV - Baja Potencia,u$s,58,52800.0,50700.0,48700.0,,,,,,,,,,,,,
08/01/2026,PAUNY,Tractores,230CC R18.4X34 Simple,$,58,26227000.0,25177900.0,24170800.0,23204000.0,22275800.0,21384800.0,20529400.0,19708200.0,18919900.0,18163100.0,17436600.0,16739100.0,16069500.0,15426800.0,14809700.0,
08/01/2026,PAUNY,Tractores,230CC R23.1x30 Simple,$,58,26727000.0,25657900.0,24631600.0,23646300.0,22700500.0,21792500.0,20920800.0,20083900.0,19280600.0,,,,,,,
08/01/2026,PAUNY,Tractores,230CC R18.4X34 Dual,$,58,27643000.0,26537300.0,25475800.0,24456800.0,23478500.0,22539300.0,21637800.0,,,,,,,,,
08/01/2026,PAUNY,Tractores,250CC R18.4x34 Simple,$,58,27570000.0,26467200.0,25408500.0,24392200.0,23416500.0,22479800.0,21580600.0,20717400.0,19888700.0,19093200.0,18329400.0,17596300.0,16892400.0,16216700.0,15568000.0,
08/01/2026,PAUNY,Tractores,250CC R18.4x34 Dual,$,58,28983000.0,27823700.0,26710700.0,25642300.0,24616600.0,23631900.0,22686700.0,,,,,,,,,
08/01/2026,PAUNY,Tractores,250CC R23.1x30 Simple,$,58,28073000.0,26950100.0,25872100.0,24837200.0,23843700.0,22890000.0,21974400.0,,,,,,,,,
08/01/2026,PAUNY,Tractores,180A R16.9x30 Simple,$,58,18707000.0,17958700.0,17240400.0,16550800.0,15888700.0,15253200.0,14643100.0,14057300.0,13495000.0,,,,,,,
08/01/2026,PAUNY,Tractores,180A R13.6x38 Simple,$,58,19172000.0,18405100.0,17668900.0,16962200.0,16283700.0,15632300.0,15007000.0,14406800.0,13830500.0,,,,,,,
08/01/2026,PAUNY,Tractores,180AV R14.9x28 Simple,$,58,18836000.0,18082600.0,17359300.0,16664900.0,15998300.0,15358400.0,14744000.0,14154300.0,13588100.0,,,,,,,
08/01/2026,PAUNY,Tractores,180C R16.9x30 Simple,$,58,17671000.0,16964200.0,16285600.0,15634200.0,15008800.0,14408500.0,13832100.0,13278800.0,12747700.0,,,,,,,
08/01/2026,PAUNY,Tractores,180A R16.9x30 Simple C/Techo,$,58,18956000.0,18197800.0,17469900.0,16771100.0,16100200.0,15456200.0,14838000.0,14244400.0,13674700.0,,,,,,,
08/01/2026,PAUNY,Tractores,180A R13.6x38 Simple C/Techo,$,58,19423000.0,18646100.0,17900200.0,17184200.0,16496900.0,15837000.0,15203500.0,14595400.0,14011600.0,,,,,,,
08/01/2026,PAUNY,Tractores,180AV R14.9x28 Simple C/Techo,$,58,19083000.0,18319700.0,17586900.0,16883400.0,16208100.0,15559800.0,14937400.0,14339900.0,13766300.0,,,,,,,
08/01/2026,PAUNY,Tractores,180C R16.9x30 Simple C/Techo,$,58,17926000.0,17209000.0,16520600.0,15859800.0,15225400.0,14616400.0,14031700.0,13470400.0,12931600.0,,,,,,,
08/01/2026,PAUNY,Tractores,180A R16.9x30 Simple C/Cabina,$,58,21630000.0,20764800.0,19934200.0,19136800.0,18371400.0,17636500.0,16931100.0,16253800.0,15603700.0,,,,,,,
08/01/2026,PAUNY,Tractores,180A R13.6x38 Simple C/Cabina,$,59,22090000.0,21206400.0,20358100.0,19543800.0,18762100.0,18011600.0,17291100.0,16599500.0,15935500.0,,,,,,,
08/01/2026,PAUNY,Tractores,180AV R14.9x28 Simple C/Cabina,$,59,21751000.0,20881000.0,20045700.0,19243900.0,18474100.0,17735200.0,17025800.0,16344700.0,15690900.0,,,,,,,
08/01/2026,PAUNY,Tractores,180C R16.9x30 Simple C/Cabina,$,59,20598000.0,19774100.0,18983100.0,18223800.0,17494800.0,16795000.0,16123200.0,15478300.0,14859200.0,,,,,,,
08/01/2026,PAUNY,Tractores,210A R18.4x34 Simple S/Techo,$,59,23586000.0,22642600.0,21736900.0,20867400.0,20032700.0,19231400.0,18462100.0,,,,,,,,,
08/01/2026,PAUNY,Tractores,210C R18.4x34 Simple S/Techo,$,59,22533000.0,21631700.0,20766400.0,19935800.0,19138300.0,18372800.0,17637900.0,,,,,,,,,
08/01/2026,PAUNY,Tractores,210A R18.4x34 Simple C/Techo,$,59,23972000.0,23013100.0,22092600.0,21208900.0,20360500.0,19546100.0,18764300.0,,,,,,,,,
08/01/2026,PAUNY,Tractores,210C R18.4x34 Simple C/Techo,$,59,22918000.0,22001300.0,21121200.0,20276400.0,19465300.0,18686700.0,17939200.0,,,,,,,,,
08/01/2026,PAUNY,Tractores,210A R18.4x34 Simple C/Cabina,$,59,26505000.0,25444800.0,24427000.0,23449900.0,22511900.0,21611500.0,20747000.0,,,,,,,,,
08/01/2026,PAUNY,Tractores,210C R18.4x34 Simple C/Cabina,$,59,25445000.0,24427200.0,23450100.0,22512100.0,21611600.0,20747200.0,19917300.0,,,,,,,,,
08/01/2026,PAUNY,Tractores,230A RD12.4x28 - RT18.4x34 Simple,$,59,28498000.0,27358100.0,26263800.0,25213200.0,24204700.0,23236500.0,22307000.0,,,,,,,,,
08/01/2026,PAUNY,Tractores,230A RD16.9x28 - RT18.4x38 Simple,$,59,28779000.0,27627800.0,26522700.0,25461800.0,24443300.0,23465600.0,22527000.0,,,,,,,,,
08/01/2026,PAUNY,Tractores,230A R23.1x30 Simple C/Techo,$,59,28973000.0,27814100.0,26701500.0,25633500.0,24608100.0,23623800.0,22678800.0,,,,,,,,,
08/01/2026,PAUNY,Tractores,250A R23.1x30 Simple C/Techo,$,59,30610000.0,29385600.0,28210200.0,27081800.0,25998500.0,24958600.0,23960200.0,,,,,,,,,
08/01/2026,PAUNY,Tractores,230A EVO R15.5x38 Simple,$,59,30988000.0,29748500.0,28558500.0,27416200.0,26319600.0,25266800.0,24256100.0,23285900.0,22354400.0,21460200.0,20601800.0,19777800.0,18986700.0,18227200.0,17498100.0,
08/01/2026,PAUNY,Tractores,230A EVO R15.5x38 Dual,$,59,32524000.0,31223000.0,29974100.0,28775200.0,27624100.0,26519200.0,25458400.0,,,,,,,,,
08/01/2026,PAUNY,Tractores,230A EVO R18.4x34 Simple,$,59,30988000.0,29748500.0,28558500.0,27416200.0,26319600.0,25266800.0,24256100.0,23285900.0,22354400.0,21460200.0,20601800.0,,,,,
08/01/2026,PAUNY,Tractores,230A EVO R18.4x34 Dual,$,59,31490000.0,30230400.0,29021200.0,27860300.0,26745900.0,25676100.0,24649000.0,23663100.0,22716600.0,,,,,,,
08/01/2026,PAUNY,Tractores,230A EVO R23.1x30 Simple,$,60,32398000.0,31102100.0,29858000.0,28663700.0,27517100.0,26416400.0,25359800.0,,,,,,,,,
08/01/2026,PAUNY,Tractores,230A EVO R18.4x38 Simple,$,60,31313000.0,30060500.0,28858100.0,27703700.0,26595600.0,25531800.0,24510500.0,23530100.0,22588900.0,21685300.0,20817900.0,,,,,
08/01/2026,PAUNY,Tractores,250A EVO R15.5x38 Simple,$,60,32908000.0,31591700.0,30328000.0,29114900.0,27950300.0,26832300.0,25759000.0,24728600.0,23739500.0,22789900.0,21878300.0,21003200.0,20163100.0,19356500.0,18582300.0,
08/01/2026,PAUNY,Tractores,250A EVO R15.5x38 Dual,$,60,34442000.0,33064300.0,31741700.0,30472100.0,29253200.0,28083100.0,26959700.0,,,,,,,,,
08/01/2026,PAUNY,Tractores,250A EVO R18.4x34 Simple,$,60,32908000.0,31591700.0,30328000.0,29114900.0,27950300.0,26832300.0,25759000.0,,,,,,,,,
08/01/2026,PAUNY,Tractores,250A EVO R18.4x34 Dual,$,60,33238000.0,31908500.0,30632100.0,29406900.0,28230600.0,27101400.0,26017300.0,,,,,,,,,
08/01/2026,PAUNY,Tractores,250A EVO R18.4x38 Simple,$,60,33405000.0,32068800.0,30786000.0,29554600.0,28372400.0,27237500.0,26148000.0,,,,,,,,,
08/01/2026,PAUNY,Tractores,250A EVO R18.4x38 Dual,$,60,33735000.0,32385600.0,31090200.0,29846600.0,28652700.0,27506600.0,26406300.0,,,,,,,,,
08/01/2026,PAUNY,Tractores,250A EVO R23.1x30 Simple,$,60,34315000.0,32942400.0,31624700.0,30359700.0,29145300.0,27979500.0,26860300.0,,,,,,,,,
08/01/2026,PAUNY,Tractores,250A EVO R24.5x32 Simple,$,60,34775000.0,33384000.0,32048600.0,30766700.0,29536000.0,28354600.0,27220400.0,,,,,,,,,
08/01/2026,PAUNY,Tractores,280A EVO R24.5x32 Simple,$,60,37139000.0,35653400.0,34227300.0,32858200.0,31543900.0,30282100.0,29070800.0,27908000.0,26791700.0,25720000.0,24691200.0,23703600.0,22755400.0,21845200.0,20971400.0,
08/01/2026,PAUNY,Tractores,280A EVO R18.4x38 Dual,$,60,37143000.0,35657300.0,34231000.0,32861700.0,31547300.0,30285400.0,29074000.0,,,,,,,,,
08/01/2026,PAUNY,Tractores,500C EVO R24.5x32 Simple,$,60,44474000.0,42695000.0,40987200.0,39347700.0,37773800.0,36262900.0,34812400.0,,,,,,,,,
08/01/2026,PAUNY,Tractores,500C EVO R23.1x30 Simple,$,60,44051000.0,42289000.0,40597400.0,38973500.0,37414600.0,35918000.0,34481300.0,,,,,,,,,
08/01/2026,PAUNY,Tractores,500C EVO R18.4x38 Dual,$,60,48411000.0,46474600.0,44615600.0,42831000.0,41117700.0,39473000.0,37894100.0,,,,,,,,,
08/01/2026,PAUNY,Tractores,500C EVO R18.4x38 Simple,$,60,43709000.0,41960600.0,40282200.0,38670900.0,37124100.0,35639100.0,34213600.0,,,,,,,,,
08/01/2026,PAUNY,Tractores,500C EVO R18.4x34 Dual,$,60,48411000.0,46474600.0,44615600.0,42831000.0,41117700.0,39473000.0,37894100.0,,,,,,,,,
08/01/2026,PAUNY,Tractores,500C EVO R18.4x34 Simple,$,60,43063000.0,41340500.0,39686900.0,38099400.0,36575400.0,35112400.0,33707900.0,32359600.0,31065200.0,29822600.0,28629700.0,,,,,
08/01/2026,PAUNY,Tractores,500C EVO ECOFRIENDLY,$,60,80600000.0,77376000.0,74281000.0,71309700.0,68457300.0,65719000.0,63090300.0,,,,,,,,,
08/01/2026,PAUNY,Tractores,540C EVO R18.4x34 Simple,$,60,44866000.0,43071400.0,41348500.0,39694600.0,38106800.0,36582500.0,35119200.0,33714400.0,32365900.0,31071200.0,29828400.0,,,,,
08/01/2026,PAUNY,Tractores,540C EVO R18.4 x34 Dual,$,60,47132000.0,45246700.0,43436900.0,41699400.0,40031400.0,38430100.0,36892900.0,,,,,,,,,
08/01/2026,PAUNY,Tractores,540C EVO R18.4x38 Simple,$,60,45509000.0,43688600.0,41941100.0,40263500.0,38652900.0,37106800.0,35622500.0,,,,,,,,,
08/01/2026,PAUNY,Tractores,540C EVO R18.4x38 Dual,$,60,50211000.0,48202600.0,46274500.0,44423500.0,42646500.0,40940700.0,39303100.0,,,,,,,,,
08/01/2026,PAUNY,Tractores,540C EVO R23.1x30 Simple,$,60,45843000.0,44009300.0,42248900.0,40559000.0,38936600.0,37379100.0,35884000.0,,,,,,,,,
08/01/2026,PAUNY,Tractores,540C EVO R24.5x32 Simple,$,60,46281000.0,44429800.0,42652600.0,40946500.0,39308600.0,37736300.0,36226800.0,,,,,,,,,
08/01/2026,PAUNY,Tractores,580C EVO R18.4x34 Simple,$,61,,,,,,33305600.0,30974200.0,28806000.0,26789600.0,25450100.0,24177600.0,,,,,
08/01/2026,PAUNY,Tractores,580C EVO R18.4x34 Dual,$,61,,,,,,34304800.0,31903500.0,,,,,,,,,
08/01/2026,PAUNY,Tractores,580C EVO R18.4x38 Simple,$,61,,,,,,35333900.0,32860600.0,,,,,,,,,
08/01/2026,PAUNY,Tractores,580C EVO R18.4x38 Dual,$,61,,,,,,36394000.0,33846400.0,,,,,,,,,
08/01/2026,PAUNY,Tractores,580C EVO R23.1x30 Simple,$,61,,,,,,37485800.0,34861800.0,,,,,,,,,
08/01/2026,PAUNY,Tractores,580C EVO R23.1x30 Dual,$,61,,,,,,38610300.0,35907600.0,,,,,,,,,
08/01/2026,PAUNY,Tractores,580C EVO R24.5x32 Simple,$,61,,,,,,39768700.0,36984900.0,,,,,,,,,
08/01/2026,PAUNY,Tractores,500 Bravo R18.4 x 34 Simple,$,61,,,,,,38638800.0,35934100.0,,,,,,,,,
08/01/2026,PAUNY,Tractores,500 Bravo R18.4 x 34 Dual,$,61,,,,,,41369100.0,38473200.0,,,,,,,,,
08/01/2026,PAUNY,Tractores,500 Bravo R18.4 x 38 Simple,$,61,,,,,,39071100.0,36336100.0,,,,,,,,,
08/01/2026,PAUNY,Tractores,500 Bravo R18.4 x 38 Dual,$,61,,,,,,42230800.0,39274600.0,,,,,,,,,
08/01/2026,PAUNY,Tractores,500 Bravo R23.1 x 30 Simple,$,61,,,,,,39299800.0,36548800.0,,,,,,,,,
08/01/2026,PAUNY,Tractores,500 Bravo R24.5 x 32 Simple,$,61,,,,,,39587000.0,36815900.0,,,,,,,,,
08/01/2026,PAUNY,Tractores,540 Bravo R18.4 x 34 Simple,$,61,57598000.0,55294100.0,53082300.0,50959000.0,48920700.0,46963800.0,45085300.0,,,,,,,,,
08/01/2026,PAUNY,Tractores,540 Bravo R18.4 x 34 Dual,$,61,61663000.0,59196500.0,56828600.0,54555500.0,52373300.0,50278300.0,48267200.0,,,,,,,,,
08/01/2026,PAUNY,Tractores,540 Bravo R18.4 x 38 Simple,$,61,58242000.0,55912300.0,53675800.0,51528800.0,49467600.0,47488900.0,45589400.0,,,,,,,,,
08/01/2026,PAUNY,Tractores,540 Bravo R18.4 x 38 Dual,$,61,62943000.0,60425300.0,58008300.0,55687900.0,53460400.0,51322000.0,49269100.0,,,,,,,,,
08/01/2026,PAUNY,Tractores,540 Bravo R23.1 x 30 Simple,$,61,58581000.0,56237800.0,53988300.0,51828700.0,49755600.0,47765300.0,45854700.0,,,,,,,,,
08/01/2026,PAUNY,Tractores,540 Bravo R24.5 x 32 Simple,$,61,59014000.0,56653400.0,54387300.0,52211800.0,50123300.0,48118400.0,46193700.0,,,,,,,,,
08/01/2026,PAUNY,Tractores,580 Bravo R18.4x34 Simple,$,61,67412000.0,64715500.0,62126900.0,59641800.0,57256200.0,54965900.0,52767300.0,50656600.0,48630300.0,46685100.0,44817700.0,,,,,
08/01/2026,PAUNY,Tractores,580 Bravo R18.4x34 Dual,$,61,71472000.0,68613100.0,65868600.0,63233900.0,60704500.0,58276300.0,55945300.0,,,,,,,,,
08/01/2026,PAUNY,Tractores,580 Bravo R18.4 x 38 Simple,$,61,68046000.0,65324200.0,62711200.0,60202700.0,57794600.0,55482900.0,53263500.0,,,,,,,,,
08/01/2026,PAUNY,Tractores,580 Bravo R18.4 x 38 Dual,$,61,72749000.0,69839000.0,67045500.0,64363700.0,61789100.0,59317500.0,56944800.0,,,,,,,,,
08/01/2026,PAUNY,Tractores,580 Bravo R23.1x30 Simple,$,61,68389000.0,65653400.0,63027300.0,60506200.0,58086000.0,55762500.0,53532000.0,,,,,,,,,
08/01/2026,PAUNY,Tractores,580 Bravo R23.1x30 Dual,$,61,73440000.0,70502400.0,67682300.0,64975000.0,62376000.0,59881000.0,57485700.0,,,,,,,,,
08/01/2026,PAUNY,Tractores,580 Bravo R24.5x32,$,61,68818000.0,66065300.0,63422700.0,60885800.0,58450300.0,56112300.0,53867800.0,,,,,,,,,
08/01/2026,PAUNY,Tractores,710 Bravo R23.1x30 Dual,$,62,83794000.0,80442200.0,77224600.0,74135600.0,71170100.0,68323300.0,65590400.0,,,,,,,,,
08/01/2026,PAUNY,Tractores,710 Bravo R18.4x38 Dual,$,62,83142000.0,79816300.0,76623700.0,73558700.0,70616400.0,67791700.0,65080000.0,62476800.0,59977800.0,57578700.0,55275500.0,,,,,
08/01/2026,PAUNY,Tractores,780ie Bravo Rodado 24.5x32 Dual,$,62,89484000.0,85904600.0,82468500.0,79169700.0,76002900.0,72962800.0,70044300.0,,,,,,,,,
08/01/2026,PAUNY,Tractores,500 Novo R18.4x34 Simple,$,62,50278000.0,48266900.0,46336200.0,44482800.0,42703400.0,40995300.0,39355500.0,,,,,,,,,
08/01/2026,PAUNY,Tractores,500 Novo R18.4x34 Dual,$,62,54345000.0,52171200.0,50084400.0,48081000.0,46157700.0,44311400.0,42539000.0,,,,,,,,,
08/01/2026,PAUNY,Tractores,500 Novo R18.4x38 Simple,$,62,50928000.0,48890900.0,46935200.0,45057800.0,43255500.0,41525300.0,39864300.0,,,,,,,,,
08/01/2026,PAUNY,Tractores,500 Novo R18.4x38 Dual,$,62,55628000.0,53402900.0,51266800.0,49216100.0,47247500.0,45357600.0,43543300.0,,,,,,,,,
08/01/2026,PAUNY,Tractores,500 Novo R23.1x30 Simple,$,62,51266000.0,49215400.0,47246700.0,45356900.0,43542600.0,41800900.0,40128900.0,,,,,,,,,
08/01/2026,PAUNY,Tractores,500 Novo R24.5x32 Simple,$,62,51689000.0,49621400.0,47636600.0,45731100.0,43901900.0,42145800.0,40460000.0,,,,,,,,,
08/01/2026,PAUNY,Tractores,540 Novo R18.4x34 Simple,$,62,52010000.0,49929600.0,47932400.0,46015100.0,44174500.0,42407500.0,40711200.0,,,,,,,,,
08/01/2026,PAUNY,Tractores,540 Novo R18.4x34 Dual,$,62,56074000.0,53831000.0,51677800.0,49610700.0,47626300.0,45721200.0,43892400.0,,,,,,,,,
08/01/2026,PAUNY,Tractores,540 Novo R18.4x38 Simple,$,62,52652000.0,50545900.0,48524100.0,46583100.0,44719800.0,42931000.0,41213800.0,,,,,,,,,
08/01/2026,PAUNY,Tractores,540 Novo R18.4x38 Dual,$,62,57359000.0,55064600.0,52862100.0,50747600.0,48717700.0,46769000.0,44898200.0,,,,,,,,,
08/01/2026,PAUNY,Tractores,540 Novo R23.1x30 Simple,$,62,53003000.0,50882900.0,48847600.0,46893700.0,45017900.0,43217200.0,41488500.0,,,,,,,,,
08/01/2026,PAUNY,Tractores,540 Novo R24.5x32 Simple,$,62,53426000.0,51289000.0,49237400.0,47267900.0,45377200.0,43562100.0,41819600.0,,,,,,,,,
08/01/2026,PAUNY,Tractores,580 Novo R18.4x34 Simple,$,62,61806000.0,59333800.0,56960400.0,54682000.0,52494700.0,50394900.0,48379100.0,,,,,,,,,
08/01/2026,PAUNY,Tractores,580 Novo R18.4x34 Dual,$,62,65877000.0,63241900.0,60712200.0,58283800.0,55952400.0,53714300.0,51565700.0,,,,,,,,,
08/01/2026,PAUNY,Tractores,580 Novo R18.4x38 Simple,$,62,62451000.0,59953000.0,57554800.0,55252600.0,53042500.0,50920800.0,48884000.0,,,,,,,,,
08/01/2026,PAUNY,Tractores,580 Novo R18.4x38 Dual,$,62,67151000.0,64465000.0,61886400.0,59410900.0,57034500.0,54753100.0,52563000.0,,,,,,,,,
08/01/2026,PAUNY,Tractores,580 Novo R23.1x30 Simple,$,62,62793000.0,60281300.0,57870000.0,55555200.0,53333000.0,51199700.0,49151700.0,,,,,,,,,
08/01/2026,PAUNY,Tractores,580 Novo R23.1x30 Dual,$,62,67842000.0,65128300.0,62523200.0,60022300.0,57621400.0,55316500.0,53103900.0,,,,,,,,,
08/01/2026,PAUNY,Tractores,580 Novo R24.5x32 Simple,$,62,63225000.0,60696000.0,58268200.0,55937400.0,53699900.0,51551900.0,49489900.0,,,,,,,,,
08/01/2026,PAUNY,Tractores,710 Novo R23.1x30 Dual,$,62,,,,,,46115200.0,42887100.0,,,,,,,,,
08/01/2026,PAUNY,Tractores,710 Novo R18.4x38 Dual,$,62,,,,,,49823200.0,46335500.0,,,,,,,,,
08/01/2026,PAUNY,Tractores,710ie Bravo R24.5x32 Dual,$,62,,,,,,46432400.0,43182200.0,,,,,,,,,
08/01/2026,PAUNY,Tractores,P-TRAC 160 HP EVO,$,63,,,,,,,,,25000000.0,24000000.0,23040000.0,,,,,
08/01/2026,PAUNY,Tractores,P-TRAC 160HP EVO R18.4x34,$,63,39647000.0,38061100.0,36538700.0,35077100.0,33674000.0,32327100.0,31034000.0,29792600.0,28600900.0,27456900.0,26358600.0,,,,,
08/01/2026,PAUNY,Tractores,P-TRAC 160HP EVO R23.1x30,$,63,40641000.0,39015400.0,37454700.0,35956600.0,34518300.0,33137600.0,31812100.0,30539600.0,29318000.0,28145300.0,27019500.0,,,,,
08/01/2026,PAUNY,Tractores,P-TRAC 180 HP EVO,$,63,,,,,,,,,32000000.0,30720000.0,29491200.0,,,,,
08/01/2026,PAUNY,Tractores,P-TRAC 180HP EVO R18.4x34,$,63,41227000.0,39577900.0,37994800.0,36475000.0,35016000.0,33615400.0,32270800.0,,,,,,,,,
08/01/2026,PAUNY,Tractores,P-TRAC 180HP EVO R23.1x30,$,63,42208000.0,40519700.0,38898900.0,37342900.0,35849200.0,34415300.0,33038600.0,,,,,,,,,
08/01/2026,PAUNY,Tractores,230CH Conv.Horticola R18.4x34 Simple C/Techo,$,63,25864000.0,24829400.0,23836300.0,22882800.0,21967500.0,21088800.0,20245200.0,19435400.0,18658000.0,,,,,,,
08/01/2026,PAUNY,Tractores,230CH Conv.Horticola R18.4x34,$,64,26227000.0,25177900.0,24170800.0,23204000.0,22275800.0,21384800.0,20529400.0,19708200.0,18919900.0,,,,,,,
08/01/2026,PAUNY,Tractores,230CH Conv.Horticola R15.5x38 Simple C/Techo,$,64,25864000.0,24829400.0,23836300.0,22882800.0,21967500.0,21088800.0,20245200.0,,,,,,,,,
08/01/2026,PAUNY,Tractores,230CH Conv.Horticola R15.5x38,$,64,26227000.0,25177900.0,24170800.0,23204000.0,22275800.0,21384800.0,20529400.0,,,,,,,,,
08/01/2026,PAUNY,Tractores,230AH EVO Asist.Horticola R18.4x34,$,64,30988000.0,29748500.0,28558500.0,27416200.0,26319600.0,25266800.0,24256100.0,,,,,,,,,
08/01/2026,PAUNY,Tractores,230AH Asist.Horticola R18.4 x34 C/Techo,$,64,29007000.0,27846700.0,26732900.0,25663500.0,24637000.0,23651500.0,22705500.0,,,,,,,,,
08/01/2026,PAUNY,Tractores,230AH EVO Asist.Horticola R15x38 Simple,$,64,30988000.0,29748500.0,28558500.0,27416200.0,26319600.0,25266800.0,24256100.0,,,,,,,,,
08/01/2026,PAUNY,Tractores,230AH Asist.Horticola R15.5x38 C/Techo,$,64,29007000.0,27846700.0,26732900.0,25663500.0,24637000.0,23651500.0,22705500.0,,,,,,,,,
08/01/2026,PAUNY,Tractores,250CH Conv.Horticola R18.4x34 Simple,$,64,27570000.0,26467200.0,25408500.0,24392200.0,23416500.0,22479800.0,21580600.0,20717400.0,19888700.0,,,,,,,
08/01/2026,PAUNY,Tractores,250CH Conv.Horticola R18.4x34 Simple C/Techo,$,64,27141000.0,26055400.0,25013100.0,24012600.0,23052100.0,22130000.0,21244800.0,20395000.0,19579200.0,,,,,,,
08/01/2026,PAUNY,Tractores,250AH Asist.Horticola R18.4x34 Simple C/Techo,$,64,31293000.0,30041300.0,28839600.0,27686000.0,26578600.0,25515500.0,24494800.0,,,,,,,,,
08/01/2026,PAUNY,Tractores,250AH EVO Asist.Horticola R18.4x34 simple,$,65,33282000.0,31950700.0,30672700.0,29445800.0,28268000.0,27137200.0,26051700.0,,,,,,,,,
08/01/2026,PAUNY,Tractores,250AH Asist.Horticola R18.4x34 Simple C/Techo,$,65,30932000.0,29694700.0,28506900.0,27366700.0,26272000.0,25221100.0,24212300.0,,,,,,,,,
08/01/2026,PAUNY,Tractores,250AH EVO Asist.Horticola R18.4x34 Simple C/Techo,$,65,32908000.0,31591700.0,30328000.0,29114900.0,27950300.0,26832300.0,25759000.0,,,,,,,,,
08/01/2026,PAUNY,Tractores,280AH EVO Asist.Horticola R18.4x34,$,65,36016000.0,34575400.0,33192300.0,31864700.0,30590100.0,29366500.0,28191800.0,19063900.0,17729500.0,,,,,,,
08/01/2026,PAUNY,Tractores,Audas 2200 - 200HP R30.5L R32,$,65,,,,35831300.0,30456600.0,27410900.0,25492200.0,23707700.0,22048200.0,,,,,,,
08/01/2026,PAUNY,Tractores,Audas 2200 - 200HP R800/65 R32,$,65,,,,38135200.0,32415000.0,29173500.0,27131300.0,25232100.0,23465900.0,,,,,,,
08/01/2026,PAUNY,Tractores,Audaz 2200 - 200HP R20.8x38 Dual,$,65,,,,36508200.0,31032000.0,27928800.0,25973800.0,24155600.0,22464700.0,,,,,,,
08/01/2026,PAUNY,Tractores,Brioso 2215ie Dual,$,65,54592000.0,52408300.0,50312000.0,,,,,,,,,,,,,
08/01/2026,PAUNY,Tractores,Brioso 2215ie Simple,$,65,52728000.0,50618900.0,48594100.0,,,,,,,,,,,,,
08/01/2026,PAUNY,Tractores,Brioso 2215ie Radial Simple,$,65,53662000.0,51515500.0,49454900.0,,,,,,,,,,,,,
08/01/2026,PAUNY,Tractores,Brioso 2215ie Radial Dual,$,65,55543000.0,53321300.0,51188400.0,,,,,,,,,,,,,
08/01/2026,PAUNY,Tractores,Motoniveladoras MA 200ie R17.5x25,$,65,78046000.0,74924200.0,71927200.0,69050100.0,66288100.0,63636600.0,61091100.0,,,,,,,,,
08/01/2026,PAUNY,Tractores,MA 160 R14.00x24,$,65,65763000.0,63132500.0,60607200.0,58182900.0,55855600.0,53621400.0,51476500.0,,,,,,,,,
08/01/2026,PAUNY,Tractores,MA 180 R17.5x25,$,65,70778000.0,67946900.0,65229000.0,62619800.0,60115100.0,57710400.0,55402000.0,,,,,,,,,
08/01/2026,VALTRA,Tractores BF,65 - 63 HP 4x2 (6.00x16/14.9x24),u$s,65,,,,,,,,,22000.0,21300.0,20700.0,20100.0,19500.0,18900.0,18300.0,17800.0
08/01/2026,VALTRA,Tractores BF,75 - 76 HP 4x2 (6.00x16/14.9x24),u$s,65,,,,,,,,,25000.0,24300.0,23500.0,22800.0,22100.0,21500.0,20800.0,20200.0
08/01/2026,VALTRA,Tractores BF,75 - 76 HP 4x4 (8.00x18/14.9x24),u$s,65,,,,,,,,,30000.0,29000.0,28100.0,27200.0,26300.0,25500.0,24700.0,23900.0
08/01/2026,VALTRA,Tractores BF,75 - 75 HP 4x4 Reductor 9+3 (8.00x18/14.9x24),u$s,65,,,,,,,,,30500.0,,,,,,,
08/01/2026,VALTRA,Tractores A,750 - 78 HP 4x2 (7.5x18/18.4x30),u$s,65,44121.0,42400.0,40700.0,39000.0,37500.0,36000.0,34500.0,33200.0,31800.0,29300.0,28300.0,27400.0,26600.0,25700.0,24900.0,24200.0
08/01/2026,VALTRA,Tractores A,750 - 78 HP 4x4 (12.4x24/18.4x30),u$s,65,47753.0,45800.0,44000.0,42200.0,40600.0,38900.0,37400.0,35900.0,34400.0,32700.0,31700.0,30800.0,29800.0,28900.0,28100.0,27200.0
08/01/2026,VALTRA,Tractores A,750 FRUTERO - 78 HP 4x2 (8x18/14.9x24),u$s,65,41369.0,39700.0,38100.0,36600.0,35100.0,33700.0,32400.0,31100.0,29800.0,,,,,,,
08/01/2026,VALTRA,Tractores A,750 FRUTERO - 78 HP 4x4 (8x18/14.9x24),u$s,65,47964.0,46000.0,44200.0,42400.0,40700.0,39100.0,37500.0,36000.0,34600.0,,,,,,,
08/01/2026,VALTRA,Tractores A,850 - 85 HP 4x4 (12.4x24/18.4x30),u$s,66,52944.0,50800.0,48800.0,46800.0,45000.0,43200.0,41400.0,39800.0,38200.0,34700.0,33600.0,32600.0,31600.0,30700.0,29800.0,28900.0
08/01/2026,VALTRA,Tractores A,990 - 102 HP 4x2 (7.5x18/18.4x30),u$s,66,,,,,,,,,,,,,31300.0,29100.0,27100.0,25200.0
08/01/2026,VALTRA,Tractores A,990 - 102 HP 4x4 (12.4x24/13.6x38),u$s,66,,,,,,,,,,,36900.0,34300.0,31900.0,29700.0,27600.0,25700.0
08/01/2026,VALTRA,Tractores A,990 - 102 HP 4x4 Inv.12+12 (12.4x24/13.6x38),u$s,66,,,,,,,,,,,37700.0,35000.0,32600.0,30300.0,28200.0,26200.0
08/01/2026,VALTRA,Tractores A,990 - 102 HP 4x4 (14.9x24/18.4x34),u$s,66,,,,,,,,,,,38400.0,35800.0,33300.0,30900.0,28800.0,26700.0
08/01/2026,VALTRA,Tractores A,990 - 102 HP 4x4 Inv.12+12 (14.9x24/18.4x34),u$s,66,65199.0,62600.0,60100.0,57700.0,55400.0,53200.0,51000.0,49000.0,47000.0,45200.0,39200.0,36500.0,33900.0,31600.0,29300.0,27300.0
08/01/2026,VALTRA,Tractores A,990 - 102 HP 4x4 Inv.12+12 (14.9x24/18.4x34) Cabinado,u$s,66,75828.0,72800.0,69900.0,67100.0,64400.0,61800.0,59400.0,57000.0,54700.0,52500.0,45600.0,42400.0,,,,
08/01/2026,VALTRA,Tractores A GENERACIÓN IV,A114 Plataformado (14.9x26/23.1x30),u$s,66,77273.0,74200.0,71200.0,68400.0,65600.0,63000.0,60500.0,58100.0,,,,,,,,
08/01/2026,VALTRA,Tractores A GENERACIÓN IV,A114 Cabinado (14.9x26/23.1x30),u$s,66,90500.0,86900.0,83400.0,80100.0,76900.0,73800.0,70800.0,68000.0,,,,,,,,
08/01/2026,VALTRA,Tractores A GENERACIÓN IV,A124 Plataformado (14.9x26/23.1x30),u$s,66,89861.0,86300.0,82800.0,79500.0,76300.0,73300.0,70300.0,67500.0,,,,,,,,
08/01/2026,VALTRA,Tractores A GENERACIÓN IV,A124 Cabinado (14.9x26/23.1x30),u$s,66,100188.0,96200.0,92300.0,88600.0,85100.0,81700.0,78400.0,75300.0,,,,,,,,
08/01/2026,VALTRA,Tractores A GENERACIÓN IV,"A134 Cabinado (14.9x28/18,4x34)",u$s,66,103726.0,99600.0,95600.0,91800.0,88100.0,84600.0,81200.0,77900.0,,,,,,,,
08/01/2026,VALTRA,Tractores A GENERACIÓN IV,A134 Cabinado (14.9x28/23.1x30),u$s,66,104306.0,100100.0,96100.0,92300.0,88600.0,85000.0,81600.0,78400.0,,,,,,,,
08/01/2026,VALTRA,Tractores BM,100 - 105 HP 4x4 S/LH (14.9x24/18.4x34),u$s,66,,,,,,,,,,,,,,,,33000.0
08/01/2026,VALTRA,Tractores BM,100 - 105 HP 4x4 C/LH (14.9x24/18.4x34),u$s,66,,,,,,,,,,,,,,,,35000.0
08/01/2026,VALTRA,Tractores BM,100 - 105 HP 4x4 Cabina S/LH (14.9x24/18.4x34),u$s,66,,,,,,,,,,,,,,,,40000.0
08/01/2026,VALTRA,Tractores BM,100 - 105 HP 4x4 Cabina C/LH (14.9x24/18.4x34),u$s,66,,,,,,,,,,,,,,,,42000.0
08/01/2026,VALTRA,Tractores BM,110 - 116 HP 4x4 S/LH (14.9x24/18.4x34),u$s,66,,,,,,,,,53500.0,51900.0,50300.0,48800.0,47400.0,45900.0,44600.0,43200.0
08/01/2026,VALTRA,Tractores BM,110 - 116 HP 4x4 C/LH (14.9x24/18.4x34),u$s,66,,,,,,,,,55500.0,53800.0,52200.0,50700.0,49100.0,47700.0,46200.0,44800.0
08/01/2026,VALTRA,Tractores BM,110 - 116 HP 4x4 Cabinado S/LH (14.9x24/18.4x34),u$s,66,,,,,,,,,58500.0,56700.0,55000.0,53400.0,51800.0,50200.0,48700.0,47300.0
08/01/2026,VALTRA,Tractores BM,110 - 116 HP 4x4 Cabinado C/LH (14.9x24/18.4x34),u$s,66,,,,,,,,,60500.0,58700.0,56900.0,55200.0,53600.0,52000.0,50400.0,48900.0
08/01/2026,VALTRA,Tractores BM,125i - 132 HP 4x4 S/LH (14.9x26/23.1x30),u$s,67,,,,,,,,,58000.0,56300.0,54600.0,52900.0,51300.0,49800.0,48300.0,46900.0
08/01/2026,VALTRA,Tractores BM,125i - 132 HP 4x4 C/LH (14.9x26/23.1x30),u$s,67,,,,,,,,,60000.0,58200.0,56500.0,54800.0,53100.0,51500.0,50000.0,48500.0
08/01/2026,VALTRA,Tractores BM,125i - 132 HP 4x4 Cabinado S/LH (14.9x26/23.1x30),u$s,67,,,,,,,,,61100.0,59300.0,57500.0,55800.0,54100.0,52500.0,50900.0,49400.0
08/01/2026,VALTRA,Tractores BM,125i - 132 HP 4x4 Cabinado C/LH (14.9x26/23.1x30),u$s,67,,,,,,,,,65000.0,63100.0,61200.0,59300.0,57500.0,55800.0,54100.0,52500.0
08/01/2026,VALTRA,Tractores BT,150 - 158 HP 4x4,u$s,67,132951.0,127600.0,122500.0,117600.0,112900.0,108400.0,104100.0,99900.0,85800.0,82300.0,79000.0,75900.0,72800.0,69900.0,67100.0,64500.0
08/01/2026,VALTRA,Tractores BT,170 - 178 HP 4x4,u$s,67,140650.0,135000.0,129600.0,124400.0,119500.0,114700.0,110100.0,105700.0,90700.0,87100.0,83600.0,80300.0,77100.0,74000.0,71000.0,68200.0
08/01/2026,VALTRA,Tractores BT,170 - 178 HP 4x4 con LH (20.8x38 Dual),u$s,67,151788.0,145700.0,139900.0,134300.0,128900.0,123800.0,118800.0,114100.0,97900.0,94000.0,90200.0,86600.0,83200.0,79800.0,76600.0,73600.0
08/01/2026,VALTRA,Tractores BT,170 - 178 HP 4x4 sin LH (20.8x38 Dual),u$s,67,143051.0,137300.0,131800.0,126600.0,121500.0,116600.0,112000.0,107500.0,92300.0,88600.0,85000.0,81600.0,78400.0,75200.0,72200.0,69300.0
08/01/2026,VALTRA,Tractores BT,190 - 200 HP 4x4,u$s,67,151243.0,145200.0,139400.0,133800.0,128500.0,123300.0,118400.0,113700.0,97600.0,93700.0,89900.0,86300.0,82900.0,79600.0,76400.0,73600.0
08/01/2026,VALTRA,Tractores BT,190 - 200 HP 4x4 sin LH (20.8x38 Dual),u$s,67,156701.0,150400.0,144400.0,138600.0,133100.0,127800.0,122700.0,117800.0,101100.0,97000.0,93200.0,89400.0,85900.0,82400.0,79100.0,76000.0
08/01/2026,VALTRA,Tractores BT,210 - 226 HP 4x4,u$s,67,178058.0,170900.0,164100.0,157500.0,151200.0,145200.0,139400.0,133800.0,114900.0,110300.0,105900.0,101600.0,97600.0,93700.0,89900.0,86300.0
08/01/2026,VALTRA,Tractores BT,210 - 226 HP 4x4 con LH,u$s,67,178058.0,170900.0,164100.0,157500.0,151200.0,145200.0,139400.0,133800.0,114900.0,110300.0,105900.0,101600.0,97600.0,93700.0,89900.0,86300.0
08/01/2026,VALTRA,Tractores T,T230 - 230 CV Cabinado (600/65 R28/710/70 R38),u$s,67,234233.0,224900.0,215900.0,207200.0,198900.0,191000.0,183300.0,176000.0,,,,,,,,
08/01/2026,VALTRA,Tractores T,"T230 - 230 CV Cabinado (600/65 R28/710/70 R38),c/lev.hidr.del.",u$s,67,246246.0,236400.0,226900.0,217900.0,209100.0,200800.0,192800.0,185000.0,,,,,,,,
08/01/2026,VALTRA,Tractores T,T230 - 230 CV Cabinado (600/65 R28/520/85 R42 Dual),u$s,67,239639.0,230100.0,220900.0,212000.0,203500.0,195400.0,187600.0,180100.0,,,,,,,,
08/01/2026,VALTRA,Tractores T,"T230 - 230 CV Cabinado (600/65 R28/520/85 R42 Dual),c/lev.hidr.",u$s,67,251651.0,241600.0,231900.0,222600.0,213700.0,205200.0,197000.0,189100.0,,,,,,,,
08/01/2026,VALTRA,Tractores T,T250 - 250 CV Cabinado (600/65 R28/520/85 R42 Dual),u$s,67,252251.0,242200.0,232500.0,223200.0,214200.0,205700.0,197500.0,189600.0,,,,,,,,
08/01/2026,VALTRA,Tractores T,"T250 - 250 CV Cabinado (600/65 R28/520/85 R42 Dual),c/lev.hidr.",u$s,67,240120.0,230500.0,221300.0,212400.0,203900.0,195800.0,188000.0,180400.0,,,,,,,,
08/01/2026,VALTRA,Tractores BH,145 - 153 HP 4x4 C/LH Emb. Simple,u$s,67,,,,,,,,,,55000.0,53400.0,51800.0,50200.0,48700.0,47200.0,45800.0
08/01/2026,VALTRA,Tractores BH,145 - 153 HP 4x4 S/LH Emb. Doble (18.4x26/24.5x32),u$s,67,,,,,,,,,,55000.0,53400.0,51800.0,50200.0,48700.0,47200.0,45800.0
08/01/2026,VALTRA,Tractores BH,145 - 153 HP 4x4 C/LH Emb. Doble (18.4x26/24.5x32),u$s,68,,,,,,,,,,59000.0,57200.0,55500.0,53800.0,52200.0,50700.0,49100.0
08/01/2026,VALTRA,Tractores BH,145 - 153 HP 4x4 Cabina S/LH Emb. Doble (18.4x26/24.5x32),u$s,68,,,,,,,,,,65300.0,63300.0,61400.0,59600.0,57800.0,56100.0,54400.0
08/01/2026,VALTRA,Tractores BH,165 - 174 HP 4x4 S/LH (18.4x26/24.5x32),u$s,68,,,,,,,,,,63500.0,61600.0,59700.0,58000.0,56200.0,54500.0,52900.0
08/01/2026,VALTRA,Tractores BH,165 - 174 HP 4x4 C/LH (18.4x26/24.5x32),u$s,68,,,,,,,,,,66500.0,64500.0,62600.0,60700.0,58900.0,57100.0,55400.0
08/01/2026,VALTRA,Tractores BH,165 - 174 HP 4x4 Cabinado S/LH (18.4x26/24.5x32),u$s,68,,,,,,,,,,69000.0,66900.0,64900.0,63000.0,61100.0,59300.0,57500.0
08/01/2026,VALTRA,Tractores BH,165 - 174 HP 4x4 Cabinado C/LH (18.4x26/24.5x32),u$s,68,,,,,,,,,,73000.0,70800.0,68700.0,66600.0,64600.0,62700.0,60000.0
08/01/2026,VALTRA,Tractores BH,180 - 189 HP 4x4 S/LH Emb. Doble (16.9x30/30.5x32),u$s,68,,,,,,,,,,68500.0,66400.0,64500.0,62500.0,60600.0,58800.0,57100.0
08/01/2026,VALTRA,Tractores BH,180 - 189 HP 4x4 C/LH Emb. Simple (18.4x26/24.5x32),u$s,68,,,,,,,,,,72000.0,69800.0,67700.0,65700.0,63700.0,61800.0,60000.0
08/01/2026,VALTRA,Tractores BH,180 - 189 HP 4x4 S/LH Cabinado Emb. Doble (16.9x30/30.5x32),u$s,68,,,,,,,,,,75000.0,72800.0,70600.0,68500.0,66400.0,54400.0,52900.0
08/01/2026,VALTRA,Tractores BH,185i - 200 HP 4x4 Cabinado (16.9x30/30.5x32),u$s,68,,,,,,,,,,80000.0,77600.0,75300.0,73000.0,70800.0,68700.0,66600.0
08/01/2026,VALTRA,Tractores BH,185i - 200 HP 4x4 Cabinado (16.9x30/20.8x38 Duales),u$s,68,,,,,,,,,,80000.0,77600.0,75300.0,73000.0,70800.0,68700.0,66600.0
08/01/2026,VALTRA,Tractores BH,205i - 210 HP 4x4 Cabinado (16.9x30/30.5x32),u$s,68,,,,,,,,,,80000.0,77600.0,75300.0,73000.0,70800.0,68700.0,66600.0
08/01/2026,VALTRA,Tractores BH GENERACIÓN IV,"BH154 - 159 CV 4x4 Plataformado (18.4x26/24.5x32),C/3P.",u$s,68,102683.0,98600.0,94600.0,90800.0,87200.0,83700.0,80400.0,77200.0,,,,,,,,
08/01/2026,VALTRA,Tractores BH GENERACIÓN IV,BH154 - 159 CV 4x4 Cabinado (18.4x26/24.5x32),u$s,68,113124.0,108600.0,104300.0,100100.0,96100.0,92200.0,88500.0,85000.0,,,,,,,,
08/01/2026,VALTRA,Tractores BH GENERACIÓN IV,"BH154 - 159 CV 4x4 Cabinado (18.4x26/24.5x32),C/3P.",u$s,68,117765.0,113100.0,108500.0,104200.0,100000.0,96000.0,92200.0,88500.0,,,,,,,,
08/01/2026,VALTRA,Tractores BH GENERACIÓN IV,"BH174 - 179 CV 4x4 Plataformado (18.4x26/30.5x32),C/3P.",u$s,68,120781.0,116000.0,111300.0,106900.0,102600.0,98500.0,94500.0,90800.0,,,,,,,,
08/01/2026,VALTRA,Tractores BH GENERACIÓN IV,BH174 - 179 CV 4x4 Cabinado (18.4x26/30.5x32),u$s,68,125423.0,120400.0,115600.0,111000.0,106500.0,102300.0,98200.0,94200.0,,,,,,,,
08/01/2026,VALTRA,Tractores BH GENERACIÓN IV,"BH174 - 179 CV 4x4 Cabinado (18.4x26/30.5x32),C/3P.",u$s,69,130064.0,124900.0,119900.0,115100.0,110500.0,106100.0,101800.0,97700.0,,,,,,,,
08/01/2026,VALTRA,Tractores BH GENERACIÓN IV,"BH194 - 195 CV 4x4 Plataformado (18.4x26/30.5x32),C/3P.",u$s,69,127743.0,122600.0,117700.0,113000.0,108500.0,104200.0,100000.0,96000.0,,,,,,,,
08/01/2026,VALTRA,Tractores BH GENERACIÓN IV,BH194 - 195 CV 4x4 Cabinado (18.4x26/30.5x32),u$s,69,136329.0,130900.0,125600.0,120600.0,115800.0,111200.0,106700.0,102400.0,,,,,,,,
08/01/2026,VALTRA,Tractores BH GENERACIÓN IV,"BH194 - 195 CV 4x4 Cabinado (18.4x26/30.5x32),C/3P.",u$s,69,140970.0,135300.0,129900.0,124700.0,119700.0,114900.0,110300.0,105900.0,,,,,,,,
08/01/2026,VALTRA,Tractores BH GENERACIÓN IV,BH214 - 210 CV 4x4 Cabinado (18.4x26/30.5x32),u$s,69,146075.0,140200.0,134600.0,129200.0,124100.0,119100.0,114300.0,109800.0,,,,,,,,
08/01/2026,VALTRA,Tractores BH GENERACIÓN IV,BH214 - 210 CV 4x4 Cabinado (18.4x26/20.8x38 Dual),u$s,69,146075.0,140200.0,134600.0,129200.0,124100.0,119100.0,114300.0,109800.0,,,,,,,,
08/01/2026,VALTRA,Tractores BH GENERACIÓN IV,"BH214 - 210 CV 4x4 Cabinado (18.4x26/30.5x32),C/3P.",u$s,69,150252.0,144200.0,138500.0,132900.0,127600.0,122500.0,117600.0,112900.0,,,,,,,,
08/01/2026,VALTRA,Tractores BH GENERACIÓN IV,"BH214 - 210 CV 4x4 Cabinado (18.4x26/20.8x38 Dual),C/3P.",u$s,69,150252.0,144200.0,138500.0,132900.0,127600.0,122500.0,117600.0,112900.0,,,,,,,,
08/01/2026,VALTRA,Tractores BH GENERACIÓN IV,BH224 - 220 CV 4x4 Cabinado (18.4x26/30.5x32),u$s,69,157214.0,150900.0,144900.0,139100.0,133500.0,128200.0,123100.0,118100.0,,,,,,,,
08/01/2026,VALTRA,Tractores BH GENERACIÓN IV,BH224 - 220 CV 4x4 Cabinado (18.4x26/20.8x38 Dual),u$s,69,157670.0,151400.0,145300.0,139500.0,133900.0,128600.0,123400.0,118500.0,,,,,,,,
08/01/2026,VALTRA,Tractores BH GENERACIÓN IV,BH224 - 220 CV 4x4 Cabinado (600/70 R28/710/70 R38),u$s,70,174008.0,167000.0,160400.0,154000.0,147800.0,141900.0,136200.0,130800.0,,,,,,,,
08/01/2026,VALTRA,Tractores BH GENERACIÓN IV,"BH224 - 220 CV 4x4 Cabinado (18.4x26/30.5x32),C/3P.",u$s,70,161855.0,155400.0,149200.0,143200.0,137500.0,132000.0,126700.0,121600.0,,,,,,,,
08/01/2026,VALTRA,Tractores BH GENERACIÓN IV,"BH224 - 220 CV 4x4 Cabinado (18.4x26/20.8x38 Dual),C/3P.",u$s,70,162319.0,155800.0,149600.0,143600.0,137900.0,132400.0,127100.0,122000.0,,,,,,,,
08/01/2026,VALTRA,Tractores BH GENERACIÓN IV,"BH224 - 220 CV 4x4 Cabinado (600/70 R28/710/70 R38),C/3P.",u$s,70,178882.0,171700.0,164900.0,158300.0,151900.0,145900.0,140000.0,134400.0,,,,,,,,
08/01/2026,VALTRA,Tractores BH GENERACIÓN IV,Serie S3 S293 c/Piloto (600/65 R 34 710/75 R 42 Radiales Duales),u$s,70,,,,,,,,,204100.0,200000.0,196100.0,192100.0,,,,
08/01/2026,VALTRA,Tractores BH GENERACIÓN IV,S353 c/Piloto (600/65 R 34 710/75 R 42 Radiales Duales),u$s,70,,,,,,,,,235800.0,231000.0,226400.0,221900.0,,,,
08/01/2026,VALTRA,Tractores BH GENERACIÓN IV,Seria S4 S274 Cabinado (600/65 R34/710/75 R 42 Dual),u$s,70,266667.0,256000.0,245800.0,235900.0,226500.0,217400.0,208700.0,200400.0,,,,,,,,
08/01/2026,VALTRA,Tractores BH GENERACIÓN IV,S294 Cabinado (600/65 R34/710/75 R 42 Dual),u$s,70,278678.0,267500.0,256800.0,246600.0,236700.0,227200.0,218100.0,209400.0,,,,,,,,
08/01/2026,VALTRA,Tractores BH GENERACIÓN IV,S294 Cabinado (600/65 R34/710/75 R 42 Dual) c/lev.,u$s,70,290691.0,279100.0,267900.0,257200.0,246900.0,237000.0,227500.0,218400.0,,,,,,,,
08/01/2026,VALTRA,Tractores BH GENERACIÓN IV,S324 Cabinado (600/65 R34/710/75 R 42 Dual),u$s,70,298498.0,286600.0,275100.0,264100.0,253500.0,243400.0,233700.0,224300.0,,,,,,,,
08/01/2026,VALTRA,Tractores BH GENERACIÓN IV,S354 Cabinado (600/65 R34/710/75 R 42 Dual),u$s,70,318318.0,305600.0,293400.0,281600.0,270400.0,259500.0,249200.0,239200.0,,,,,,,,
08/01/2026,VALTRA,Tractores BH GENERACIÓN IV,S324 Cabinado (600/65 R34/710/75 R 42 Dual) c/lev.,u$s,70,330330.0,317100.0,304400.0,292300.0,280600.0,269300.0,258600.0,248200.0,,,,,,,,
08/01/2026,VALTRA,Tractores BH GENERACIÓN IV,S374 Cabinado (600/65 R34/710/75 R 42 Dual),u$s,71,344744.0,331000.0,317700.0,305000.0,292800.0,281100.0,269900.0,259100.0,,,,,,,,
08/01/2026,VALTRA,Tractores BH GENERACIÓN IV,S324 Cabinado (600/65 R34/710/75 R 42 Dual) c/lev.,u$s,71,356757.0,342500.0,328800.0,315600.0,303000.0,290900.0,279300.0,268100.0,,,,,,,,
08/01/2026,VALTRA,Tractores AH,A124H Cabinado Joystick (14.9x28/18.4x38) 3P,u$s,71,110108.0,105700.0,101500.0,97400.0,93500.0,89800.0,86200.0,82700.0,,,,,,,,
08/01/2026,VALTRA,Tractores AH,A124H Cabinado Joystick (14.9x28/23.1x30) 3P,u$s,71,110688.0,106300.0,102000.0,97900.0,94000.0,90300.0,86600.0,83200.0,,,,,,,,
08/01/2026,VALTRA,Tractores AH,A134H Cabinado (14.9x28/18.4x38 Dual) 3P,u$s,71,119274.0,114500.0,109900.0,105500.0,101300.0,97300.0,93400.0,89600.0,,,,,,,,
08/01/2026,VALTRA,Tractores AH,A134H Cabinado Joystick (600/65 R 38 Radial) 3P,u$s,71,119390.0,114600.0,110000.0,105600.0,101400.0,97300.0,93500.0,89700.0,,,,,,,,
08/01/2026,VASSALLI,Cosechadoras AX 7.500,350HP - 30'' 4x2 (800/65R32 / 19.5R24),u$s,71,,,,,,,,,275000.0,262000.0,249000.0,236000.0,223000.0,211500.0,200000.0,194000.0
08/01/2026,VASSALLI,Cosechadoras AX 7.500,350HP - 30'' 4x4 (800/65R32 / 19.5R24),u$s,71,,,,,,,,,291000.0,277000.0,263000.0,254000.0,245000.0,232500.0,220000.0,210500.0
08/01/2026,VASSALLI,Cosechadoras AX 7.500,350HP - 30'' 4x2 (1050/50R32 / 19.5R24),u$s,71,,,,,,,,,282000.0,267500.0,253000.0,244000.0,235000.0,,,
08/01/2026,VASSALLI,Cosechadoras AX 7.500,350HP - 30'' 4x4 (1050/50R32 / 19.5R24),u$s,71,,,,,,,,,300000.0,286000.0,272000.0,263000.0,254000.0,,,
08/01/2026,VASSALLI,Cosechadoras AX 7.500,350HP - 30'' 4x2 (Duales 20.8R38 / 19.5R24),u$s,71,,,,,,,,,275000.0,262500.0,250000.0,240000.0,230000.0,,,
08/01/2026,VASSALLI,Cosechadoras AX 7.500,350HP - 30'' 4x4 (Duales 20.8R38 / 19.5R24),u$s,71,,,,,,,,,293000.0,278500.0,264000.0,254500.0,245000.0,,,
08/01/2026,VASSALLI,Cosechadoras AX 7.500,350HP - 35'' 4x4 (800/65R32 / 19.5R24),u$s,71,,,,,,,,,291000.0,277500.0,264000.0,254500.0,245000.0,,,
08/01/2026,VASSALLI,Cosechadoras AX 7.500,350HP - 35'' 4x4 (1050/50R32 / 19.5R24),u$s,71,,,,,,,,,282000.0,267500.0,253000.0,244000.0,235000.0,,,
08/01/2026,VASSALLI,Cosechadoras AX 7.500,350HP - 35'' 4x4 (Duales 20.8R38 / 19.5R24),u$s,71,,,,,,,,,281000.0,267000.0,253000.0,244000.0,235000.0,,,
08/01/2026,VASSALLI,Cosechadoras AX 7.510,350HP - 35'' 4x4 (800/65R32 /600/55x26.5),u$s,71,,,,,,,376300.0,360200.0,344000.0,,,,,,,
08/01/2026,VASSALLI,Cosechadoras AX 7.510,350HP - 35'' 4x4 FlexiDrap (800/65R32 / 600/55x26.5),u$s,71,,,,,,,411500.0,393800.0,376000.0,,,,,,,
08/01/2026,VASSALLI,Cosechadoras AX 7.510,350HP - 35'' 4x4 (1050/50R32 / 600/65R32),u$s,71,,,,,,,,,325000.0,,,,,,,
08/01/2026,VASSALLI,Cosechadoras AX 7.510,350HP - 35'' 4x4 FlexiDrap (1050/50R32 / 600/65R32),u$s,71,,,,,,,,,352000.0,,,,,,,
08/01/2026,VASSALLI,Cosechadoras AX 7.510,350HP - 35'' 4x4 (Duales 520/85xR38/600/ 55x26.5),u$s,71,,,,,,,381200.0,364100.0,347000.0,,,,,,,
08/01/2026,VASSALLI,Cosechadoras AX 7.510,350HP - 35'' 4x4 FlexiDrap (Duales 600/55x26.5),u$s,71,,,,,,,416400.0,397700.0,379000.0,,,,,,204000.0,194500.0
08/01/2026,VASSALLI,Cosechadoras AX 7.500 Lider,284HP - 28'' 4x2 (1050/50R32 / 19.5R24),u$s,72,,,,,,,,,,,,,,,218000.0,206000.0
08/01/2026,VASSALLI,Cosechadoras AX 7.500 Lider,284HP - 28'' 4x4 (1050/50R32 / 19.5R24),u$s,72,,,,,,,,,,,,,,,198000.0,188000.0
08/01/2026,VASSALLI,Cosechadoras AX 7.500 Lider,284HP - 28'' 4x2 (Duales 20.8R38 / 19.5R24),u$s,72,,,,,,,,,,,,,,,208000.0,196000.0
08/01/2026,VASSALLI,Cosechadoras AX 7.500 Lider,284HP - 30''4x2 (30.5R32 /21Lx24),u$s,72,,,,,,,306300.0,293200.0,280000.0,266000.0,252000.0,239000.0,226000.0,214000.0,202000.0,
08/01/2026,VASSALLI,Cosechadoras AX 7.500 Lider,284HP - 30'' 4x4 (30.5R32 /21Lx24),u$s,72,,,,,,,329300.0,314700.0,300000.0,286500.0,273000.0,259000.0,245000.0,233000.0,221000.0,
08/01/2026,VASSALLI,Cosechadoras AX 7.500 Lider,284HP - 30'' 4x2 (800/65R32 / 21Lx24),u$s,72,,,,,,,308900.0,295500.0,282000.0,267500.0,253000.0,241000.0,229000.0,218500.0,208000.0,
08/01/2026,VASSALLI,Cosechadoras AX 7.500 Lider,284HP - 30'' 4x4 (800/65R32 / 21Lx24),u$s,72,,,,,,,330600.0,315300.0,300000.0,286000.0,272000.0,258500.0,245000.0,233000.0,221000.0,
08/01/2026,VASSALLI,Cosechadoras AX 7.500 Lider,284HP - 30'' 4x2 (1050/50R32 / 19.5R24),u$s,72,,,,,,,,,281000.0,267500.0,254000.0,240000.0,226000.0,222000.0,218000.0,
08/01/2026,VASSALLI,Cosechadoras AX 7.500 Lider,284HP - 30'' 4x4 (1050/50R32 / 19.5R24),u$s,72,,,,,,,,,300000.0,285000.0,270000.0,262000.0,254000.0,245000.0,236000.0,
08/01/2026,VASSALLI,Cosechadoras AX 7.500 Lider,284HP - 30'' 4x2 (Duales 520/85 X R 38/21Lx24),u$s,72,,,,,,,310500.0,296300.0,282000.0,267500.0,253000.0,241000.0,229000.0,218500.0,208000.0,
08/01/2026,VASSALLI,Cosechadoras AX 7.500 Lider,284HP - 30'' 4x4 (Duales520/85xR38/21Lx24),u$s,72,,,,,,,335600.0,320300.0,305000.0,289500.0,274000.0,262000.0,250000.0,238000.0,226000.0,
08/01/2026,VASSALLI,Cosechadoras AX 7.500 Lider,284HP - 30''FLEXIDRAP4x2 (30.5R32/ 21Lx24),u$s,72,,,,,,,334700.0,319900.0,305000.0,,,,,,,
08/01/2026,VASSALLI,Cosechadoras AX 7.500 Lider,284HP - 30'' FLEXIDRAP4x4 (30.5R32 / 21Lx24),u$s,72,,,,,,,364400.0,349700.0,335000.0,,,,,,,
08/01/2026,VASSALLI,Cosechadoras AX 7.500 Lider,284HP - 30'' FLEXIDRAP4x2 (800/65R32 / 21Lx24),u$s,72,,,,,,,338000.0,323000.0,308000.0,,,,,,,
08/01/2026,VASSALLI,Cosechadoras AX 7.500 Lider,284HP - 30'' FLEXIDRAP4x4 (800/65R32 / 21Lx24),u$s,72,,,,,,,341700.0,,,,,,,,,
08/01/2026,VASSALLI,Cosechadoras AX 7.500 Lider,284HP - 30'' FLEXIDRAP4x2 (Duales 520/85 X R38/21Lx24),u$s,72,,,,,,,341000.0,325500.0,310000.0,,,,,,,
08/01/2026,VASSALLI,Cosechadoras AX 7.500 Lider,284HP - 30'' FLEXIDRAP4x4 (Duales 520/85xR38/21Lx24),u$s,72,,,,,,,367300.0,351200.0,335000.0,,,,,,,
08/01/2026,VASSALLI,Cosechadoras 1.550EHD,280HP - 30'' 4x2 (30.5R32 / 21Lx24),u$s,72,,,,,,,241000.0,231400.0,222100.0,213200.0,204700.0,196500.0,188600.0,181100.0,173900.0,166900.0
08/01/2026,VASSALLI,Cosechadoras 1.550EHD,280HP - 30'' 4x4 (30.5R32 / 21Lx24),u$s,72,324085.0,311100.0,298700.0,286700.0,275300.0,264300.0,253700.0,243500.0,233800.0,224400.0,215500.0,206800.0,198600.0,,,
08/01/2026,VASSALLI,Cosechadoras 1.550EHD,280HP - 30'' 4x2 (1050/50R32 / 19.5R24),u$s,72,,,,,,,,,220000.0,211200.0,202800.0,,,,,
08/01/2026,VASSALLI,Cosechadoras 1.550EHD,280HP - 30'' 4x4 (1050/50R32 / 19.5R24),u$s,72,,,,,,,,,243600.0,233800.0,224500.0,,,,,
08/01/2026,VASSALLI,Cosechadoras 1.550EHD,280HP - 30'' 4x2 (800/65R32 / 21Lx24),u$s,72,296134.0,284300.0,272900.0,262000.0,251500.0,241500.0,231800.0,222500.0,213600.0,205100.0,196900.0,,,,,
08/01/2026,VASSALLI,Cosechadoras 1.550EHD,280HP - 30'' 4x4 (800/65R32 / 21Lx24),u$s,73,327835.0,314700.0,302100.0,290000.0,278400.0,267300.0,256600.0,246400.0,236500.0,227000.0,218000.0,,,,,
08/01/2026,VASSALLI,Cosechadoras 1.550EHD,280HP - 30'' 4x2 (Duales 520/85 R38/21Lx24),u$s,73,302426.0,290300.0,278700.0,267600.0,256900.0,246600.0,236700.0,227300.0,218200.0,209400.0,201100.0,,,,,
08/01/2026,VASSALLI,Cosechadoras 1.550EHD,280HP - 30'' 4x4 (Duales 520/85 R38/21Lx24),u$s,73,334128.0,320800.0,307900.0,295600.0,283800.0,272400.0,261500.0,251100.0,241000.0,231400.0,222100.0,,,,,
08/01/2026,VASSALLI,Cosechadoras 1.550EHD,280HP - 30''FLEXIDRAP 4x2 (30.5R32 / 16.9R24),u$s,73,323709.0,310800.0,298300.0,286400.0,274900.0,263900.0,253400.0,243300.0,233500.0,,,,,,,
08/01/2026,VASSALLI,Cosechadoras 1.550EHD,280HP - 30''FLEXIDRAP 4x4 (30.5R32 / 16.9R24),u$s,73,351781.0,337700.0,324200.0,311200.0,298800.0,286800.0,275400.0,264300.0,253800.0,,,,,,,
08/01/2026,VASSALLI,Cosechadoras 1.550EHD,280HP - 30'' FLEXIDRAP 4x2 (800/65R32 / 16.9R24),u$s,73,327460.0,314400.0,301800.0,289700.0,278100.0,267000.0,256300.0,246100.0,236200.0,,,,,,,
08/01/2026,VASSALLI,Cosechadoras 1.550EHD,280HP - 30'' FLEXIDRAP 4x4 (800/65R32 /21Lx24),u$s,73,359162.0,344800.0,331000.0,317800.0,305100.0,292900.0,281100.0,269900.0,259100.0,,,,,,,
08/01/2026,VASSALLI,Cosechadoras 1.550EHD,280HP - 30'' FLEXIDRAP 4x2 (Duales 520/85 R38/21Lx24),u$s,73,333753.0,320400.0,307600.0,295300.0,283500.0,272100.0,261200.0,250800.0,240800.0,,,,,,,
08/01/2026,VASSALLI,Cosechadoras 1.550EHD,280HP - 30'' FLEXIDRAP 4x4 (Duales 520/85 R38/21Lx24),u$s,73,361824.0,347400.0,333500.0,320100.0,307300.0,295000.0,283200.0,271900.0,261000.0,,,,,,,
08/01/2026,VASSALLI,Cosechadoras 1.300E,250HP - 25'' 4x2 (30.5R32 / 16.9R24),u$s,73,,,,,,,,,,,,,143000.0,136500.0,130000.0,123000.0
08/01/2026,VASSALLI,Cosechadoras 1.300E,250HP - 25'' 4x4 (30.5R32 / 16.9R24),u$s,73,,,,,,,,,,,,,156000.0,149000.0,142000.0,135000.0
08/01/2026,VASSALLI,Cosechadoras 1.300E,250HP - 25'' 4x2 (800/65R32 / 16.9R24),u$s,73,,,,,,,,,,,,,142000.0,135500.0,129000.0,122500.0
08/01/2026,VASSALLI,Cosechadoras 1.300E,250HP - 25'' 4x4 (800/65R32 / 16.9R24),u$s,73,,,,,,,,,,,,,156000.0,149000.0,142000.0,135500.0
08/01/2026,VASSALLI,Cosechadoras 1.300E,250HP - 25'' 4x2 (Duales 20.8R38 / 16.9R24),u$s,73,,,,,,,,,,,,,148000.0,141000.0,134000.0,127500.0
08/01/2026,VASSALLI,Cosechadoras 1.300E,250HP - 25'' 4x4 (Duales 20.8R38 / 16.9R24),u$s,73,,,,,,,,,,,,,160000.0,153500.0,147000.0,139500.0
08/01/2026,VASSALLI,Cosechadoras V,760 330HP-390HP - 30'' 4x2 (800/65R32/21Lx24),u$s,73,350362.0,336300.0,322900.0,310000.0,297600.0,285700.0,,,,,,,,,,
08/01/2026,VASSALLI,Cosechadoras V,760 330HP-390HP - 30' FLEXIDRAP 4x2 (800/65R32/21Lx24),u$s,73,383180.0,367900.0,353100.0,339000.0,325500.0,312400.0,,,,,,,,,,
08/01/2026,VASSALLI,Cosechadoras V,760 330HP-390HP - 30'' 4x2 (Duales 520/85 R38/21Lx24),u$s,73,359074.0,344700.0,330900.0,317700.0,305000.0,292800.0,,,,,,,,,,
08/01/2026,VASSALLI,Cosechadoras V,760 330HP-390HP - 30''FLEXIDRAP 4x2 ( 520/85 R38/21Lx24),u$s,73,391892.0,376200.0,361200.0,346700.0,332900.0,319500.0,,,,,,,,,,
08/01/2026,VASSALLI,Cosechadoras V,770 375HP-430HP - 35'' 4x4 (800/65R32/600/55 R26.5),u$s,73,396904.0,381000.0,365800.0,351200.0,337100.0,323600.0,,,,,,,,,,
08/01/2026,VASSALLI,Cosechadoras V,770 375HP-430HP - 35''FLEXIDRAP 4x4(800/65R32-600R 26.5),u$s,73,434298.0,416900.0,400200.0,384200.0,368900.0,354100.0,,,,,,,,,,
08/01/2026,VASSALLI,Cosechadoras V,770 375HP-430HP - 35'' 4x4 (Duales 520/65R32 600/55R 26.5),u$s,74,405616.0,389400.0,373800.0,358900.0,344500.0,330700.0,,,,,,,,,,
08/01/2026,VASSALLI,Cosechadoras V,770 375HP-430HP - 35''FLEXIDRAP 4x4(Duales 520 -600R 26.5),u$s,74,443010.0,425300.0,408300.0,391900.0,376300.0,361200.0,,,,,,,,,,
08/01/2026,VASSALLI,Cosechadoras V > Tractor,6D. 120 4WD Plataforma c/Lev 3P 4x4 (14.9x24/18.4x34) 120cv,u$s,74,78300.0,75200.0,72200.0,69300.0,66500.0,63800.0,61300.0,,,,,,,,,
08/01/2026,VASSALLI,Cosechadoras V > Tractor,6D. 120 4WD Plataforma c/Lev 3P 4x4 (14.9x26/23.1x30) 120cv,u$s,74,81264.0,78000.0,74900.0,71900.0,69000.0,66300.0,63600.0,,,,,,,,,
08/01/2026,VASSALLI,Cosechadoras V > Tractor,6D. 120 4WD CAB c/Lev 3P 4x4 (14.9x24 /18.4 x 34 ) 120cv,u$s,74,89471.0,85900.0,82500.0,79200.0,76000.0,73000.0,70000.0,,,,,,,,,
08/01/2026,VASSALLI,Cosechadoras V > Tractor,6D. 120 4WD CAB c/Lev 3P 4x4 (14.9x26 / 23.1x30 ) 120cv,u$s,74,92435.0,88700.0,85200.0,81800.0,78500.0,75400.0,72400.0,,,,,,,,,
08/01/2026,VASSALLI,Cosechadoras V > Tractor,6D. 130 4WD Plataforma c/Lev 3P 4x4 (14.9x24 / 18.4x34) 130cv,u$s,74,84289.0,80900.0,77700.0,74600.0,71600.0,68700.0,66000.0,,,,,,,,,
08/01/2026,VASSALLI,Cosechadoras V > Tractor,6D. 130 4WD Plataforma c/Lev 3P 4x4 (14.9x26 / 23.1 x30) 130cv,u$s,74,87253.0,83800.0,80400.0,77200.0,74100.0,71100.0,68300.0,,,,,,,,,
08/01/2026,VASSALLI,Cosechadoras V > Tractor,6D. 130 4WD CAB c/Lev 3P 4x4 (19. x24 / 18.4x34) 130cv,u$s,74,95383.0,91600.0,87900.0,84400.0,81000.0,77800.0,74700.0,,,,,,,,,
08/01/2026,VASSALLI,Cosechadoras V > Tractor,6D. 130 4WD CAB c/Lev 3P 4x4 (14.9x26 / 23.1x30 ) 130cv,u$s,74,98347.0,94400.0,90600.0,87000.0,83500.0,80200.0,77000.0,,,,,,,,,
08/01/2026,VASSALLI,Cosechadoras V > Tractor,6G 150 4WD Plataforma 3P. 4x4(18.4 x 26 / 24.50x32) 150cv,u$s,74,98930.0,95000.0,91200.0,87500.0,84000.0,80700.0,77400.0,,,,,,,,,
08/01/2026,VASSALLI,Cosechadoras V > Tractor,6G 150 4WD Plataforma 3P. 4x4(16.9 X 28 / 20.8x38) dual 150cv,u$s,74,106432.0,102200.0,98100.0,94200.0,90400.0,86800.0,83300.0,,,,,,,,,
08/01/2026,VASSALLI,Cosechadoras V > Tractor,6G 150 4WD Plataforma 3P. 4x4(18.4 x 26 / 24.50 x 32) 150cv CAB,u$s,74,109168.0,104800.0,100600.0,96600.0,92700.0,89000.0,85500.0,,,,,,,,,
08/01/2026,VASSALLI,Cosechadoras V > Tractor,6G 150 4WD Plataforma 3P. 4x4(16.9 x 28 / 20.8 x 38 Dual 150cv CAB,u$s,74,116670.0,112000.0,107500.0,103200.0,99100.0,95100.0,91300.0,,,,,,,,,
08/01/2026,VASSALLI,Cosechadoras V > Tractor,6G 190 4WD CAB c/Lev 3P 4x4 (18.4x26 / 30.50x32) 190cv,u$s,74,131444.0,126200.0,121100.0,116300.0,111600.0,107200.0,102900.0,,,,,,,,,
08/01/2026,VASSALLI,Cosechadoras V > Tractor,6G 190 4WD CAB c/Lev 3P 4x4 (16.9x28 / 20.8x38) dual 190cv,u$s,74,138946.0,133400.0,128100.0,122900.0,118000.0,113300.0,108800.0,,,,,,,,,
08/01/2026,VASSALLI,Cosechadoras V > Tractor,7X 215 95 - Drive 4WD CAB 3P 4x4 540 (65 R 30 - 650/65 R 42) 215cv,u$s,74,180070.0,172900.0,166000.0,159300.0,152900.0,146800.0,141000.0,,,,,,,,,
08/01/2026,VASSALLI,Cosechadoras V > Tractor,7X 215 95 - Drive 4WD CAB 3P 4x4 540 (420/85R - 480/80 R42) dual 215cv,u$s,75,183942.0,176600.0,169500.0,162700.0,156200.0,150000.0,144000.0,,,,,,,,,
