item_id;url;scrape_status;scrape_error;fecha_publicacion;titulo;descripcion;precio;moneda;marca;modelo;anio;horas;seller_name;seller_url;seller_time_on_ml;ubicacion_address_line;ubicacion_ciudad;ubicacion_provincia;ubicacion_latitud;ubicacion_longitud;condicion;garantia;potencia;tipo_direccion
MLA2687212296;https://articulo.mercadolibre.com.ar/MLA-2687212296;ok;;;Pala Cargadora Lonking Cdm 833 Año 2014 Rentaltrucks Vial - US$ 32.000;"Pala Cargadora Lonking CDM 833 año 2014

º Solo 4000 horas
º Totalmente impecable
º Motor Cummins
º Excelente estado
º Sin pérdidas de ningún tipo
º Lista para salir a trabajar..
º Unidad totalmente recomendable..
Enviamos a todo el país
U$s 32.000 dólar blue
IVA a conversar
Aceptamos permuta


Ofertas de Rental Trucks:
Aceptamos tu camión o maquinaria como permuta
Tenemos los mejores precios del país
Hacemos envíos a todo el país, a la puerta de tu casa
Trabajamos con todas las marcas: Iveco, Mercedes, Ford, Scania, Volkswagen, Volvo y más
Tenemos +50 camiones en stock para la venta, consultanos

Somos Rental Trucks, compramos y enviamos camiones + maquinarias a todo el país hace más de 13 años";;;Lonking;Cdm 833;2014;4000;Rentaltrucksnqn;https://www.mercadolibre.com.ar/perfil/Rentaltrucksnqn;;;;;;;;;;
MLA2025670894;https://articulo.mercadolibre.com.ar/MLA-2025670894;ok;;;Tractor Pauny P-trac 160 Cummins 160hp - US$ 41.700;"Tractor Pauny P-Trac 160 

-CUMMINS 160HP
-4X4
-Despeje del suelo 59.5cm
-Altura máxima 3.22m
-Ancho total 3.12m

Financiación a medida – Tomamos tu máquina usada como parte de pago.

EISENMANNER – Representante de SINOMACH en Argentina.

SINOMACH es el mayor fabricante de maquinarias del mundo con presencia directa en más de 100 países.
Con sede central en Pekín y plantas industriales en distintos puntos de China, fabrica más de un millón de máquinas por año.
Se encuentra en el puesto 224 del ranking Fortune de las empresas más grandes del mundo, con más de 130.000 empleados.

Venta de máquinas NUEVAS

Venta de máquinas USADAS reacondicionadas.

Repuestos / Servicio Técnico / Mantenimiento

Realizamos el servicio de postventa y reparación de tu máquina.

Estamos para atenderte los 365 días del año las 24hs!";;;Pauny;P-TRAC 160;2008;24;Sinomach;https://www.mercadolibre.com.ar/perfil/Sinomach;;;;;;;;;;
MLA1510640809;https://articulo.mercadolibre.com.ar/MLA-1510640809;ok;;;Pala Cargadora Xcmg Lw321 - US$ 29.900;"Pala Cargadora XCMG LW321


¡VALOR EXPRESADO EN DOLAR OFICIAL!

Descripción:
Año: 2008.
Horas de uso: 5.400 hs.
¡¡ENTREGA PROGRAMADA!! Consultar..
Es perfecta para mover montones de tierra, arena o materiales pesados de un lado a otro sin sudar ni una gota. 
Tiene un balde (o cucharón) que puede cargar entre 1,80 y 2,00 metros cúbicos, lo que significa que puede agarrar y mover una buena cantidad de material de una sola vez. 
Con una capacidad de carga de 3.200 kg, puede llevar cosas muy pesadas sin problema. Y con su motor diesel de 125 caballos de fuerza, tiene suficiente potencia para hacer el trabajo rápidamente y sin detenerse.
Con balde de 1,80 / 2,00m3 y 3.200 kg. de capacidad de carga. 
Motor diesel de 125HP a 2.300 r.p.m. 
Marca YUCHAI.
Peso operativo de 10.000kg.

UBICACIÓN: Misiones, Argentina.

¿QUIENES SOMOS?

Maquin-ar es el primer sitio web en Argentina especializado en la compra y venta de maquinaria. Somos una empresa comprometida con facilitar la gestión comercial de maquinaria en diversos sectores de la actividad económica, ofreciendo un espacio seguro, confiable y eficiente para comprar y vender equipos usados.

¿QUE NOS DIFERENCIA?

Maquin-ar se destaca por su alcance y atención al cliente en todo el país. Contamos con:

Cobertura nacional: Comercialización en 24 provincias de Argentina.
Atención personalizada: Disponible las 24 horas, los 7 días de la semana.
Red de talleres: Más de 150 talleres zonales distribuidos en todo el país.
Financiación exclusiva: Línea de financiación bancaria para equipos usados.
Certificación de equipos: Todos los equipos tienen posibilidad de ser certificados a través de Worklift.
Gestores especializados: Un equipo de 50 gestores comerciales con amplia experiencia en el negocio de compra-venta de maquinaria usada.

Con Maquin-ar, garantizamos un proceso de compra y venta ágil, seguro y con el respaldo de expertos en el sector.";;;Xcmg;Lw321;2008;5400;Maquinar;https://www.mercadolibre.com.ar/perfil/Maquinar;;;;;;;;;;
MLA1644267725;https://articulo.mercadolibre.com.ar/MLA-1644267725;ok;;;Tavol Tl704 - 70hp Turbo 4x4 - Frutero - Cab/ *iva Incluido* - US$ 26.590;"Tractor TAVOL TL704 
 
MOTOR: 
Marca YTO - 4 Cilindros de 3,30 cc - 70HP - turbo alimentado - filtro de aire humedo - Inyeccion por  
bomba lineal mecanica 
 
TRANSMISION: 
4WD - 8 marchas de avance y 8 de retroceso - C/inversor de marchas mecanico - engranaje constante   
 
EMBRAGUE Y TOMA DE FUERZA: 
Seco de doble efecto - TDF mecanica de 2 velocidades 540/760 
 
SISTEMA HIDRAULICO: 
Flujo de caudal 38Lts./Min. - 2 salidas dobles de circuito abierto 
 
NEUMATICOS: 
Delanteros 280/70R20 (radiales) 
Traseros 380/85R24 (radiales) 

CABINA:
Equipada con aire acondicionado, calefacción , ventilador, estéreo USB y Bluetooth, con parlantes, techo tipo solar, apertura de todos los vidrios, puertas con cerradura y llave.

COMPRESOR DE AIRE:
Cuenta con compresor de aire para usos múltiples.

****EL PRECIO PUBLICADO ES CON IVA INCLUIDO****

******FLETE GRATIS HASTA 400km.******

REPRESENTANTE OFICIAL TAVOL

SERVICIO POST VENTA 

REPUESTOS ORIGINALES EN STOCK REAL

UNIDADES CON GARANTIA DE FABRICA

FINANCIACION:

-BNA CONECTA - TARJETAS PyME y AGRONACION

-CHEQUES

-FINANCIACION PROPIA CON PLANES A MEDIDA PARA CADA CLIENTE";;;TAVOL;TAVOL TL 704 - 70 HP - TURBO - DOBLE TRACCION -;2026;;Martinoagrimaquinarias;https://www.mercadolibre.com.ar/perfil/Martinoagrimaquinarias;;;;;;;;;;
MLA2797400842;https://articulo.mercadolibre.com.ar/MLA-2797400842;ok;;;Minitractor Cortacesped Husqvarna 19hp 42 Ts142 Hidrostatico - $ 7.990.890;El minitractor Husqvarna TS 142 es una máquina compacta y potente diseñada para facilitar el mantenimiento del césped y terrenos de tamaño mediano. Con un motor de 19 caballos de fuerza (hp), este minitractor ofrece la potencia necesaria para enfrentar diferentes tareas de corte y tracción.;;;Husqvarna;TS 124;2024;;Ekkon Expertos;https://www.mercadolibre.com.ar/perfil/Ekkon Expertos;;;;;;;;;;
MLA1598173285;https://articulo.mercadolibre.com.ar/MLA-1598173285;ok;;;Pala Y Retro Liangong M44 Motor Deutz  - 4x4 - Ejes Carraro - US$ 7.764;"Pala y Retro Liangong M44
- Potente motor Original DEUTZ de 95 hp.
- Transmisión de 8 velocidades, marca Carraro.
- Ejes delantero y trasero marca Carraro.
- Doble tracción, 4x4.
- Frenos húmedos de bajo mantenimiento, con accionamiento individual en ruedas traseras.
- Cabina moderna con Amplia visibilidad, ROPS FOPS.
- Vidrios ""French Green"" anti UV.
- Aire Acondicionado Frío / Calor.
- Butaca ergonométrica ajustable.
- Parabrisa desmontable con guías.

EL PRECIO PUBLICADO CORRESPONDE A ANTICIPO EN DOLARES AMERICANOS. TIPO DE CAMBIO PESO – DÓLAR DEL DÍA DE LA VENTA DEL EQUIPO. LOS PRECIOS NO INCLUYEN IVA, FLETE, SEGURO, PATENTAMIENTO. 
PROMOCIÓN VÁLIDA HASTA AGOTAR STOCK.
LAS IMÁGENES SON DE CARÁCTER ILUSTRATIVO AL PRODUCTO PROMOCIONADO

SU CONSULTA NO MOLESTA . UN ASESOR COMERCIAL SE PONDRÁ EN CONTACTO CON USTED
(54) 0348 443 5800 . consultas@biscayneservicios.com 
CASA MATRIZ: Ruta Panamericana N°9 - Km. 38.5 - Garín (Escobar)
SUCURSALES EN: QUILMES, LA PLATA Y CÓRDOBA Y DISTRIBUIDORES OFICIALES EN TODO EL PAÍS

PLANES DE FINANCIACIÓN A MEDIDA
REPUESTOS - GARANTÍA - POST VENTA
VENTA DE EQUIPOS VIALES: para la construcción, movimiento de suelo, energía, forestal, agro, petróleo y logística

BISCAYNE MÁS DE 50 AÑOS - PRESENTES EN TODO EL PAÍS
Con una trayectoria de más de 50 años en el mercado de maquinaria vial, y una moderna Casa Central con talleres de ensamblado, Pre Entrega y Reparación de Equipos en la localidad de Garín, Biscayne brinda Garantía, Servicio Post-Venta y Repuestos con el respaldo de un servicio integral confiable, de calidad y con proyección comercial a largo plazo.
Conozca sus diez líneas de productos: Cargadoras, Motoniveladoras, Compactadores, Retroexcavadoras, Pala Y Retro, Mini Palas, Terminadoras, Topadoras, Autoelevadores y Plataformas de elevación
www.biscayneservicios.com";;;LIANGONG;M44;2025;;Biscayne;https://www.mercadolibre.com.ar/perfil/Biscayne;;;;;;;;;;
MLA1517829345;https://articulo.mercadolibre.com.ar/MLA-1517829345;ok;;;Cargador Frontal Iron 930s (1m3) - 87hp  - US$ 28.600;"ESPECIFICACIONES TÉCNICAS DEL PRODUCTO

Peso Operativo : 5.000 kg
Dimensiones : 5800x1860x2730
Capacidad de Balde : 1m3
Capacidad de Carga : 2000 kg
Altura Máxima de Descarga : 3000mm
Indicador Posición de Carga : SI
Motor : Yunnei YN33GBZ
Tipo : 4 cilindros en línea , refrigerado por agua
Potencia : 87Hp - 2400 rpm

TRANSMISION
Convertidor de Torque : YJ265
Transmisión : Powershift
Velocidades : 2 de Avance + 2 de Retroceso

SISTEMA HIDRAULICO
Presión de Trabajo :16Mpa
Tiempo de Elevación : 4.8 Seg.
Capacidad de Tanque Hidráulico : 60 Lts.

DIRECCION
Tipo : Hidráulica
Radio de Giro Mínimo : 3500 mm

Neumáticos : 16/70-40
Ancho de Balde : 2100 mm";;;Iron;IRON930S;2025;;Irongroup;https://www.mercadolibre.com.ar/perfil/Irongroup;;;;;;;;;;
MLA1574327447;https://articulo.mercadolibre.com.ar/MLA-1574327447;ok;;;Tractor Hanomag 300a Nuevo 4x2 / 4x4, 30hp Nuevo Hay Entrega - US$ 10.400;"CONSULTE DESCUENTO ESPECIAL POR PAGO CONTADO TOTAL
PRECIO + IVA 10.5%

TRACCION SUR S.A. - CONCESIONARIO OFICIAL MICHIGAN Y HANOMAG
(TRES ARROYOS, PROV BS AS)
VENTAS A TODOS LOS PUNTOS DEL PAÍS.
FIJO 02983-432547
CELULARES 02983-15695206/15524077

Tractor Hanomag 300A, con motor de 28,3 HP, tracción 4×2 y caja de 8+2 velocidades.

Tipo: Tractor agrícola.
Motor: Hanomag KM385BT aspirado (3 cilindros, 1.532 cc, 28,3 HP). Inyección directa.
Tracción: 4×2.
Transmisión: Caja de 8+2 velocidades (Alta y Baja).
Embrague: Doble.
Dirección: Hidráulica.
TDP: 540/1.000 rpm (21,5 HP).
Sistema hidráulico: Doble bomba para dirección e implementos. Levante de 3 puntos Categoría 0 (422 Kg).
Rodados delanteros: 5.00×16.
Rodados traseros: 9.5×24.
Puesto de comando: Plataforma, con arco de seguridad anti-vuelco.
DIMENSIONES
Peso: 1.300 Kg.
Largo: 2.900 mm
Ancho: 1.470 mm.
Altura: 1.500 mm.
Trocha delantera: 1.100/1.300 mm.
Trocha trasera: 1.150/1.350 mm.
Distancia entre ejes: 1.570 mm.
Despeje: 348 mm.
Tanque de combustible: 21 litros.";;;Hanomag;300A;2024;;Traccion Sur;https://www.mercadolibre.com.ar/perfil/Traccion Sur;;;;;;;;;;
MLA2752718584;https://articulo.mercadolibre.com.ar/MLA-2752718584;ok;;;Cosechadora John Deere 9770 Sts Importada  2010 - 758 - US$ 200.000;"Cosechadora John Deere 9770 STS Importada – Año 2010 Serie 758

La John Deere 9770 STS es una de las cosechadoras más confiables y eficientes de su categoría. Reconocida por su robustez, capacidad y tecnología, es la elección ideal para productores que buscan maximizar rendimiento y reducir pérdidas de grano en cada campaña.

Características Técnicas

- Marca y modelo: John Deere 9770 STS
- Año: 2010
- Origen: Importada
- Horas motor: 5.085 hs
- Horas rotor/separador: 3.612 hs
- Motor: John Deere PowerTech Plus – 375 hp (máx. 400 hp)
- Sistema de trilla y separación: Rotor axial STS (Single Tine Separator)
- Tolva de grano: 10.600 L (300 bushels)
- Descarga: Tubo de alta capacidad (~3,3 l/s)
- Plataforma compatible: Draper o Flex de 30 a 40 pies (opcional según disponibilidad)
- Cabina: Premium climatizada, con controles ergonómicos y excelente visibilidad
- Tecnología: GreenStar Ready – lista para piloto automático y monitores de rendimiento

Beneficios para el Productor

- Alta capacidad de cosecha: diseñada para trabajar en grandes extensiones de soja, maíz y trigo.
- Menor pérdida de grano: el sistema STS garantiza una trilla uniforme y eficiente.
- Uso equilibrado: relación horas motor/rotor que demuestra un mantenimiento responsable.
- Confort en largas jornadas: cabina amplia, climatizada y equipada para mayor productividad.
- Excelente reventa: los modelos importados de John Deere tienen gran demanda en el mercado.

Oportunidad de Compra

Cosechadora John Deere 9770 STS Importada – Año 2010
- 5.085 hs motor / 3.612 hs rotor
- Potencia, confiabilidad y tecnología para tu próxima campaña
- Lista para trabajar

Ubicación: Paraná, Entre Ríos";;;John Deere;9770 STS;2010;5085;Impomotorsargentina;https://www.mercadolibre.com.ar/perfil/Impomotorsargentina;;;;;;;;;;
MLA2618911096;https://articulo.mercadolibre.com.ar/MLA-2618911096;ok;;;Pala Cargadora Frontal 1.5m3 - Eisen 932 1.5 Metros Cúbicos - US$ 42.900;"Pala Cargadora Frontal 1.5m3 EISEN 932

-Potencia 114HP
-4x4
-Capacidad 1.5m3
-Carga máxima 2.500kg
-Altura máxima de descarga 4.23m
-Joystick
-Aire Acondicionado

Financiación a medida – Tomamos tu máquina usada como parte de pago.

EISENMANNER – Representante de SINOMACH en Argentina.

SINOMACH es el mayor fabricante de maquinarias del mundo con presencia directa en más de 100 países.
Con sede central en Pekín y plantas industriales en distintos puntos de China, fabrica más de un millón de máquinas por año.
Se encuentra en el puesto 224 del ranking Fortune de las empresas más grandes del mundo, con más de 130.000 empleados.

Venta de máquinas NUEVAS

Venta de máquinas USADAS reacondicionadas.

Repuestos / Servicio Técnico / Mantenimiento

Realizamos el servicio de postventa y reparación de tu máquina.

Estamos para atenderte los 365 días del año las 24hs!";;;Eisen;932;2024;24;Sinomach;https://www.mercadolibre.com.ar/perfil/Sinomach;;;;;;;;;;
MLA2618911806;https://articulo.mercadolibre.com.ar/MLA-2618911806;ok;;;Pala Cargadora Frontal Forestal Con Garra 2.500kg Eisen 932g - US$ 48.700;"Pala Cargadora Forestal con Garra EISEN 932

-Potencia 114HP
-4x4
-Carga máxima 2.500kg
-Altura máxima de carga 4.23m
-Joystick
-Aire Acondicionado

Financiación a medida – Tomamos tu máquina usada como parte de pago.

EISENMANNER – Representante de SINOMACH en Argentina.

SINOMACH es el mayor fabricante de maquinarias del mundo con presencia directa en más de 100 países.
Con sede central en Pekín y plantas industriales en distintos puntos de China, fabrica más de un millón de máquinas por año.
Se encuentra en el puesto 224 del ranking Fortune de las empresas más grandes del mundo, con más de 130.000 empleados.

Venta de máquinas NUEVAS

Venta de máquinas USADAS reacondicionadas.

Repuestos / Servicio Técnico / Mantenimiento

Realizamos el servicio de postventa y reparación de tu máquina.

Estamos para atenderte los 365 días del año las 24hs!";;;Eisen;932;2024;24;Sinomach;https://www.mercadolibre.com.ar/perfil/Sinomach;;;;;;;;;;
MLA2618050448;https://articulo.mercadolibre.com.ar/MLA-2618050448;ok;;;Pala Cargadora Frontal Sinomach 937h 2m3 - 2 Metros Cúbicos - US$ 73.700;"Pala Cargadora Frontal SINOMACH 937H 

-Motor CUMMINS 130HP
-4x4
-Capacidad 2 m3
-Carga máxima 3.500kg
-Altura máxima de descarga 3.78m
-Joystick
-Aire Acondicionado

Financiación a medida – Tomamos tu máquina usada como parte de pago.

EISENMANNER – Representante de SINOMACH en Argentina.

SINOMACH es el mayor fabricante de maquinarias del mundo con presencia directa en más de 100 países.
Con sede central en Pekín y plantas industriales en distintos puntos de China, fabrica más de un millón de máquinas por año.
Se encuentra en el puesto 224 del ranking Fortune de las empresas más grandes del mundo, con más de 130.000 empleados.

Venta de máquinas NUEVAS

Venta de máquinas USADAS reacondicionadas.

Repuestos / Servicio Técnico / Mantenimiento

Realizamos el servicio de postventa y reparación de tu máquina.

Estamos para atenderte los 365 días del año las 24hs!";;;SINOMACH;937H;2025;24;Sinomach;https://www.mercadolibre.com.ar/perfil/Sinomach;;;;;;;;;;
MLA2618911554;https://articulo.mercadolibre.com.ar/MLA-2618911554;ok;;;Pala Cargadora Frontal 3m3 - Sinomach 955t -3 Metros Cúbicos - US$ 98.700;"Pala Cargadora Frontal 3 m3 SINOMACH 955T

-Potencia 220HP
-4x4
-Capacidad 3 m3
-Carga máxima 5.000kg
-Altura máxima de descarga 4.05m
-Joystick
-Aire Acondicionado

Financiación a medida – Tomamos tu máquina usada como parte de pago.

EISENMANNER – Representante de SINOMACH en Argentina.

SINOMACH es el mayor fabricante de maquinarias del mundo con presencia directa en más de 100 países.
Con sede central en Pekín y plantas industriales en distintos puntos de China, fabrica más de un millón de máquinas por año.
Se encuentra en el puesto 224 del ranking Fortune de las empresas más grandes del mundo, con más de 130.000 empleados.

Venta de máquinas NUEVAS

Venta de máquinas USADAS reacondicionadas.

Repuestos / Servicio Técnico / Mantenimiento

Realizamos el servicio de postventa y reparación de tu máquina.

Estamos para atenderte los 365 días del año las 24hs!";;;SINOMACH;955T;2025;24;Sinomach;https://www.mercadolibre.com.ar/perfil/Sinomach;;;;;;;;;;
MLA2618394920;https://articulo.mercadolibre.com.ar/MLA-2618394920;ok;;;Pala Cargadora Frontal 1m3 - Sinomach 930 - 1 Metro Cúbico  - US$ 34.700;"Pala Cargadora Frontal 1 m3 SINOMACH 930

-Potencia 90HP
-4x4
-Capacidad 1 m3
-Carga máxima 2.000kg
-Altura máxima de descarga 3.60m
-Joystick
-Aire Acondicionado

Financiación a medida – Tomamos tu máquina usada como parte de pago.

EISENMANNER – Representante de SINOMACH en Argentina.

SINOMACH es el mayor fabricante de maquinarias del mundo con presencia directa en más de 100 países.
Con sede central en Pekín y plantas industriales en distintos puntos de China, fabrica más de un millón de máquinas por año.
Se encuentra en el puesto 224 del ranking Fortune de las empresas más grandes del mundo, con más de 130.000 empleados.

Venta de máquinas NUEVAS

Venta de máquinas USADAS reacondicionadas.

Repuestos / Servicio Técnico / Mantenimiento

Realizamos el servicio de postventa y reparación de tu máquina.

Estamos para atenderte los 365 días del año las 24hs!";;;SINOMACH;930;2024;24;Sinomach;https://www.mercadolibre.com.ar/perfil/Sinomach;;;;;;;;;;
MLA1510184803;https://articulo.mercadolibre.com.ar/MLA-1510184803;ok;;;Mini Cargadora Iron Xc740 C  Aire Acond, (2026) - US$ 31.600;"El importe publicado corresponde al precio de lista a Publico y no incluye IVA (10,5%)
Consulte por descuentos por pago contado.


ESPECIFICACIONES TÉCNICAS DEL PRODUCTO

Carga nominal : 750 kg
Carga de vuelco : 1.500 kg
Peso operativo : 3.140 kg
Fuerza máxima de desprendimiento : 18 kN

MOTOR 

Fabricante : Xinchai 
Modelo : 4D27G31 
Potencia nominal : 49.3 hp 
Velocidad nominal : 2.500 rpm
Modo de enfriamiento Refrigeración por Agua 

PARÁMETROS DE RENDIMIENTO 
 
Modo de operación : Pilot hydraulic control & multi-function electronic control 
Estándar de neumáticos : 10-16.5 
Velocidad máxima : 14 Km/h 

SISTEMA HIDRAULICO 
 
Caudal hidráulico : 62.5 L/min
Presión hidráulica : 200 bar
Altura máxima operativa : 3.878 mm
Altura del pasador de la bisagra del cucharón : 3.057 mm
Altura de la cabina : 1.960 mm
Altura horizontal máxima del fondo del cucharón : 2.851 mm
Longitud sin cubo : 2.533 mm
Longitud con cubo : 3.310 mm
Ángulo de volteo : 40°
Altura máxima de descarga : 2.375 mm
Ángulo suelo-cucharón : 30°
Ángulo de rotación del cucharón en el punto más alto : 83°
Distancia de descarga : 575 mm
Base de rueda : 1.027 mm
Ángulo de salida : 25°
Claridad del piso : 183 mm
Radio frontal del círculo de giro (sin cuchara) : 1.183 mm
Radio frontal del círculo de giro (con cuchara) : 2.066 mm
Radio trasero del círculo de giro : 1.564 mm
Longitud de la cola : 1.005 mm
Marca hecha por las ruedas : 1.380 mm
Ancho del borde del neumático : 1.640 mm
Ancho del borde de la cuchara : 1.800 mm
Capacidad del cucharón (altura de apilamiento) : 0,45 m3
Capacidad del balde (mosaico) : 0,35 m3
Capacidad del tanque diesel : 80 Lts.
Capacidad del tanque de aceite hidráulico : 60 Lts.

IRON Group junto a las más importantes corporaciones de fabricantes de equipos del planeta, produce una completa línea de maquinaria: tractores agrícolas, elevadores industriales, generadores de energía, grúas sobre camión, equipos de compactación y movimiento de suelo, excavadoras, minicargadoras, camiones mezcladores y elevadores de concreto, entre otros.

IRON SERVICE
A través de su extensa red de distribuidores nacionales y agentes locales, IRON Group está siempre cerca para responder con rapidez a las necesidades de posventa de su comunidad de usuarios.

IRON PARTS
IRON Group posee centros regionales de distribución de partes, accesorios y consumibles, preparados para actuar de inmediato ante cualquier solicitud de un
distribuidor o usuario.";;;IRON XCMG;IRON XC740;2026;;Irongroup;https://www.mercadolibre.com.ar/perfil/Irongroup;;;;;;;;;;
MLA2533495806;https://articulo.mercadolibre.com.ar/MLA-2533495806;ok;;;Pala Cargadora Hyundai Hl770-9s - US$ 180.000;"Pala Cargadora Hyundai HL770-9S


¡VALOR EXPRESADO EN DOLAR OFICIAL!


Descripción:
Año: 2018.
Horas de uso: 6.480 hs.
EXCELENTE ESTADO DE 4.5m3
FUNCIONANDO 100% OPERATIVA 
TIENE BALANZA INCLUIDA PARA EL PESO DE LA CARGA CON PANTALLA DIGITAL DENTRO DE LA CABINA
POTENCIA 198KW = 266 hp
Peso 22.5 t 
Capacidad cuchara 4 m³ 
Capacidad de la pala min. 4 m³ 
Velocidad 38 km/h 
Altura de vertido máx. 3.12 m
Model Series 9S 
Fabr. del motor Hyundai 
Modelo de motor IHE 8.9 


UBICACIÓN: Don Torcuato, Prov. de Buenos Aires, Argentina.


¿QUIENES SOMOS?

Maquin-ar es el primer sitio web en Argentina especializado en la compra y venta de maquinaria. Somos una empresa comprometida con facilitar la gestión comercial de maquinaria en diversos sectores de la actividad económica, ofreciendo un espacio seguro, confiable y eficiente para comprar y vender equipos usados.

¿QUE NOS DIFERENCIA?

Maquin-ar se destaca por su alcance y atención al cliente en todo el país. Contamos con:

Cobertura nacional: Comercialización en 24 provincias de Argentina.
Atención personalizada: Disponible las 24 horas, los 7 días de la semana.
Red de talleres: Más de 150 talleres zonales distribuidos en todo el país.
Financiación exclusiva: Línea de financiación bancaria para equipos usados.
Certificación de equipos: Todos los equipos tienen posibilidad de ser certificados a través de Worklift.
Gestores especializados: Un equipo de 50 gestores comerciales con amplia experiencia en el negocio de compra-venta de maquinaria usada.

Con Maquin-ar, garantizamos un proceso de compra y venta ágil, seguro y con el respaldo de expertos en el sector.";;;Hyundai;HL770-9S;2018;6480;Maquinar;https://www.mercadolibre.com.ar/perfil/Maquinar;;;;;;;;;;
MLA2058429140;https://articulo.mercadolibre.com.ar/MLA-2058429140;ok;;;Pala Cargadora Frontal Forestal Con Garra 2.500kg Eisen 932g - US$ 52.700;"Pala Cargadora Forestal con Garra EISEN 932

-Potencia 114HP
-4x4
-Carga máxima 2.500kg
-Altura máxima de carga 4.23m
-Joystick
-Aire Acondicionado

Financiación a medida – Tomamos tu máquina usada como parte de pago.

EISENMANNER – Representante de SINOMACH en Argentina.

SINOMACH es el mayor fabricante de maquinarias del mundo con presencia directa en más de 100 países.
Con sede central en Pekín y plantas industriales en distintos puntos de China, fabrica más de un millón de máquinas por año.
Se encuentra en el puesto 224 del ranking Fortune de las empresas más grandes del mundo, con más de 130.000 empleados.

Venta de máquinas NUEVAS

Venta de máquinas USADAS reacondicionadas.

Repuestos / Servicio Técnico / Mantenimiento

Realizamos el servicio de postventa y reparación de tu máquina.

Estamos para atenderte los 365 días del año las 24hs!";;;Eisen;932G;2024;24;Sinomach;https://www.mercadolibre.com.ar/perfil/Sinomach;;;;;;;;;;
MLA1597860207;https://articulo.mercadolibre.com.ar/MLA-1597860207;ok;;;Pala Cargadora Forestal Con Garra 3500kg Sinomach 937hg  - US$ 78.700;"Pala Cargadora Forestal con GARRA 3.500kg SINOMACH 937HG

-Motor CUMMINS 130HP
-4x4
-Carga máxima 3.500kg
-Altura máxima de carga 3.78m
-Joystick
-Aire Acondicionado

Financiación a medida – Tomamos tu máquina usada como parte de pago.

EISENMANNER – Representante de SINOMACH en Argentina.

SINOMACH es el mayor fabricante de maquinarias del mundo con presencia directa en más de 100 países.
Con sede central en Pekín y plantas industriales en distintos puntos de China, fabrica más de un millón de máquinas por año.
Se encuentra en el puesto 224 del ranking Fortune de las empresas más grandes del mundo, con más de 130.000 empleados.

Venta de máquinas NUEVAS

Venta de máquinas USADAS reacondicionadas.

Repuestos / Servicio Técnico / Mantenimiento

Realizamos el servicio de postventa y reparación de tu máquina.

Estamos para atenderte los 365 días del año las 24hs!";;;SINOMACH;937H;2024;24;Sinomach;https://www.mercadolibre.com.ar/perfil/Sinomach;;;;;;;;;;
MLA1473929221;https://articulo.mercadolibre.com.ar/MLA-1473929221;ok;;;Tractor Chery 45hp 4x4 Tipo John Deere - Financiación Propia - US$ 17.500;"FINANCIACIÓN 50% DE ANTICIPO Y 6 CHEQUES SIN INTERÉS!!!

DETALLES TÉCNICOS
Tracción Doble 4x4
Motor tipo Diesel 4 cilindros, 4 tiempos, inyección directa. Refrigerado por agua. Tecnología Perkins
Potencia 45 hp
Desplazamiento 2400 cm3
Velocidad de rotación 2350 rpm
Número de marchas 8 de avance / 8 de retroceso
Velocidad min-max (avance / retroceso) 2.35 - 33 / 2,05 - 27 Km/h
Freno principal Disco en baño de aceite
Toma de fuerza (PTO / rpm) 540 / 1000
Suspensión de 3 puntos Cat. 2
Capacidad de levante a 610mm 750 kg
Largo total 3918 mm
Ancho total 1600 mm
Altitud total 2420 mm
Peso 1800 Kg";;;Chery Bylion;RK-404;2024;;American Agro;https://www.mercadolibre.com.ar/perfil/American Agro;;;;;;;;;;
MLA1574407501;https://articulo.mercadolibre.com.ar/MLA-1574407501;ok;;;Tractor Hanomag Stark Park2 25hp Parquero Nuevo 3 Puntos - US$ 8.300;"LA CORTADORA ES UN ACCESORIO, NO ESTA INCLUIDA EN EL VALOR.
PRECIO MAS IVA 10.5%


EL VALOR DE LA PUBLICACIÓN CORRESPONDE AL RODADO PARQUERO 
(EL RODADO AGRÍCOLA ES MAS ECONÓMICO)

VENTAS A TODOS LOS PUNTOS DEL PAÍS, FACTURACIÓN Y PAGO DIRECTO A FABRICA (OPERACIÓN DIRECTA DE FABRICA)

Modelo: Park2
Características Especiales

Neumáticos: 31x9.5x16 tras / 23x8.5x12 del
Dirección: Hidráulica asistida
Salida Hidráulica: 1
Fuerza de Levante: 350 Kg.
Tipo de Levante: 3 Puntos Categoría 0
Velocidad Toma de Fuerza: 540 Rpm.
Eje Toma de Fuerza: 6 Estrías
Largo: 2650 mm.
Ancho: 1220 mm.
Alto: 1235 mm.
Distancia entre Ejes: 1480 mm.
Trocha Delantera: 1020
Trocha Trasera: 970
Despeje del Suelo (desde base transmisión): 240 mm.
Peso: 960
Potencia Toma de Fuerza (KW/HP): 21 hp.
Velocidades: 6+1 (3 altas + 3 bajas + 1 retroceso)
Motor Modelo: Hanomag
Motor Tipo: Diesel - Refrigerado por Agua
Motor Cilindros: 3
Tipo de cámara de combustión: Inyección directa
Potencia nominal 25 Hp
Máximas revoluciones (rpm): 2350
Consumo nominal de Combustible: 4.5 litros/hora
Aspiración nominal: Natural
Transmisión: Parquero Invertido 2WD
Tipo Sistema Eléctrico: 12 volts
Sistema de Arranque: Eléctrico
Tanque: 20 Litros";;;Hanomag;STARK PARK 2;2024;;Traccion Sur;https://www.mercadolibre.com.ar/perfil/Traccion Sur;;;;;;;;;;
MLA1574303005;https://articulo.mercadolibre.com.ar/MLA-1574303005;ok;;;Desmalezadora 3 Puntos 1.50 Mt Nacional Nueva Grass Cutter - $ 3.199.000;"DESMALEZADORAS NUEVAS

MARCA GRASS CUTTER

EL PRECIO CORRESPONDE A LA MEDIDA DE 1.50 MTS DE 3 PUNTOS.

PRECIO + IVA 10.5% 

CONSULTA POR OTRAS MEDIDAS.";;;GRASS CUTTER;JAB 1500;2024;;Traccion Sur;https://www.mercadolibre.com.ar/perfil/Traccion Sur;;;;;;;;;;
MLA2024107906;https://articulo.mercadolibre.com.ar/MLA-2024107906;ok;;;Tolva Autodescargable Monotolva Cestari Usada  24.000lts - $ 25.000.000;"precio publicado más iva del 10.5%
Marca: Cestari

Modelo: ST 24.000 L 2R
Capacidad: 24.000 litros

 Color: verde Cestari

 Equipada con:

Llantas: 27x 32

Rodados: 30.5-32

 Balanza: Magris";;;Cestari;24.000LTS. 1 EJE;2018;;Maquinarias Ibarrola;https://www.mercadolibre.com.ar/perfil/Maquinarias Ibarrola;;;;;;;;;;
MLA1574420087;https://articulo.mercadolibre.com.ar/MLA-1574420087;ok;;;Tractor Hanomag Stark Agr2 25hp Agricola  3ptos Nuevos  - US$ 8.200;"PRECIO + IVA 10.5%


TRACCION SUR S.A. - CONCESIONARIO OFICIAL MICHIGAN Y HANOMAG. 

VENTAS A TODOS LOS PUNTOS DEL PAÍS.


LA CORTADORA ES UN ACCESORIO, NO ESTA INCLUIDA EN EL VALOR.


ELEVADORES - RETROEXCAVADORAS/ MONTACARGAS
Modelo: Agr2
Caracteristicas Especiales


Dirección: Hidráulica asistida
Salida Hidráulica: 1
Fuerza de Levante: 350 Kg.
Tipo de Levante: 3 Puntos Categoría 0
Velocidad Toma de Fuerza: 540 Rpm.
Eje Toma de Fuerza: 6 Estrías
Largo: 2650 mm.
Ancho: 1160 mm.
Alto: 1220 mm.
Distancia entre Ejes: 1480 mm.
Trocha Delantera: 940
Trocha Trasera: 950
Despeje del Suelo (desde base transmisión): 260
Peso: 960
Techo / arco anti-vuelco: No
Lastre: 960
Torque: 40 Kg.
Potencia Toma de Fuerza (KW/HP): 21 hp.
Velocidades: 6+1 (3 altas + 3 bajas + 1 retroceso)

Motor Modelo: Hanomag
Motor Tipo: Diesel - Refrigerado por Agua
Motor Cilindros: 3
Tipo de cámara de combustión: Inyección directa
Motor carrera de pistones: 100x105
Potencia nominal (KW/HP): 18,8 Kw / 25 Hp
Máximas revoluciones (rpm): 2350
Consumo nominal de Combustible: 4.5 litros/hora
Aspiración nominal: Natural
Transmisión: Manual
Tipo Sistema Eléctrico: 12 volts
Sistema de Arranque: Eléctrico
Tanque: 20 Litros";;;Hanomag;STARK AGR2;2024;;Traccion Sur;https://www.mercadolibre.com.ar/perfil/Traccion Sur;;;;;;;;;;
MLA1574250533;https://articulo.mercadolibre.com.ar/MLA-1574250533;ok;;;Cargadora Michigan M55hd Balde 1.5mt, 100hp C/aire 2tn Nueva - US$ 38.824;"PRECIO + IVA 10.5% - 

BALDE 1.5 METROS - CABINA CON AIRE - MOTOR 100 HP TURBO - CAP CARGA 2TN

TRACCION SUR S.A. - CONCESIONARIO OFICIAL MICHIGAN Y HANOMAG. (TRES ARROYOS, PROV BS AS)

VENTAS A TODOS LOS PUNTOS DEL PAÍS.

Línea: 
Compact
Capacidad de carga: 
2000kg
Capacidad de balde: 
1.5 m³
Altura máxima de carga: 
4020 mm
Altura máxima de descarga: 
3200 mm
Altura máxima a perno: 
3980 mm
Comando operativo: 
Joystick Hidráulico
Tracción: 
4WD
Caja de cambio: 
Powershift
Presión del sistema hidráulico: 
16 MPa
Sistema de frenos: 
Aire
Cabina: 
Sí
Calefacción/Aire acondicionado: 
Si / Si
Vel. elevación de carga: 
6 s
Ángulo máximo de subida: 
--
Ángulo de articulación: 
32±3°
Velocidad de trabajo (baja): 
--
Velocidad de traslado (alta): 
20 Km/h
Peso Operativo: 
6990kg
Largo: 
6350 mm
Ancho: 
2200 mm
Alto: 
3000 mm
Distancia entre ejes: 
2750 mm
Trocha: 
1730 mm
Mínima distancia al piso: 
330 mm
Radio de giro: 
---
Motor Marca: 
Kunming
Motor Potencia: 
75kW / 100 Hp
Motor Torque Máximo: 
414N·m/1800-1600rpm
Motor Cilindrada: 
---
Rodado Frontal: 
16/70-24
Rodado Trasero: 
16/70-24
Sistema eléctrico - Voltaje: 
24 V";;;Michigan;M55HD;2025;;Traccion Sur;https://www.mercadolibre.com.ar/perfil/Traccion Sur;;;;;;;;;;
MLA2059693190;https://articulo.mercadolibre.com.ar/MLA-2059693190;ok;;;Pala Cargadora 3tn Brumby Balde 2m3 4x4 Weichai - US$ 54.490;"Pala Cargadora 3tn balde 2m3 4x4 - CUMMINS
Modelo: BRP935G_G50

Comprá AHORA y asegurate ésta OFERTA BOMBA por Tiempo Limitado.
¡ULTIMAS UNIDADES DISPONIBLES!

Somos BIDCOM: Líderes en comercio electrónico y tecnología

Nuestro propósito es facilitar el acceso a productos innovadores y de interés, brindando una experiencia extraordinaria. Más de 15 años vendiendo en MercadoLibre. Más de 5 millones de compradores nos eligieron y recomendaron, 100 porciento de opiniones positivas. Hemos sido elegidos por MercadoLibre como los mejores vendedores de todo el sitio.

¡MercadoLibre nos reconoció como los mejores vendedores de todo el sitio a nivel regional!

CARACTERISTICAS

Dimensiones totales (LxAxH): 7140x2400x3120
Peso operativo (Kg): 10000
Capacidad de carga (Kg): 3000
Tamaño balde estándar (m3): 1.9
Distancia entre ejes (mm): 2600
Altura de descarga (mm): 3260-4500
Alcance de descarga (mm): 1180
Frenos: Aire hidraulico
Tamaño de las cubiertas: 17.5-25
Convertidor: Shantui YJ315

OPCIONALES Y ACCESORIOS:
Garra Forestal
Porta Pallet
Pala excavadora
Feller (Tijera forestal)
Todo tipo de baldes adicionales
Consulte por otras opciones

_______________________________________________________________

DESCUBRÍ NUESTRA VARIEDAD DE PRODUCTOS:

Notebooks - Aspiradoras Robot - Cámaras de Seguridad - Ionizadores Solares - Gazebos, Pérgolas y Sombrillas - Freidoras de Aire - Pequeños Electrodomésticos - Contadoras de Billetes - Aires Acondicionados - Celulares - Masajeadores - Drones - Televisores - Handies - Impresoras 3D - Artículos de Belleza y más

Además, somos representantes oficiales de marcas de alto prestigio a nivel global como

Gadnic - Sony Playstation - Asus - DJI - Creality - Baofeng - iRobot - KONNWEI - Kemei - QCY - YIHUA entra otras.

_______________________________________________________________

VISITANOS EN NUESTRA SUCURSAL

Sucursal CABA - Villa Ortuzar (Cerca de la estación Triunvirato del subte B)
Nuestros horarios de atención son: Lunes a Viernes de 9 a 19hs ; Sábados y Feriados: 10 a 17hs.
¡Descubrí nuestros productos y recibí atención personalizada de nuestro equipo

_______________________________________________________________

GARANTÍA OFICIAL EN TODOS NUESTROS PRODUCTOS

Ofrecemos 12 meses de garantía oficial de fábrica en todos los productos y servicio técnico especializado durante todo el periodo de garantía.

Además, ofrecemos garantía extendida, lo que brinda a los clientes una mayor tranquilidad y respaldo a largo plazo.
_______________________________________________________________

ESTAMOS EN TODO EL PAÍS

Potenciamos tu experiencia de compra con nuestra extensa red de concesionarios, garantizando entregas rápidas en 48Hs.
_______________________________________________________________

MAYORISTA

Disponemos de un equipo especializado en ventas mayoristas B2B, brindando las mejores opciones de financiación y servicios de entrega adaptados a tus necesidades.
_______________________________________________________________

ATENCIÓN TELEFÓNICA

Ofrecemos atención telefónica con agentes especializados todos los días, de 9:00 a 20:00, para brindarte el mejor servicio y resolver tus consultas. ¡Estamos aquí para ayudarte!
_______________________________________________________________

RESPUESTA A PREGUNTAS 24HS

Tenemos un equipo especializado disponible las 24 horas, listo para responder tus preguntas y brindarte asesoramiento experto sobre nuestros productos. ¡No dudes en escribirnos!
_______________________________________________________________

REDES SOCIALES

Síguenos en todas nuestras redes sociales, tanto BIDCOM como BRUMBY, para mantenerte al tanto de los últimos lanzamientos, promociones y preventa exclusiva. ¡No te pierdas las novedades!
_______________________________________________________________

SERVICIO TÉCNICO

En BRUMBY, nuestro equipo altamente especializado garantiza a nuestros clientes soluciones integrales y rápidas, con acceso a una amplia variedad de repuestos y reparaciones para todos tus equipos. Estamos comprometidos con tu satisfacción.
_______________________________________________________________

PAGOS Y FACTURACIÓN

Aceptamos todos los medios de pago con tarjeta y pagos electrónicos. También, emitimos facturas A y B para tu mayor conveniencia.
_______________________________________________________________

MENSAJERÍA

¿Necesitas ayuda con tu compra en BRUMBY? Conéctate con nosotros a través de la mensajería instantánea para obtener respuestas rápidas a tus preguntas o recibir asistencia. Estamos aquí para hacer tu experiencia de compra más fácil y eficiente. ¡Contáctanos ahora y descubre el servicio excepcional que ofrecemos en BRUMBY!
_______________________________________________________________

Hacenos todas las consultas que tengas, para nosotros es un placer ayudarte.

Estamos Online para todo lo que necesites

BRUMBY";;;Brumby;BRP935G;2025;19;Brumby;https://www.mercadolibre.com.ar/perfil/Brumby;;;;;;;;;;
MLA1574418053;https://articulo.mercadolibre.com.ar/MLA-1574418053;ok;;;Tractor Hanomag 80hp 4x4 Nuevo 3 Puntos Stock Entrega Hoy - US$ 25.484;"ENTREGA INMEDIATA - TENEMOS STOCK, SE ENTREGA EN EL DIA.
PRECIO MAS IVA 10.5%
HANOMAG STARK 800/4 (80HP 4X4) EQUIPADO CON LEVANTE DE 3 PUNTOS.
REVERSOR DE MARCHA
CUADRUPLE SALIDA HIDRAULICA DOBLE
24 VELOCIDADES

""INDUSTRIA NACIONAL"" APTO CREDITOS BANCARIOS


Modelo: 800/4
Código: 10505062N

Neumáticos: Delanteros 12.4-24 Traseros 18.4-30
Dirección: Hidráulica
Salida Hidráulica: 3 Salidas
Fuerza de Levante: 15 Kn
Tipo de Levante: 3 pts Categoría 2
Velocidad Toma de Fuerza: Mecánica, Independiente
Largo: 4000 mm
Ancho: 1950 mm
Alto: 2970 mm
Distancia entre Ejes: 2080 mm

Despeje del Suelo (desde base transmisión): 450 mm
Peso: 4200 Kg
Techo / arco anti-vuelco: ROPS
Lastre: Delantero y Trasero

Potencia Toma de Fuerza (KW/HP): ___
Velocidades: 16+8

Motor Modelo: Hanomag
Motor Tipo: Diesel - Refrigerado por Agua
Motor Cilindros: 4

Potencia nominal (KW/HP): 80 Hp
Máximas revoluciones (rpm): 2400

Transmisión: Manual 4WD

Tanque: 100 L";;;Hanomag;800/4;2025;;Traccion Sur;https://www.mercadolibre.com.ar/perfil/Traccion Sur;;;;;;;;;;
MLA1636775973;https://articulo.mercadolibre.com.ar/MLA-1636775973;ok;;;Pala Cargadora Lonking - $ 26.000.000;"Vendo Pala Cargadora
1 metro cúbico, único dueño y en muy buen estado.
Podes pasarla a verla y comprobarlo.";;;Lonking;CDM816;2013;;Juan Oscar;https://www.mercadolibre.com.ar/perfil/Juan Oscar;;;;;;;;;;
MLA2005122510;https://articulo.mercadolibre.com.ar/MLA-2005122510;ok;;;Tractores Chery 4x4 - Con Pala Frontal - Omar Martin - US$ 40.000;"Características Técnicas Principales:

• Peso Operativo:    2.300 Kg. 
• Capacidad de levante 610 mm:  1450Kg.
• Potencia nominal del motor:  80HP.
• Válvulas de control remoto:   2 de Doble acción
• Toma de Fuerza:     540/1000 RPM
• Suspensión de 3 Puntos:   Categoría 2


Motor:

• Modelo:  Tecnología Perkins II. 
• Potencia:  80 HP 2.300 r.p.m.
• Tipo de Motor:  De cuatro tiempos y 4 (tres) cilindros en línea.
• Tipo de Inyección: Bomba mecánica y lineal de inyección directa. 

Transmisión:

• Marca:   ZOOMLION 
• Tipo:   Caja semi-sincronizada (con Inversor)
• Tracción      4x4. 
• Embrague     Doble en Seco. 
• Marchas de Avance: Doce (12).
• Marchas de Retroceso:  Doce (12).

Sistema de Freno:

• De Servicio:  A Disco.
• Cantidad de Discos: Uno (1) por rueda.
• De Estacionamiento: De accionamiento manual y mecánico.";;;Chery;RK-754;2024;;American Agro;https://www.mercadolibre.com.ar/perfil/American Agro;;;;;;;;;;
MLA1574316047;https://articulo.mercadolibre.com.ar/MLA-1574316047;ok;;;Desmalezadora 3 Puntos Nueva 1,20 Mt Tractor Grass Cutter - $ 3.200.000;"PRECIO + IVA 10.5%

DESMALEZADORAS GRASS CUTTER 
NACIONALES - ROBUSTAS

EL PRECIO CORRESPONDE A 1.20 MT ANCHO DE CORTE

CONSULTAR POR OTRAS MEDIDAS




TRACCION SUR S.A. - CONCESIONARIO OFICIAL MICHIGAN Y HANOMAG
(TRES ARROYOS, PROV BS AS)

VENTAS A TODOS LOS PUNTOS DEL PAÍS.";;;GRASS CUTTER;JAV120;2024;;Traccion Sur;https://www.mercadolibre.com.ar/perfil/Traccion Sur;;;;;;;;;;
MLA1574405067;https://articulo.mercadolibre.com.ar/MLA-1574405067;ok;;;Tractor Hanomag Stark Agr4 Rodado Agricola 4x4 25hp 3 Puntos - US$ 8.600;"PRECIO MAS IVA 10.5% + FLETE
MOTOR DIESEL 3 CILINDROS
ALTA Y BAJA
HANOMAG STARK AGR4 (4X4 DESCONECTABLE 25HP RODADO AGRICOLA)
EQUIPADO CON LEVANTE DE 3 PUNTOS, TOMA DE FUERZA, DIRECCION HIDRAULICA Y SALIDA HIDRAULICA SIMPLE";;;Hanomag;AGR4;2025;;Traccion Sur;https://www.mercadolibre.com.ar/perfil/Traccion Sur;;;;;;;;;;
MLA1493206189;https://articulo.mercadolibre.com.ar/MLA-1493206189;ok;;;Pala Cargadora  Iron Xcmg -  Xc958 - 3m3 (nuevo Modelo 2026) - US$ 98.800;"El importe publicado corresponde al precio de lista a Publico y no incluye IVA (10,5%)
Consulte por descuentos por pago contado.";;;IRON XCMG;XC958;2026;;Irongroup;https://www.mercadolibre.com.ar/perfil/Irongroup;;;;;;;;;;
MLA2534504808;https://articulo.mercadolibre.com.ar/MLA-2534504808;ok;;;Tractor Hanomag Stark 500/4 50hp 4x4 3 Puntos Stock Nuevo  - US$ 14.533;"PRECIO PUBLICADO + IVA 10.5 % 
 

 (VER VÍDEO)
 DOBLE TRACCIÓN (4X4) ALTA Y BAJA
 LEVANTE DE 3 PUNTOS - TOMA DE FUERZA 540/1000 RPM.
 DIRECCIÓN HIDRÁULICA
 DOBLE SALIDA HIDRÁULICO DOBLE
 POTENCIA 50 HP DIÉSEL ( 4 CILINDROS ASPIRADO - MOTOR HANOMAG)
 CUBIERTA AGRICOLA 
 RODADO DELANTERO 7.50-16
 RODADO TRASERO 13.6-24

 

 TRACCION SUR S.A. CONCESIONARIO OFICIAL HANOMAG Y MICHIGAN 
 VENTAS A TODOS LOS PUNTOS DEL PAÍS (SE ENVÍA DE FABRICA DIRECTO AL 
 USUARIO)";;;Hanomag;500/4;2025;;Traccion Sur;https://www.mercadolibre.com.ar/perfil/Traccion Sur;;;;;;;;;;
MLA2023966130;https://articulo.mercadolibre.com.ar/MLA-2023966130;ok;;;Pala Cargadora 1,7 M3 Michigan R65c 1,7 Metros Cúbicos - US$ 39.700;"Pala Cargadora 1,7 m3 MICHIGAN R65C

-Potencia 125HP
-4x4
-Capacidad 2 m3
-Carga máxima 2.500kg
-Altura máxima de descarga 4.00m
-Joystick

Financiación a medida – Tomamos tu máquina usada como parte de pago.

EISENMANNER – Representante de SINOMACH en Argentina.

SINOMACH es el mayor fabricante de maquinarias del mundo con presencia directa en más de 100 países.
Con sede central en Pekín y plantas industriales en distintos puntos de China, fabrica más de un millón de máquinas por año.
Se encuentra en el puesto 224 del ranking Fortune de las empresas más grandes del mundo, con más de 130.000 empleados.

Venta de máquinas NUEVAS

Venta de máquinas USADAS reacondicionadas.

Repuestos / Servicio Técnico / Mantenimiento

Realizamos el servicio de postventa y reparación de tu máquina.

Estamos para atenderte los 365 días del año las 24hs!";;;Michigan;R65C;2016;24;Sinomach;https://www.mercadolibre.com.ar/perfil/Sinomach;;;;;;;;;;
MLA2023888048;https://articulo.mercadolibre.com.ar/MLA-2023888048;ok;;;Pala Cargadora Frontal Sem Zl30 - US$ 29.700;"Pala Cargadora 2 m3 SEM ZL30-II

-Potencia 125HP
-4x4
-Capacidad 2 m3
-Carga máxima 2.500kg
-Altura máxima de descarga 3.78m

Financiación a medida – Tomamos tu máquina usada como parte de pago.

EISENMANNER – Representante de SINOMACH en Argentina.

SINOMACH es el mayor fabricante de maquinarias del mundo con presencia directa en más de 100 países.
Con sede central en Pekín y plantas industriales en distintos puntos de China, fabrica más de un millón de máquinas por año.
Se encuentra en el puesto 224 del ranking Fortune de las empresas más grandes del mundo, con más de 130.000 empleados.

Venta de máquinas NUEVAS

Venta de máquinas USADAS reacondicionadas.

Repuestos / Servicio Técnico / Mantenimiento

Realizamos el servicio de postventa y reparación de tu máquina.

Estamos para atenderte los 365 días del año las 24hs!";;;SEM;ZL30;2008;24;Sinomach;https://www.mercadolibre.com.ar/perfil/Sinomach;;;;;;;;;;
MLA2023875020;https://articulo.mercadolibre.com.ar/MLA-2023875020;ok;;;Pala Cargadora Frontal 1 M3 Crybsa C80 1 Metro Cúbico Usada - US$ 23.500;"Pala Cargadora 1 m3 CRYBSA C80

-Potencia 90HP
-4x4
-Capacidad 1 m3
-Carga máxima 2.000kg
-Altura máxima de descarga 3.60m
-Joystick
-Aire Acondicionado

Financiación a medida – Tomamos tu máquina usada como parte de pago.

EISENMANNER – Representante de SINOMACH en Argentina.

SINOMACH es el mayor fabricante de maquinarias del mundo con presencia directa en más de 100 países.
Con sede central en Pekín y plantas industriales en distintos puntos de China, fabrica más de un millón de máquinas por año.
Se encuentra en el puesto 224 del ranking Fortune de las empresas más grandes del mundo, con más de 130.000 empleados.

Venta de máquinas NUEVAS

Venta de máquinas USADAS reacondicionadas.

Repuestos / Servicio Técnico / Mantenimiento

Realizamos el servicio de postventa y reparación de tu máquina.

Estamos para atenderte los 365 días del año las 24hs!";;;CRYBSA;C80;2020;24;Sinomach;https://www.mercadolibre.com.ar/perfil/Sinomach;;;;;;;;;;
MLA1644373193;https://articulo.mercadolibre.com.ar/MLA-1644373193;ok;;;Trailers Grupo Electrógeno Uso Interno Agrícola  - US$ 4.750;el valor es de un trailer para uso interno sin homologar idem al de la primer y segunda foto . el valor es mas iva ,chasis fabricado en upn 80 piso en chapa estampada las medidas útiles son 1.30x3 mts 2000kg de carga máxima . incluye 4 ruedas nuevas 185 r14 de primer marca idem a la primer foto el valor es dolar billete+iva;;;Trailers Gallo;playo;2023;;Galli;https://www.mercadolibre.com.ar/perfil/Galli;;;;;;;;;;
MLA2304460280;https://articulo.mercadolibre.com.ar/MLA-2304460280;ok;;;Retro Pala Iron Xcmg  Xc870k - US$ 90.700;"CARACTERISTICAS PRINCIPALES
Tipo de Chasis : Monochasis

Tracción : 4WD / 2WD
Largo Total : 7.440 mm
Ancho Total : 2.350 mm
Alto Total : 3.450 mm
Peso Operativo : 7.600 Kg
Velocidad Máxima : 40 Km/h
Motor : Weichai - 94Hp
Emisiones : tier II
Capacidad de Balde Delantero : 1 m3
Capacidad de Levante . 2.500 Kg
Máxima Fuerza de Rompimiento : 66 kN
Altura Máxima de Descarga : 2.770 mm
Alcance Máximo de Descarga . 755 mm
Presión de Trabajo : 24 Mpa
Capacidad Balde Trasero . 0,3 m3
Radio Máximo de Excavación : 5.460 mm
Profundidad Máxima de Excavación : 4.425 mm
Fuerza Máxima de Excavación : 63 kN
Presión de Trabajo : 24 Mpa


La serie retroexcavadoras XC870K/XC870HK son los nuevos modelos, completamente
rediseñados y lanzados al mercado por IRON. Estos equipos fueron mejorados en base
a la maduración del resto de los equipos y la performance técnica de los productos
actuales, incluyendo mejoras en la emisión de gases, reducción de peso de partes
estructurales y optimización de los sistemas de trabajo, mejoras en el confort, la seguridad , el mantenimiento, la confiabilidad y el bajo costo de mantenimiento del equipo.

· Cabina con vista panorámica de 3600, con aire acondicionado, amplio espacio, buena
insonorización y aislación térmica y gran absorción de impactos. Ventanas laterales y luneta
trasera con apertura manual que permiten una operación confortable y sensación de amplitud.
· El asiento con suspensión son ajustables en varias posiciones. Los joysticks y el panel de
instrumentos están colocados ergonómicamente para permitir una operación confortable.
· Incluye radio y reproductor multimedia, porta vasos, compartimentos de guardado y tomas de
energía que demuestran el diseño orientado al operador.
· La palanca de cambios está equipada con un interruptor para garantizar un cambio ágil entre
las marchas bajas y altas.
· Cabina FOPS&ROPS con extinguidor de fuego y martillo de seguridad para asegurar la
seguridad personal del operador.
Los sistemas de alarmas en tiempo real permiten una operación segura en todo momento.
· Los ejes húmedos de libre mantenimiento presentan la función de frenado de un solo lado y
radios de giro acotados.";;;IRON XCMG;XC870K;2024;;Irongroup;https://www.mercadolibre.com.ar/perfil/Irongroup;;;;;;;;;;
MLA1574314387;https://articulo.mercadolibre.com.ar/MLA-1574314387;ok;;;Hanomag H104 4x4 0.50mt3 45hp Muy Versatil Ideal Corralon - US$ 17.940;"PRECIO MAS IVA 10.5%



 PAGO Y FACTURACIÓN DIRECTO A FABRICA (100% SEGURIDAD DE ENTREGA)

LA UNIDAD SE RETIRA O SE ENVÍA DE FABRICA (CORDOBA BELL VILLE) DIRECTO AL USUARIO, HACIÉNDOSE LA PRE ENTREGA A DOMICILIO.

VENDE CONCESIONARIO OFICIAL HANOMAG Y MICHIGAN

TRACCION SUR S.A.";;;Hanomag;H104;2025;;Traccion Sur;https://www.mercadolibre.com.ar/perfil/Traccion Sur;;;;;;;;;;
MLA2533499044;https://articulo.mercadolibre.com.ar/MLA-2533499044;ok;;;Cespera Desmalezadora 1.50mt 3 Cuchillas + 4 Ruedas  - US$ 1.900;"PRECIO + IVA 10.5% 

TRACCION SUR S.A. - CONCESIONARIO OFICIAL MICHIGAN Y HANOMAG
(TRES ARROYOS, PROV BS AS)
VENTAS A TODOS LOS PUNTOS DEL PAÍS.

CESPERA DE 1.50 MTS DE ANCHO DE CORTE PARA TRACTORES CON 3 PUNTOS.

3 CUCHILLAS + 4 RUEDAS NIVELADORAS

PARA TRACTORES DE 25 a 50HP

IDEAL CANCHAS DE GOLF, FUTBOL, COUNTRYS, CASCOS.";;;Grass Cutter;Cespera 1.50;2025;;Traccion Sur;https://www.mercadolibre.com.ar/perfil/Traccion Sur;;;;;;;;;;
MLA1574314839;https://articulo.mercadolibre.com.ar/MLA-1574314839;ok;;;Pala Cargadora Michigan M75iihd,  125hp, Balde 2mt. Aire Ac - US$ 61.640;"VER VIDEO (ULTIMA IMAGEN)

PRECIO + IVA 10.5% - 

TRACCION SUR S.A. - CONCESIONARIO OFICIAL MICHIGAN Y HANOMAG
(TRES ARROYOS, PROV BS AS)
VENTAS A TODOS LOS PUNTOS DEL PAÍS.


Línea: 
Heavy Duty
Capacidad de carga: 
3000 Kg
Capacidad de balde: 
2 m³
Altura máxima de carga: 
4737 mm
Altura máxima de descarga: 
2806 mm
Altura máxima a perno: 
3710 mm
Comando operativo: 
Joystick Hidráulico
Tracción: 
4WD
Caja de cambio: 
Powershift
Presión del sistema hidráulico: 
16 Mpa
Sistema de frenos: 
Caliper - Disco
Cabina: 
Sí
Calefacción/Aire acondicionado: 
Si / Si
Vel. elevación de carga: 
5,5 s
Ángulo máximo de subida: 
35º
Ángulo de articulación: 
35º
Velocidad de trabajo (baja): 
--
Velocidad de traslado (alta): 
32 Km/h
Peso Operativo: 
10.500 Kg
Largo: 
7200 mm
Ancho: 
2500 mm
Alto: 
3180 mm
Distancia entre ejes: 
2850 mm
Trocha: 
1850 mm
Mínima distancia al piso: 
345 mm
Radio de giro: 
5680 mm
Motor Marca: 
Weichai
Motor Potencia: 
92 Kw / 125 Hp
Motor Torque Máximo: 
500 Nm
Motor Cilindrada: 
6.75 L
Rodado Frontal: 
17.5-25 L3 12 PR
Rodado Trasero: 
17.5-25 L3 12 PR
Sistema eléctrico - Voltaje: 
24 V";;;Michigan;R75 II;2025;;Traccion Sur;https://www.mercadolibre.com.ar/perfil/Traccion Sur;;;;;;;;;;
MLA2533822868;https://articulo.mercadolibre.com.ar/MLA-2533822868;ok;;;Rastra Disco Excéntrica 3 Puntos 12 Discos 50/60hp Nueva - $ 3.800.000;"PRECIO + IVA 10.5%

NUEVA PARA TRACTORES de 40 a 70 HP

RASTRA DE DISCO EXCÉNTRICA PARA 3 PUNTOS 

PESADA DE INDUSTRIA NACIONAL

12 DISCOS DE 22""";;;Hanomag;Excentrica;2024;;Traccion Sur;https://www.mercadolibre.com.ar/perfil/Traccion Sur;;;;;;;;;;
MLA2533498928;https://articulo.mercadolibre.com.ar/MLA-2533498928;ok;;;Hanomag Tr115 4x4 Cab Aire Y Calef. 3 Ptos 110 Hp Novedad ! - US$ 45.540;"PRECIO + IVA 10.5% - COTIZACION DOLAR OFICIAL 

TRACCION SUR S.A. - CONCESIONARIO OFICIAL MICHIGAN Y HANOMAG
(TRES ARROYOS, PROV BS AS)

VENTAS A TODOS LOS PUNTOS DEL PAÍS.


Modelo: TR115CA
Código: 10516532N
Caracteristicas Especiales

Neumáticos: Delanteros 11,2-24 Traseros 16,9-34
Dirección: Hidráulica
Salida Hidráulica: 4
Fuerza de Levante: --
Tipo de Levante: --
Velocidad Toma de Fuerza: --
Eje Toma de Fuerza: Tipo 1 ø35 - 6 estrías
Largo: 4305 mm
Ancho: 2100 mm
Alto: 2810 mm
Distancia entre Ejes: 1700 mm
Trocha Delantera: --
Trocha Trasera: --
Despeje del Suelo (desde base transmisión): 379 mm
Peso: 4500 Kg
Techo / arco anti-vuelco: Cabina
Lastre: --
Torque: --
Potencia Toma de Fuerza (KW/HP): --
Velocidades: 16 adelante + 8 atrás
Marcha 1 - Baja:
Marcha 1 - Alta: --
Marcha 2 - Baja:
Marcha 2 - Alta: --
Marcha 3 - Baja:
Marcha 3 - Alta: --
Marcha 4 - Baja:
Marcha 4 - Alta: --
Marcha 5 - Baja:
Marcha 5 - Alta: --
Reversa 1: --
Reversa 2: --
Reversa 3:
Reversa 4:
Motor Modelo: Hanomag
Motor Tipo: Diesel - Refrigerado por Agua
Motor Cilindros: 4
Tipo de cámara de combustión: --
Motor carrera de pistones: --
Potencia nominal (KW/HP): 81 / 108
Máximas revoluciones (rpm): 2300
Consumo nominal de Combustible: --
Aspiración nominal: --
Transmisión: --
Tipo Sistema Eléctrico: --
Sistema de Arranque: --
Tanque: 140 L";;;Hanomag;TR115;2025;;Traccion Sur;https://www.mercadolibre.com.ar/perfil/Traccion Sur;;;;;;;;;;
MLA1574418963;https://articulo.mercadolibre.com.ar/MLA-1574418963;ok;;;Rotovator 3 Puntos 125cm Para Tractor 25 A 35hp Nuevos - $ 3.750.000;"Rotovator 125cm
Ancho de labor 115cm
Precio mas iva 10.5%
Para tractores con 3 puntos de 25 a 35HP
Amplio Stock !!";;;Traccion Sur;Rotovator 125;2025;;Traccion Sur;https://www.mercadolibre.com.ar/perfil/Traccion Sur;;;;;;;;;;
MLA2005096744;https://articulo.mercadolibre.com.ar/MLA-2005096744;ok;;;Tractor 58hp. Agrícola. Quintero. Frutero. 4x4. Financiado - US$ 15.500;"Tractor Chery bylion modelo RA504A.
58hp de potencia, 4x4, doble salida hidráulica, enganche de 3 puntos y toma de fuerza de 2 velocidades!!!
Ideal para horticultura, frutero, quintero, yerbatero y productores regionales.
Espectacular precio!!
Garantía 18 meses o 1500 horas, lo que suceda primero.
Disponibilidad de todos los repuestos, servicio de post venta y services.";;;Chery Bylion;RA504A;2022;1500;American Agro;https://www.mercadolibre.com.ar/perfil/American Agro;;;;;;;;;;
MLA2533822838;https://articulo.mercadolibre.com.ar/MLA-2533822838;ok;;;Desmalezadora De Arrastre Nueva 3.20 Mt Grass Cutter Nueva - $ 13.560.000;"PRECIO MAS IVA 10.5%
KIT HIDRAULICO NO INCLUIDO EN EL VALOR
ANCHO DE CORTE 3 METROS
3 CAJAS, 2 PORTA CUCHILLAS
NUEVA NACIONAL, MARCA GRASS CUTTER
ROBUSTA";;;Grass Cutter;3000 TT AR;2024;;Traccion Sur;https://www.mercadolibre.com.ar/perfil/Traccion Sur;;;;;;;;;;
MLA1578915103;https://articulo.mercadolibre.com.ar/MLA-1578915103;ok;;;Nuevos Tractores Hanomag Stark Agr2 25hp 2025 - $ 11.800.000;"LINEA NUEVA DE TRACTORES PARQUEROS
STARK
25HP
LEVANTE 3 PUNTOS
4X2 O 4X4
INVERTIDOS
MOTOR 3 CILINDROS
DIRECCION HID.
Concesionaria oficial Michigan y Hanomag. 
Implementos Agricolas y Viales 
Financiación.";;;Hanomag;STARK AGR;2025;;Jimvaltra;https://www.mercadolibre.com.ar/perfil/Jimvaltra;;;;;;;;;;
MLA1475744003;https://articulo.mercadolibre.com.ar/MLA-1475744003;ok;;;Pala Cargadora Frontal Taurus Ctx926a - 1 Metro - Corralon - US$ 33.500;"Pala Cargadora CTX926A 1,0 m³

Capacidad de balde: 1 m³
Capacidad de carga: 1.600 kg
Altura de descarga: 3.800 mm
Motor: YN33GBZ TURBO
Potencia del motor: 85 hp TURBO
Neumáticos: 16/70-20
Rodado Agricola
Velocidad máxima: 25 km/h
Peso operativo: 4.500 kg
A/C - Joystick - Camara de retroceso
Garantia


#GrupoTaurus | #InnovacionConstante";;;Taurus;CTX 926 Agrciola;2024;;Grupo Taurus;https://www.mercadolibre.com.ar/perfil/Grupo Taurus;;;;;;;;;;
MLA1478613813;https://articulo.mercadolibre.com.ar/MLA-1478613813;ok;;;Retroexcavadora Gehl Gbl 920 - Distribuidor Oficial - US$ 99.900;"INDUSTRIAS MG - DISTRIBUIDORES OFICIALES DE GEHL
________________________________________________________________
 RETROEXCAVADORA GEHL GBL-X 920 — POTENCIA, DURABILIDAD Y MÁXIMA EFICIENCIA

La GEHL GBL-X 920 es una retroexcavadora diseñada para rendir al máximo en los trabajos más exigentes. Construida para ofrecer potencia, precisión y durabilidad, combina un motor robusto, un sistema hidráulico de alto rendimiento y una estructura reforzada que garantiza una larga vida útil incluso en las condiciones más desafiantes.
Ideal para empresas de construcción, obras viales, uso agrícola e industrial que buscan productividad, confort y bajo costo operativo.

PRINCIPALES CARACTERÍSTICAS
Capó irrompible DCPD, resistente a golpes y condiciones severas.
Pluma y cazo reforzados para mayor durabilidad y resistencia.
UCH inteligente, optimiza el rendimiento y mejora el consumo de combustible.
Interruptor de corte de batería para mayor seguridad.
Opciones de confort premium, como aire acondicionado / HVAC.
Mejor ángulo de descarga de su categoría: 51°.
Altura de descarga líder en su clase: 2,78 m.

MOTOR Y RENDIMIENTO
Motor Perkins 1104C 44T Turbo — Tier II
Potencia: 92 HP / 68 kW @ 2200 rpm
Par máximo: 395 Nm
Velocidad máxima: 40 km/h
Excelente eficiencia térmica y bajo consumo
Sistema hidráulico de alto caudal: 142 l/min a 225 bar

TRANSMISIÓN
Marca Carraro
Caja de 4 marchas hacia adelante y 4 hacia atrás
Convertidor de par 3.01:1
Frenos de disco húmedo de alta durabilidad

DATOS HIDRÁULICOS Y CAPACIDADES
Capacidad de cargadora: 1 m³
Ancho del cazo retroexcavador: 722 mm
Tanque de combustible: 145 L
Aceite hidráulico: 90 L

DIMENSIONES Y PESO
Peso operativo: 7.620 – 7.908 kg (según configuración)
Longitud total: 7330 mm
Altura total: 3790 mm
Distancia al suelo: 280 mm
Ángulo de aproximación: 66°
Radios de giro optimizados para espacios reducidos:
3850 mm (con freno)
4200 mm (sin freno)

SEGURIDAD Y CONFORT
Tres botones de parada de emergencia (1 interno y 2 externos).
Asiento con suspensión completa.
Bloqueo de cilindro de flecha.
Fácil acceso a todos los componentes para mantenimiento rápido.
Cabina disponible con aire acondicionado.

¿POR QUÉ ELEGIR LA GEHL GBL-X 920?
Rendimiento superior garantizado.
Máxima robustez y confiabilidad.
Costos de mantenimiento reducidos.
Ideal para obras, movimientos de suelo, tareas agrícolas y uso intensivo.
Marca líder a nivel mundial en maquinaria compacta y de construcción.
________________________________________________________________

CONSIDERACIONES

• Dólar Oficial BNA Vendedor Billete
• Precio no incluye IVA de 10.5%
• Modalidad: Venta Directa

Consulte disponibilidad para entrega Inmediata - Importadores directo de fabrica
Precios expresados en dólar y sin IVA

________________________________________________________________

INDUSTRIAS MG

Industrias MG cuenta con más de 19 años de trayectoria en la comercialización de maquinaria vial, industrial y agrícola, así como en la provisión de repuestos y accesorios.

Somos importadores directos, lo que nos permite ofrecer precios altamente competitivos y un abastecimiento constante de productos.

Disponemos del stock más completo de repuestos originales, garantizando una asistencia rápida, eficiente y orientada a prolongar la vida útil de sus equipos. También proveemos repuestos, cubiertas y accesorios de todas las marcas.

Trabajamos día a día para asegurar el mejor precio del mercado, acompañado de un servicio postventa de excelencia.

Consultanos por nuestra línea completa de productos y repuestos.
Representantes Oficiales Michelin.";;;Gehl;GBL920;2026;;Industrias Mg;https://www.mercadolibre.com.ar/perfil/Industrias Mg;;;;;;;;;;
MLA1473941961;https://articulo.mercadolibre.com.ar/MLA-1473941961;ok;;;Tractor Chery 180hp Cabinado, Tipo J. Deere Financiado Promo - US$ 81.100;"TRACCION Doble 4x4
MOTOR TIPO Diesel 6 cilidros, 4 tiempos, inyección mecánica directa.
Refrigerado por agua, tecnología Perkins.
Modelo YC6J165-T301
POTENCIA (HP) 180 Desplazamiento, cm3 5800
Capacidad tanque de combustible 300 litros
SISTEMA DE TRANSMISION Número de marchas 24x8
Tipo de transmisión Sincronizada
Min/max KM/h Avance 1.61-32.41 / Retroceso 1.77-20.47
Mecanismo de dirección Hidrostática
Embrague Doble embrague-Seco ""LUK""
Bloqueo de diferencial Mecánico
FRENOS: Freno principal A disco seco
Freno de estacionamiento SI
TOMA DE FUERZA PTO, Rpm 540/1000
Nro de estrías/ Diametro 6 estrias 35mm
Barra de tiro Oscilante
SISTEMA HIDRÁULICO
Tipo de bomba Engranaje (Centro abierto) Bomba L/min 82
Valvulas de control remoto 3 de doble acción
Suspensión de 3 puntos Cat 3 Capacidad de levante a 610mm en kg 2200
DIMENSION
Largo total, mm 5060
Ancho total mm 2265
Altitud mm 2995
Distancia entre ejes mm 2580
Trocha delantera 1900/1810 ajustable
Trocha trasera 1816/2410 ajustable
Min distancia al suelo mm 470
Peso, kg 3800
Rodado/ Delantera/trasera 460/85R30, 650/70R42";;;Chery;RS1804C;2024;;American Agro;https://www.mercadolibre.com.ar/perfil/American Agro;;;;;;;;;;
MLA1574392389;https://articulo.mercadolibre.com.ar/MLA-1574392389;ok;;;Nueva Michigan R45ii 1 Mt3 Capacidad 1.6tn  Entrega Inmediat - US$ 23.736;"PRECIO + IVA 10.5% 

EN ESTE MOMENTO DISPONEMOS DE ENTREGA INMEDIATA


TRACCION SUR S.A. - CONCESIONARIO OFICIAL MICHIGAN Y HANOMAG. (TRES ARROYOS, PROV BS AS)

VENTAS A TODOS LOS PUNTOS DEL PAÍS.


PALA CARGADORA MICHIGAN R45C-IV (FASE4)
CAPACIDAD (1 METRO CUBICO)

TRANSMICION MEDIANTE CONVERTIDOR 

BRAZOS CON 3.50 METROS DE LARGO

MAYOR RODADO 16/70 - 20

CAPACIDAD DE CARGA 1500KG 

COMANDO MEDIANTE JOYSTICK

CABINA PANORÁMICA

TRANSMICION TIPO POWER SHIFT 4WD - 8 MARCHAS

GARANTIA DE 1 AÑO O 1.000 HS

VENTAS Y ENVIOS A TODOS LOS PUNTOS DEL PAÍS

SERVICIO POST VENTA Y REPUESTOS";;;Michigan;R45C II;2024;1000;Traccion Sur;https://www.mercadolibre.com.ar/perfil/Traccion Sur;;;;;;;;;;
MLA1517660987;https://articulo.mercadolibre.com.ar/MLA-1517660987;ok;;;Cargadora Iron Xcmg Zl20g - 1m3 - 92 Hp  - US$ 41.100;"CARACTERÍSTICAS TÉCNICAS DEL EQUIPO

Peso Operativo : 6.200 kg
Potencia : 92 hp
Marca Motor : YUCHAI
Capacidad de Balde : 1m3
Altura Maxima al Perno de Descarga : 3.350 mm
Largo Total : 5.820 mm
Alto Total : 2.850 mm
Ancho Total : 1.690 mm

IRON SERVICE
A través de su extensa red de distribuidores nacionales y agentes locales, IRON Group está siempre cerca para responder con rapidez a las necesidades de posventa de su comunidad de usuarios.

IRON PARTS
IRON Group posee centros regionales de distribución de partes, accesorios y consumibles, preparados para actuar de inmediato ante cualquier solicitud de un
distribuidor o usuario.

IRON CREDIT
IRON Group ofrece diferentes sistemas de financiación, tanto a nivel regional como internacional, que se amoldan a las necesidades de cada uno de sus clientes, tanto privados como gubernamentales.";;;iron xcmg;ZL20G;2025;;Irongroup;https://www.mercadolibre.com.ar/perfil/Irongroup;;;;;;;;;;
MLA1658566605;https://articulo.mercadolibre.com.ar/MLA-1658566605;ok;;;Pala Cargadora Gema C65 0km. 125 Hp. Agro, Vial - US$ 49.800;"CARACTERÍSTICAS
La pala cargadora C65 cuenta con:
Motor WEICHAI de 125 hp Turbo Diésel
Transmisión Powershift 4WD
Cabina con Aire Acondicionado
Acople rápido hidráulico
Cámara de retroceso
Joystick hidráulico
Calefacción
Rodado 17.5 / 25 vial";;;Gema;C65;2026;;Rogas S.a.s.;https://www.mercadolibre.com.ar/perfil/Rogas S.a.s.;;;;;;;;;;
MLA2005147808;https://articulo.mercadolibre.com.ar/MLA-2005147808;ok;;;Tractor Tipo John Deere Marca Chery 105hp Cabinado 4x4 - US$ 40.400;"DETALLES TÉCNICOS RC1004C
Tracción Doble 4x4
Motor tipo Diesel 4 cilindros, 4 tiempos, inyección directa. Refrigerado por agua, tecnología Perkins.
Potencia 105HP
Desplazamiento 4070 cm3
Velocidad de rotación 2300 rpm
Número de marchas 12 X 12
Velocidad min-max (avance / retroceso)2,19 - 29,41 / 4,72 - 13,47 Km/h
Freno principalDisco en baño de aceite
Toma de fuerza (PTO / rpm)540 / 1000
Suspensión de 3 puntosCat. III
Capacidad de levante a 610mm 1733 kg
Largo total 4382 mm
Ancho total 2083 mm
Altitud total 2760 mm
Peso 4500 Kg";;;Chery;RC1004C;2025;;American Agro;https://www.mercadolibre.com.ar/perfil/American Agro;;;;;;;;;;
MLA1564651575;https://articulo.mercadolibre.com.ar/MLA-1564651575;ok;;;Pala Cargadora Frontal Hidráulica Tractor Massey Fiat Deutz  - $ 6.690.000;"PALA CARGADORA FRONTAL HIDRÁULICA GS-750

Con paralelogramo compensador (el balde se mantiene horizontal al levantar)

Ideal para trabajos agrícolas, movimientos de suelo, feedlots y tareas generales en el campo. Construida para uso intensivo, alta durabilidad y excelente rendimiento.

COMPATIBLE CON TRACTORES

Massey Ferguson, Fiat, Deutz, AGCO Allis, Apache, New Holland, Pauny, Deutz Fahr, Fiatagri
(Modelos varios. Consultá compatibilidad exacta con tu tractor)

CARACTERÍSTICAS PRINCIPALES

ESTRUCTURA REFORZADA (BRAZOS)
Diseño tipo doble C reforzado
Perfiles plegados en chapa 3/16"" soldados
Plegado interno que mejora la rigidez y durabilidad
Preparada para trabajo intensivo y uso prolongado

BALDE DE CARGA REFORZADO
Capacidad aproximada: 3/4 m³
Ancho: 1,50 m
Cuchilla inferior reforzada
Refuerzos inferiores para evitar desgaste prematuro
Opcional: sobrevuelo superior para mayor capacidad en cargas livianas

PERNOS Y BUJES
Fabricados en acero SAE 1045, alta resistencia al desgaste

REFUERZOS ESTRUCTURALES
Chapas de espesores 1/4”, 5/16"" y 3/8"", ubicadas estratégicamente en los puntos de mayor exigencia

SISTEMA HIDRÁULICO (4 CILINDROS)
2 cilindros de 2 1/2” con vástagos de 38 mm para levante de brazos
2 cilindros de 2 1/2” con vástagos de 38 mm para movimiento del balde
Mangueras hidráulicas 3/8” R2, accesorios hidráulicos y acoples rápidos aptos para control remoto

Altura máxima de levante: aproximadamente 3,90m (depende del rodado del tractor)

SISTEMA DE ACOPLE RÁPIDO (QUICK ATTACH)
Permite incorporar accesorios en segundos, tales como:
Pinche para rollos
Porta pallet
Cargador de Big-Bag
Otros implementos compatibles

VENTAJAS PARA EL OPERARIO
Fácil manejo y operación intuitiva
Mayor visibilidad y control del balde o del accesorio
Construcción reforzada para uso intensivo
Excelente relación peso/resistencia

OPCIONALES DISPONIBLES
Pinche para rollos
Porta pallet reforzado
Cargador de Big-Bag
(Consultar precios de cada accesorio)

FORMAS DE PAGO
Contado
Consultar por financiación con cheques y e-cheq hasta 120 días
Consultar por otras modalidades según la necesidad del productor

ENVÍOS E INSTALACIÓN EN TODO EL PAÍS
Coordinamos transporte, logística e instalación en su tractor. 

DEJAMOS LA PALA LISTA PARA TRABAJAR.

CONSULTÁ AHORA

Enviamos cotización personalizada, fotos adicionales, videos y compatibilidad exacta con tu tractor.

Respondemos rápido y brindamos asesoramiento técnico completo.";;;GESER;GS-750;2025;;Geser Metalúrgica;https://www.mercadolibre.com.ar/perfil/Geser Metalúrgica;;;;;;;;;;
MLA2582248190;https://articulo.mercadolibre.com.ar/MLA-2582248190;ok;;;Cargador Frontal Articulado Iron Xcmg Xc938f (2m3)  - US$ 57.870;"El importe publicado corresponde al precio de lista a Publico y no incluye IVA (10,5%)
Consulte por descuentos por pago contado.


PRINCIPALES CARACTERISTICAS
Capacidad de Balde : 2m3
Capacidad de Carga : 3.000 kg
Potencia : 125 hp
Altura de descarga : 3.260 mm
Peso Operativo : 10.600 kg
Dimensiones : 7.050 x 2.482 x 3.118 mm
Neumaticos : 17.5 - 25 - 12PR";;;IRON XCMG;XC938F;2026;;Irongroup;https://www.mercadolibre.com.ar/perfil/Irongroup;;;;;;;;;;
MLA2005110406;https://articulo.mercadolibre.com.ar/MLA-2005110406;ok;;;Tractor Chery 240hp 4x4 Cabinado - Financiado Y Entrega Ya!! - US$ 135.000;"FINANCIACIÓN PROPIA - 50% DE ANTICIPO Y 4 CHEQUES FIJOS, EN PESOS Y SIN INTERÉS!!! ENTREGA INMEDIATA!!!

RJ2404C

DETALLES TÉCNICOS
Tracción Doble 4x4
Motor tipo Diesel 6 cilindros, 4 tiempos, Inyección Electrónica. Refrigerado por agua. TURBO
Potencia 240 hp
Desplazamiento 8100 cm3
Número de marchas 32 x 32
Velocidad min-max (avance / retroceso)Avance 0.26-39.79/ Retroceso 0,29-36
Freno principal A Disco en Baño de Aceite
Toma de fuerza (PTO / rpm) 540/1000
Suspensión de 3 puntos Cat. 3
Capacidad de levante a 610mm 4000
Largo total 5540 mm
Ancho total 3600 mm dual
Altitud total 3354 mm
Min distancia al suelo 450 mm
Accesorios y Misceláneas:

• Caja con Herramientas.
• Manual para el Operador y Mantenimiento.
• Manual completo con despiece del equipo.
• Engrasador.";;;Chery;RJ2404C;2025;;American Agro;https://www.mercadolibre.com.ar/perfil/American Agro;;;;;;;;;;
MLA2794501732;https://articulo.mercadolibre.com.ar/MLA-2794501732;ok;;;Pala Cargadora Fiat 400 Invertido Balde 1/2 Mt3 Inmeca - US$ 8.500;Encontrá más productos en Mercado Libre;;;Fiat;400 S;1978;;Alberto Antonio Rafa Forciniti;https://www.mercadolibre.com.ar/perfil/Alberto Antonio Rafa Forciniti;;;;;;;;;;
MLA1648361975;https://articulo.mercadolibre.com.ar/MLA-1648361975;ok;;;Doosan Dl300, Cargadora 3.1 M3 De Balde. - US$ 75.000;"Pala cargadora Dossan DL 300, primera Mano. 2011.
Balde 3.1 m3 reforzado. 16162 hs. a las 14000 hs se le reemplazado bomba hidráulica principal, se le hicieron los frenos, se le encuadraron los alojamientos de bujes y se le colocó pernos, bujes, arandelas, retenes y guardapolvos originales Doosan. 
Tiene instalado un centralizador de engrase para todo el equipo de trabajo marca Lincoln. Esta con neumáticos nuevos. 
Equipo 100 % operativo. Siempre se uso con combustible grado 3. 
No consume aceite ni tiene perdidas hidráulicas. 
Tiene transmisión, y diferenciales ZF alemanes. 
Equipo muy fuerte y con mucha fuerza.";;;Doosan;DL300;2011;16162;Tecem Sa;https://www.mercadolibre.com.ar/perfil/Tecem Sa;;;;;;;;;;
MLA1642925787;https://articulo.mercadolibre.com.ar/MLA-1642925787;ok;;;Pala Cargadora Gema C75 125 Hp. 0km. Agro, Vial. - US$ 58.200;"Somos GEMA Argentina – Desde 1943, líderes en maquinaria agrícola y vial brindandote soluciones con compromiso, confianza y calidad.

La pala cargadora C75 cuenta con:

Motor WEICHAI de 125 hp Turbo Diésel
Transmisión Powershift 4WD
4 cambios de avance y 2 de retroceso
Cabina con Aire Acondicionado
Acople rápido hidráulico
Cámara de retroceso
Joystick hidráulico
Calefacción
Rodado 17.5 / 25 vial

_

Consultanos acerca de los planes de financiación que mejor se ajusten a tu medida. Además contamos con servicios de garantía y postventa, como así también comercialización de repuestos para tu maquinaria.

GEMA - MÁS DE 80 AÑOS DE TRAYECTORIA EN TODO EL PAÍS

Con presencia en el mercado desde 1943, GEMA es una empresa argentina con una sólida trayectoria en la comercialización de maquinaria vial y agrícola. Nuestra historia de más de ocho décadas refleja compromiso, innovación y confianza, acompañando a productores, contratistas y empresas de todo el país. Contamos con una Casa Central equipada con talleres propios de ensamblado, mantenimiento y reparación, brindando servicio postventa, repuestos originales y asistencia técnica especializada. Nuestra línea de productos abarca una amplia gama de equipos para los sectores vial, agrícola y de construcción, incluyendo cargadoras, motoniveladoras, retroexcavadoras, compactadores, tractores, palas y equipos multipropósito, entre otros.

GEMA – Tecnología, respaldo y experiencia al servicio del trabajo argentino.";;;Gema;C75;2026;;Rogas S.a.s.;https://www.mercadolibre.com.ar/perfil/Rogas S.a.s.;;;;;;;;;;
MLA1574354287;https://articulo.mercadolibre.com.ar/MLA-1574354287;ok;;;Hanomag 500/4 50hp Con Rotovator 150cm 4x4 Nuevo - US$ 16.990;"Precio más IVA 10.5
Tractor 50HP 4x4
Equipado con Rotovator de 150cm";;;Hanomag;500/4;2025;;Traccion Sur;https://www.mercadolibre.com.ar/perfil/Traccion Sur;;;;;;;;;;
MLA1574315371;https://articulo.mercadolibre.com.ar/MLA-1574315371;ok;;;Tractor Hanomag 800/4 Cabina C/aire 80hp 4x4 3 Puntos - US$ 32.000;"PRECIO MAS IVA 10.5% + FLETE DESDE FABRICA 
80HP 4X4 CABINA CON AIRE
LEVANTE DE 3 PUNTOS - CATEGORIA 2
RODADO TRASERO 18.4-30
PESO 3.400KG
TRIPLE SALIDA HIDRAULICA";;;Hanomag;800/4AC;2025;;Traccion Sur;https://www.mercadolibre.com.ar/perfil/Traccion Sur;;;;;;;;;;
MLA1574251061;https://articulo.mercadolibre.com.ar/MLA-1574251061;ok;;;Hanomag 50hp 4x4 Nuevo Fr500/4 Frutero Viñatero Angosto - US$ 13.775;"PRECIO MAS IVA 10.5% + FLETE

TRACTOR HANOMAG FR500/4 
RODADO FRUTERO / VIÑATERO
MOTOR 50HP 
TRACCION 4X4 ALTA Y BAJA
DOBLE SALIDA HIDR DOBLE
LEVANTE DE 3 PUNTOS
TOMA DE FUERZA 540/1000RPM
DIRECCION HIDRAULICA

TRACCION SUR S.A. (TRES ARROYOS PROV BS AS)";;;Hanomag;FR500/4;2025;;Traccion Sur;https://www.mercadolibre.com.ar/perfil/Traccion Sur;;;;;;;;;;
MLA2086697770;https://articulo.mercadolibre.com.ar/MLA-2086697770;ok;;;Carretilla Eléctrica 0 Hs Hangcha 2 Tn A Serie Litio H Camin - US$ 1.160;"Precio promocional Contado USD 2.900 -10 % de Descuento
El precio publicado es un Anticipo por financiación sobre precio de Lista + 3 Cheques.
Consultar condiciones vigentes.

Descripción 
Carretilla Eléctrica Hangcha A serie hombre Caminando 2 Tn CBD20-AMA-SI
Batería de Litio 24V 30A + Cargador
Uñas 680 x 1150 
Ruedas Tandem";;;Hangcha;CBD20-AMA-SI;2024;;Lupartsalupartsa;https://www.mercadolibre.com.ar/perfil/Lupartsalupartsa;;;;;;;;;;
MLA1497269937;https://articulo.mercadolibre.com.ar/MLA-1497269937;ok;;;Autoelevador Diesel  0 Hs Hangcha 5.0 Tn Diesel - US$ 20.704;"Precio promocional Contado USD 51.760 -10 % de Descuento más Impuestos.

El precio publicado es un Anticipo por financiación sobre precio de Lista + 3 Cheques.  Consultar condiciones vigentes.

Descripción
Autoelevador Hangcha  Serie X  CPCD50-XRW19 5.0 Tn Diesel
Motor Nissan UD TD42
Mástil Triple 4.8 mts 
Desplazador Cascade
Uñas 1070 mm
Cubiertas Neumáticas Delanteras 300 X 15 / Traseras 700 X 12";;;Hangcha;CPCD50-XRW19;2024;;Lupartsalupartsa;https://www.mercadolibre.com.ar/perfil/Lupartsalupartsa;;;;;;;;;;
MLA1632724497;https://articulo.mercadolibre.com.ar/MLA-1632724497;ok;;;Maquina Pala Cargadora Iron Group Zl12 Balde 0,50m3 4x4 - US$ 8.000;"TOMAMOS PERMUTA MENOR VALOR + DIFERENCIA DE CONTADO

Pala Cargadora ZL12 – Potencia y Versatilidad para el Trabajo Pesado
Ideal para obras viales, movimientos de suelo y carga de materiales. Motor potente de 50hp, gran capacidad de carga de balde de 0,50m3 y fácil maniobrabilidad. Lista para trabajar. 

Actualmente esta con el motor roto, por eso el precio. 
 
VALOR FINAL (A CONVENIR) - MEDIOS DE PAGO: DE CONTADO O TRANSFERENCIA BANCARIA - TOMAMOS PERMUTA MENOR VALOR + DIFERENCIA DE CONTADO 

FINANCIACION ( CON INTERESES) AL 100 % A TRAVES DE BANCO GALICIA 
FINANCIACION PROPIA CON INTERESES (ANTICIPO 50% + ECHEQS 30 - 60 - 90 - 120) 


SOMOS H&K EQUIPAMIENTOS
Una empresa familiar, expertos en ventas de equipamiento comercial e industrial usados, al mejor precio del mercado.

El precio publicado es final (IMPUESTOS INCLUIDOS)
REALIZAMOS FACTURA A Y B";;;IRON GROUP;ZL12;2012;;H&k Equipamientos;https://www.mercadolibre.com.ar/perfil/H&k Equipamientos;;;;;;;;;;
MLA1574303425;https://articulo.mercadolibre.com.ar/MLA-1574303425;ok;;;Hanomag 25hp Stark 25hp Y Desmalezadora 1.5mt 2025 Nuevo - US$ 10.100;"PRECIO EXCLUSIVO POR PAGO CONTADO MAS IVA 10.5%
DOLAR OFICIAL - SE PAGA EN PESOS.
A RETIRAR DE FABRICA BELL VILLE - CORDOBA (NO INCLUYE FLETE A LA LOCALIDAD DEL COMPRADOR)
EL EQUIPO QUE SE ENTREGA ES MARCA HANOMAG MODELO STARK MODELO PARK2 (25HP DIESEL 3 CILINDROS, RUEDA PARQUERA, 4X2, CON LEVANTE DE 3 PUNTOS, DIRECCION HIDR Y TOMA DE FUERZA) MOTOR LAIDONG KM385BT.
INCLUYE ACCESORIO DE CORTADORA DE CESPED DE 3 PUNTOS CON 4 RUEDAS NIVELADORAS DE 1.5 METROS DE ANCHO DE CORTE

SOMOS CONCESIONARIOS OFICIALES HANOMAG. HACEMOS VENTAS A TODOS LOS PUNTOS DEL PAIS.";;;Hanomag;25;2025;;Traccion Sur;https://www.mercadolibre.com.ar/perfil/Traccion Sur;;;;;;;;;;
MLA1644286031;https://articulo.mercadolibre.com.ar/MLA-1644286031;ok;;;Implemento Cucharon Zanjeador  Para Mini, Vialplan, Bobcat. - US$ 402;"El cucharón zanjeador es el implemento ideal para realizar excavaciones rápidas y precisas en diversos terrenos. Con una capacidad de excavación de hasta 0,7 metros de profundidad, es ideal para la creación de canales de riego en plantaciones agrícolas.

Además, su diseño permite utilizarlo para extracción de raíces, aflojamiento de terrenos compactos, remoción de rocas y limpieza de canales de desagües, lo cual lo convierte en una herramienta indispensable en trabajos de paisajismo, mantenimiento de terrenos y campos.

Ofrece dos posiciones de uso lo que permite cambiar el ángulo de ataque, brindando mayor versatilidad.

Además, su cuchilla fabricada en acero SAE1045 asegura durabilidad y resistencia al desgaste.

El Cucharón Zanjeador está disponible en tres modelos dentro de la misma familia, adaptándose a diferentes necesidades de excavación con un rendimiento eficiente en una variedad de aplicaciones:

DG400
DG500
DG600
Gracias a su capacidad para adaptarse a diferentes tipos de suelo y condiciones de trabajo, garantiza un rendimiento óptimo y eficaz.

Características del cucharón zanjeador

El cucharón zanjeador ofrece múltiples características que lo hacen perfecto para todo tipo de excavaciones. A continuación, te presentamos las principales:

*Ofrece dos posiciones de uso, cambiando el ángulo de ataque, brindando así mayor versatilidad.
*Cuchilla fabricada en acero SAE1045 para evitar desgaste prematuro.";;;VIALPLAN;DG600;2025;;Marcelo;https://www.mercadolibre.com.ar/perfil/Marcelo;;;;;;;;;;
MLA2797517488;https://articulo.mercadolibre.com.ar/MLA-2797517488;ok;;;Pala Cargadora Crybsa C130 Balde 2 Mts - US$ 58.500;"Principales Características técnicas.

•	BALDE 2 MTS CUBICOS
•	PESO OPERATIVO 10.000 KG
•	CAPACIDAD DE CARGA 3000 KG
•	4 X 4
•	ARTICULADA
•	COMANDOS JOYSTICK
•	MOTOR WEICHAI/ DEUTZ 125 HP
•	TERCER VIA HIDRAULICA
•	AIRE ACONDICIONADO
•	CAMARA DE RETROCESO
•	ESTEREO
•	LUCES DE TRABAJO
•	SONIDO MARCA ATRÁS.";;;CRYBSA;C130;2025;;American Vial;https://www.mercadolibre.com.ar/perfil/American Vial;;;;;;;;;;
MLA1473965301;https://articulo.mercadolibre.com.ar/MLA-1473965301;ok;;;Tractor Chery 140hp 6 Cilindros Tipo Deutz - Financiado  0km - US$ 61.900;"DETALLES TÉCNICOS
RS1604C
Tracción Doble 4x4
Motor tipo Diesel 6 cilindros, 4 tiempos, Inyección Directa. Tecnología Perkins. Refrigerado por Agua.
Potencia 160 Hp
Desplazamiento 5800 cm³
Número de marchas 24 x 24
Velocidad min-max (avance / retroceso)1.61-32.41 / 1.77-20.47
Freno principal Disco seco
Toma de fuerza (PTO / rpm) 540 / 1000
Suspensión de 3 puntos Cat. 3
Capacidad de levante a 610mm 2200 kg
Largo total 5060 mm
Ancho total 2265 mm
Altitud total 2995 mm
Min distancia al suelo 470 mm
Trocha delantera 1900/1810 ajustable
Trocha trasera 1816/2410 ajustable
Peso 5800 Kg";;;Chery Bylion;RC1404C -6c;2025;;American Agro;https://www.mercadolibre.com.ar/perfil/American Agro;;;;;;;;;;
MLA1658372301;https://articulo.mercadolibre.com.ar/MLA-1658372301;ok;;;Pala Cargadora Gema C40 Ii Cabina. 0km. Agro, Vial - US$ 19.800;"La pala cargadora C40 II cuenta con:

Motor XINCHAI de 42 hp
Transmisión Powershift 4WD
Frenos a tambor servo asistidos
2 cambios de avance y 2 de retroceso
Rodado 12/16.5 vial
Más características técnicas:

Dispositivo de Trabajo: Joystick Mecánico.
Capacidad de Carga: 1200 kg.
Ángulo de articulación: 35º.
Altura máxima de carga: 4004 mm.
Sistema de frenos: Caliper y Disco.
Tiempo de elevación de carga: 5 s.
Velocidad crucero - Avance: 6 - 35 Km/h.
Velocidad crucero - Retroceso: 6 - 35 Km/h.
Ángulo máximo de subida: 30º.
Motor - Modelo: Xinchai.
Motor - Potencia: 33 kW / 45 hp.
Sistema Eléctrico - Voltaje: 12 V.


Peso operativo: 4000 kg
Capacidad de balde: 1 m³.
Radio de giro: 3095 mm.
Mínima distancia al piso: 330 mm.

Esta pala cargadora Gema C40 esta especialmente diseñada para la excavación, carga y transporte de materiales.";;;Gema;C40 Ii Cabina;2026;;Rogas S.a.s.;https://www.mercadolibre.com.ar/perfil/Rogas S.a.s.;;;;;;;;;;
MLA1574417561;https://articulo.mercadolibre.com.ar/MLA-1574417561;ok;;;Mini Pala Orugas Goma Compacta Todo Terreno 6 Cheques Pesos - US$ 8.900;"Precio mas iva 10.5%
Financiación de hasta 6 cheques en pesos fijos sin interes.
TRACCION SUR SA";;;Traccion Sur SA;Mini Pala Orugas;2025;;Traccion Sur;https://www.mercadolibre.com.ar/perfil/Traccion Sur;;;;;;;;;;
MLA1574290533;https://articulo.mercadolibre.com.ar/MLA-1574290533;ok;;;Tractor Hanomag Stark 1800/4 180hp 4x4 Nuevo - US$ 65.044;"180HP 4X4 CABINA C AIRE 
PRECIO MAS IVA 10.5%
A RETIRAR DE FABRICA CORDOBA BELL VILLE

CONCESIONARIO OFICIAL HANOMAG - TRACCION SUR SA";;;Hanomag;Stark 1800/4;2025;;Traccion Sur;https://www.mercadolibre.com.ar/perfil/Traccion Sur;;;;;;;;;;
MLA2533498218;https://articulo.mercadolibre.com.ar/MLA-2533498218;ok;;;Rotocultivador 3 Puntos 1.5mt Motocultivador Rotovator  - $ 4.500.000;"PRECIO MAS IVA 10.5%

MEDIDAS:
 1.25MT (18 A 30HP) $3.750.000 + IVA 10.5%
 1.50 MT (35 A 60HP) $4.500.000 + IVA 10.5%

ENVIOS A TODAS LAS PROVINCIAS

Ventajas del rotovator
1. Preparación del terreno que ahorra tiempo:
Arar o cavar manualmente lleva horas, incluso días. Con una cultivadora rotativa , puede preparar grandes extensiones de tierra en mucho menos tiempo. La máquina hace el trabajo pesado, así que no tendrá que esforzarse.

2. Mezcla uniforme del suelo para un mejor crecimiento:
Los rotocultivadores mezclan la tierra uniformemente, asegurando que los nutrientes se distribuyan uniformemente. También ayudan a deshacer los terrones, creando una textura fina ideal para la siembra. Las plantas crecen mejor cuando sus raíces se extienden fácilmente por la tierra.

3. Control de malezas mediante el desarraigo:
A medida que el rotocultivador remueve la tierra, arranca las malas hierbas. Esto significa menos malezas que arrancar a mano. Ofrece a sus cultivos más espacio para crecer.

4. Fácil de usar para todos los niveles de habilidad:
No se necesita ser un experto para usar una cultivadora rotativa. La mayoría de las máquinas cuentan con controles sencillos, lo que las hace fáciles de usar tanto para agricultores como para jardineros. Ya sea que esté cultivando una pequeña parcela o un campo entero, es tan sencillo como guiar la máquina.

5. Usos versátiles:
Los rotocultivadores no solo sirven para preparar la tierra. También se pueden usar para mezclar compost o fertilizante. Mejoran la salud del suelo. Incluso se pueden usar para romper césped viejo o preparar el terreno para la siembra de tepes.";;;Tracción Sur;Rotocultivador Tractor;2025;;Traccion Sur;https://www.mercadolibre.com.ar/perfil/Traccion Sur;;;;;;;;;;
MLA1574353855;https://articulo.mercadolibre.com.ar/MLA-1574353855;ok;;;Hanomag 500/4 Con Pala Frontal 50hp 4x4 3 Puntos Nuevo - US$ 19.900;"TRACTOR HANOMAG STARK 500/4 - 4X4 CON 3 PUNTOS
EQUIPADO CON PALA FRONTAL (VOLUMEN DE CARGA 900KG)
ANCHO DE BALDE 1.20 MT, ALTURA MAXIMA 3.20 MT, 4 CILINDROS ESPECIALES.";;;Hanomag;500/4;2025;;Traccion Sur;https://www.mercadolibre.com.ar/perfil/Traccion Sur;;;;;;;;;;
MLA1574341267;https://articulo.mercadolibre.com.ar/MLA-1574341267;ok;;;Desmalezadora Arrastre 2 Metros Grass Cutter Nueva - $ 4.995.000;"PRECIO MAS IVA 10.5%
NO INCLUYE FLETE DE FABRICA A DESTINO
CON LLANTAS SIN CUBIERTAS
OPCIONAL CILINDRO HIDRAULICO
ENVIOS A TODOS LOS PUNTOS DEL PAIS";;;Grass cutter;JAB 2000 AR;2025;;Traccion Sur;https://www.mercadolibre.com.ar/perfil/Traccion Sur;;;;;;;;;;
MLA1574251039;https://articulo.mercadolibre.com.ar/MLA-1574251039;ok;;;Hanomag Stark 500/2 Rodado Parquero 50hp 3 Puntos  - US$ 13.500;"PRECIO MAS IVA 10.5%

HANOMAG LINEA STARK
POTENCIA 50HP 4X2 RODADO PARQUERO
DOBLE EMBRAGUE
DOBLE SALIDA HIDRAULICA DOBLE / 3 PUNTOS / TOMA DE FUERZA / DIRECCION HIDR

CONCESIONARIO OFICIAL HANOMAG
TRACCION SUR S.A. (VENTAS A TODO EL PAIS)";;;Hanomag;STARK 500/2 PARQUERO;2025;;Traccion Sur;https://www.mercadolibre.com.ar/perfil/Traccion Sur;;;;;;;;;;
MLA1574366375;https://articulo.mercadolibre.com.ar/MLA-1574366375;ok;;;Hanomag Stark 500/2a 4x2 Rodado Agricola 50hp Entrega Hoy  - US$ 13.000;"PRECIO MAS IVA 10.5%

HANOMAG LINEA STARK
POTENCIA 50HP 4X2 RODADO AGRICOLA
DOBLE SALIDA HIDRAULICA DOBLE / 3 PUNTOS / TOMA DE FUERZA / DIRECCION HIDR

CONCESIONARIO OFICIAL HANOMAG
TRACCION SUR S.A. (VENTAS A TODO EL PAIS)";;;Hanomag;Stark 500/2 Agricola;2025;;Traccion Sur;https://www.mercadolibre.com.ar/perfil/Traccion Sur;;;;;;;;;;
MLA1574316099;https://articulo.mercadolibre.com.ar/MLA-1574316099;ok;;;Tractor Hanomag Stark 500/4 50hp 4x4 Nuevo Entrega Inmediata - US$ 14.535;"TENEMOS STOCK ENTREGA INMEDIATA !!!
PRECIO PUBLICADO + IVA 10.5 % 
 

 (VER VÍDEO)
 DOBLE TRACCIÓN (4X4) ALTA Y BAJA
 LEVANTE DE 3 PUNTOS - TOMA DE FUERZA 540/1000 RPM.
 DIRECCIÓN HIDRÁULICA
 SALIDA HIDRÁULICO DOBLE
 POTENCIA 50 HP DIÉSEL ( 4 CILINDROS ASPIRADO - MOTOR HANOMAG)
 RODADO AGRÍCOLA
 


 TRACCION SUR S.A. CONCESIONARIO OFICIAL HANOMAG Y MICHIGAN 
 VENTAS A TODOS LOS PUNTOS DEL PAÍS (SE ENVÍA DE FABRICA DIRECTO AL 
 USUARIO).";;;Hanomag;STARK 500/4;2025;;Traccion Sur;https://www.mercadolibre.com.ar/perfil/Traccion Sur;;;;;;;;;;
MLA2797464740;https://articulo.mercadolibre.com.ar/MLA-2797464740;ok;;;Cosechadora John Deere 9770 Sts Importada  2010 - 758 - US$ 200.000;"Cosechadora John Deere 9770 STS Importada – Año 2010 Serie 758

La John Deere 9770 STS es una de las cosechadoras más confiables y eficientes de su categoría. Reconocida por su robustez, capacidad y tecnología, es la elección ideal para productores que buscan maximizar rendimiento y reducir pérdidas de grano en cada campaña.

Características Técnicas

- Marca y modelo: John Deere 9770 STS
- Año: 2010
- Origen: Importada
- Horas motor: 5.085 hs
- Horas rotor/separador: 3.612 hs
- Motor: John Deere PowerTech Plus – 375 hp (máx. 400 hp)
- Sistema de trilla y separación: Rotor axial STS (Single Tine Separator)
- Tolva de grano: 10.600 L (300 bushels)
- Descarga: Tubo de alta capacidad (~3,3 l/s)
- Plataforma compatible: Draper o Flex de 30 a 40 pies (opcional según disponibilidad)
- Cabina: Premium climatizada, con controles ergonómicos y excelente visibilidad
- Tecnología: GreenStar Ready – lista para piloto automático y monitores de rendimiento

Beneficios para el Productor

- Alta capacidad de cosecha: diseñada para trabajar en grandes extensiones de soja, maíz y trigo.
- Menor pérdida de grano: el sistema STS garantiza una trilla uniforme y eficiente.
- Uso equilibrado: relación horas motor/rotor que demuestra un mantenimiento responsable.
- Confort en largas jornadas: cabina amplia, climatizada y equipada para mayor productividad.
- Excelente reventa: los modelos importados de John Deere tienen gran demanda en el mercado.

Oportunidad de Compra

Cosechadora John Deere 9770 STS Importada – Año 2010
- 5.085 hs motor / 3.612 hs rotor
- Potencia, confiabilidad y tecnología para tu próxima campaña
- Lista para trabajar

Ubicación: Paraná, Entre Ríos";;;John Deere;9770 STS;2010;5085;Intellliaworlds A S;https://www.mercadolibre.com.ar/perfil/Intellliaworlds A S;;;;;;;;;;
MLA1658657371;https://articulo.mercadolibre.com.ar/MLA-1658657371;ok;;;Pala Cargadora Gema C40 Ii Rops. 0km. Agro, Vial - US$ 18.900;"La pala cargadora C40 II cuenta con:

Motor XINCHAI de 42 hp
Transmisión Powershift 4WD
Frenos a tambor servo asistidos
2 cambios de avance y 2 de retroceso
Rodado 12/16.5 vial
Más características técnicas:

Dispositivo de Trabajo: Joystick Mecánico.
Capacidad de Carga: 1200 kg.
Ángulo de articulación: 35º.
Altura máxima de carga: 4004 mm.
Sistema de frenos: Caliper y Disco.
Tiempo de elevación de carga: 5 s.
Velocidad crucero - Avance: 6 - 35 Km/h.
Velocidad crucero - Retroceso: 6 - 35 Km/h.
Ángulo máximo de subida: 30º.
Motor - Modelo: Xinchai.
Motor - Potencia: 33 kW / 45 hp.
Sistema Eléctrico - Voltaje: 12 V.


Peso operativo: 4000 kg
Capacidad de balde: 1 m³.
Radio de giro: 3095 mm.
Mínima distancia al piso: 330 mm.

Esta pala cargadora Gema C40 esta especialmente diseñada para la excavación, carga y transporte de materiales.";;;Gema;C40 Ii Rops;2026;;Rogas S.a.s.;https://www.mercadolibre.com.ar/perfil/Rogas S.a.s.;;;;;;;;;;
MLA1658450077;https://articulo.mercadolibre.com.ar/MLA-1658450077;ok;;;Pala Cargadora Gema C60. 0km. Agro. Vial - US$ 25.500;"La pala cargadora C60 cuenta con:

Motor Xinchai de 57 hp Diésel
Transmisión Powershift 4WD
Acople rápido Hidráulico
Cámara de retroceso
Joystick hidráulico
Calefacción
2 cambios de avance y 2 de retroceso
Rodado 16-70 / 20 semi agrícola
Torque Máximo: 193 Nm
Cilindrada: 3,1 L

Capacidad de Carga: 1800 kg
Angulo de articulación: 35º
Altura máxima de carga: 4480 mm
Sistema de frenos: Servo Asistido por Aire - Caliper y Disco
Ancho de trocha: 1490 mm
Tiempo de elevación de carga: 5 s
Velocidad crucero - Avance: 6 - 35 Km/h
Velocidad crucero - Retroceso: 6 - 35 Km/h
Angulo máximo de subida: 30º

Sistema Eléctrico - Voltaje: 12 V
Caja Tipo: Powershift 4WD
Rodado Tipo: Semi Agrícola 16/70 - 20 (13PR)
Peso operativo: 4500 kg
Capacidad de balde (hasta): 1.6 m³
Radio de giro: 5280 mm
Mínima distancia al piso: 330 mm
Cámara de retroceso.";;;Gema;C60;2026;;Rogas S.a.s.;https://www.mercadolibre.com.ar/perfil/Rogas S.a.s.;;;;;;;;;;
MLA1658514591;https://articulo.mercadolibre.com.ar/MLA-1658514591;ok;;;Pala Cargadora C62 Hd Weichai 100 Hp 0km. Agro. Vial - US$ 37.300;"La pala cargadora C62 cuenta con:

Motor Turbo Weichai
Transmisión Powershift 4WD
Cabina con Aire Acondicionado
Acople rápido hidráulico
Cámara de retroceso
Joystick hidráulico
Calefacción
2 cambios de avance y 2 de retroceso
Rodado16-70 / 20 semi agrícola
MOTOR:
Marca: WEICHAI
Potencia: 75 kW / 100 hp
Torque Máximo: 193 Nm
Cilindrada: 2,98 L


Dispositivo de Trabajo: Joystick hidráulico
Capacidad de Carga: 2000 kg
Angulo de articulación: 35º
Altura máxima de carga: 4480 mm
Sistema de frenos: Servo Asistido por Aire - Caliper y Disco
Ancho de trocha: 1490 mm
Tiempo de elevación de carga: 5 s
Velocidad crucero - Avance: 6 - 35 Km/h
Velocidad crucero - Retroceso: 6 - 35 Km/h
Angulo máximo de subida: 30º

Sistema Eléctrico - Voltaje: 12 V
Peso operativo: 5500 Kg
Capacidad de balde (hasta): 1m³
Radio de giro: 5280 mm
Mínima distancia al piso: 330 mm";;;Gema;C62 Hd;2026;;Rogas S.a.s.;https://www.mercadolibre.com.ar/perfil/Rogas S.a.s.;;;;;;;;;;
MLA2549169976;https://articulo.mercadolibre.com.ar/MLA-2549169976;ok;;;Zanjadora Explosion 15hp Profunidad 60cm Ancho 10 Cm Cadena - $ 4.800.000;"15HP 420CC Nafta
Cadena en V
Ancho de trabajo 10 cm
Profundidad de trabajo 60cm
Arranque Electrico
Cubiertas Tubeles 
Peso 204KG";;;Traccion sur;Desmalezadora a Radio Control;2025;;Traccion Sur;https://www.mercadolibre.com.ar/perfil/Traccion Sur;;;;;;;;;;
MLA2539346712;https://articulo.mercadolibre.com.ar/MLA-2539346712;ok;;;Pala Cargadora Iron Xcmg Xc938 - 2m3 - Mod. 2026 - US$ 59.500;"El importe publicado corresponde al precio de lista a Publico y no incluye IVA (10,5%)
Consulte por descuentos por pago contado.";;;IRON XCMG;XC938;2025;;Irongroup;https://www.mercadolibre.com.ar/perfil/Irongroup;;;;;;;;;;
MLA2809452616;https://articulo.mercadolibre.com.ar/MLA-2809452616;ok;;;Pala Cargadora Gema C60 Hd. 0km. Agro. Vial - US$ 29.900;"La pala cargadora C60HD cuenta con:

Motor Xinchai de 80 hp Diésel
Transmisión Powershift 4WD
Cabina con Aire Acondicionado
Cámara de retroceso
Acople rápido hidráulico
Joystick hidráulico
Calefacción
2 cambios de avance y 2 de retroceso
Rodado 16-70/20 semi agrícola
MOTOR:
Modelo: Xinchai
Potencia: 60 kW / 80 hp
Torque Máximo: 193 Nm
Cilindrada: 3,1 L

Capacidad de Carga: 2000 Kg
Angulo de articulación: 35º
Altura máxima de carga: 4480 mm
Sistema de frenos: Servo Asistido por Aire - Caliper y Disco
Ancho de trocha: 1490 mm
Tiempo de elevación de carga: 5 s
Velocidad crucero - Avance: 6 - 35 Km/h
Velocidad crucero - Retroceso: 6 - 35 Km/h
Angulo máximo de subida: 30º
Sistema Eléctrico - Voltaje: 12 V
Caja Tipo: Powershift 4WD
Rodado Tipo: Semi Agrícola 16/70 - 20 (13PR)
Peso operativo: 4850 kg
Radio de giro: 5280 mm
Mínima distancia al piso: 330 mm";;;Gema;C60 HD;2025;;Rogas S.a.s.;https://www.mercadolibre.com.ar/perfil/Rogas S.a.s.;;;;;;;;;;
MLA2357273630;https://articulo.mercadolibre.com.ar/MLA-2357273630;ok;;;Mini Tractores Cortacésped Husqvarna Ts138l / Ts142 /ts 148 - $ 8.097.000;"EL PRECIO PUBLICADO CORRESPONDE AL MINI TRACTOR CORTACÉSPED HUSQVARNA TS138L 17HP 38 PULG

TAMBIEN DISPONEMOS LOS MODELOS

Ts142 19hp 42pulgadas CONSULTE PRECIO FINAL

Ts148 26 Hp 40000m2 Apto Rural CONSULTE PRECIO FINAL


DISTRIBUIDOR OFICIAL QUILMES
- Origen USA";;;Husqvarna;TS148;2025;;Sportmotors Argentina;https://www.mercadolibre.com.ar/perfil/Sportmotors Argentina;;;;;;;;;;
MLA1574379175;https://articulo.mercadolibre.com.ar/MLA-1574379175;ok;;;Tractor Hanomag 500/4 Cabina Con Aire 50hp 4x4 3 Puntos - US$ 18.800;"Precio más IVA 10.5% + Flete 
Tenemos entrega inmediata";;;Hanomag;500/4 CA;2025;;Traccion Sur;https://www.mercadolibre.com.ar/perfil/Traccion Sur;;;;;;;;;;
MLA2675719172;https://articulo.mercadolibre.com.ar/MLA-2675719172;ok;;;Pala Cargadora Iron 932s Con Tercera Vía Hidráulica - US$ 35.900;"PRINCIPALES CARACTERISTICAS
Peso Operativo : 6.300 kg
Capacidad de Balde : 1.2m3
Capacidad de Levante : 2.500 Kg
Largo Total : 6.700 mm
Ancho Total : 2.100 mm
Alto Total : 3.050 mm
Motor : YTO - (YT4A2Z-24)
Potencia . 115 Hp
Presión Sistema Hidráulico : 16Mpa
Siclo Hidráulico : 4.8s
Rodado : 16/70-24
Capacidad de Tanque Hidráulico : 80 Lts.
Brazo extra Largo";;;Iron;932S;2024;;Irongroup;https://www.mercadolibre.com.ar/perfil/Irongroup;;;;;;;;;;
MLA2534504336;https://articulo.mercadolibre.com.ar/MLA-2534504336;ok;;;Deutz Fahr Ax-120 Motor Nuevo Muy Buen Estado 120hp Excelent - US$ 23.000;"Valor mas iva 10.5%
Motor Hecho nuevo con repuestos originales.
Cabina Original.
Estado muy bueno.
Cubiertas OK
Transmisión OK
Motor OK
Instalación Electrica OK";;;Deutz Fahr;AX-120;1990;;Traccion Sur;https://www.mercadolibre.com.ar/perfil/Traccion Sur;;;;;;;;;;
MLA1574379339;https://articulo.mercadolibre.com.ar/MLA-1574379339;ok;;;Pala Michigan R40cii  Balde 0.5mt3 Nueva 56hp Capac. 1.2tn - US$ 19.320;"MICHIGAN R40CII
PRECIO MAS IVA 10.5%

BALDE DE MEDIO METRO CUBICO
CAPACIDAD DE CARGA 1200KG 
PESO DE LA MAQUINA 3000KG
RODADO 20.5/70-16
MOTOR DIESEL 4 CILINDOS ASPIRADO DE 56HP

CONCESIONARIO OFICIAL MICHIGAN - VENTAS A TODOS LOS PUNTOS DEL PAIS 
TRACCION SUR S.A.";;;Michigan;R40CII;2025;;Traccion Sur;https://www.mercadolibre.com.ar/perfil/Traccion Sur;;;;;;;;;;
MLA2276425722;https://articulo.mercadolibre.com.ar/MLA-2276425722;ok;;;Tractor New Holland Td 4.75 F 0km Entrega Inmediata - US$ 1.000;"VERSATILIDAD CON EFICIENCIA, CONFORT Y SEGURIDAD
La nueva familia TD4F ofrece en Argentina dos modelos nacionales capaces de trabajar con la diversidad de implementos agrícolas utilizados en cultivos frutícolas. Además brinda a sus usuarios un entorno de trabajo más eficiente, cómodo y seguro al agregar características de última generación a su renovada estructura.
Consultar!

OSCAR POURTAU SA - Concesionario Oficial NEW HOLLAND
Agrometal, Yomel, Maizco, Stihl Y Michelín.

Venta de Maquinaria Agrícola Nueva y Usada.
Servicios y REPUESTOS. Posventa.
Agricultura de Precisión (PLM).

Buenos Aires --> Brandsen // Necochea // Balcarce // Tandil // Tres Arroyos";;;New Holland;TD4F;2022;;Oscar Pourtau;https://www.mercadolibre.com.ar/perfil/Oscar Pourtau;;;;;;;;;;
MLA1598161625;https://articulo.mercadolibre.com.ar/MLA-1598161625;ok;;;Pala Cargadora Liangong 820 Balde 1m3 - 87 Hp - Agro - US$ 2.980;"Cargadora 820 Liangong
- Motor Yunnei YN33GBZ, de 87 Hp.
- Balde de 1 m3.
- Operación del balde por joystick hidráulico.
- Capacidad de levante de 2.000 kg.
- Cabina vidriada con visión panorámica.
- Aire acondicionado frío/calor.
- Peso operativo 6.720 kg.

EL PRECIO PUBLICADO CORRESPONDE A ANTICIPO EN DOLARES AMERICANOS. TIPO DE CAMBIO PESO – DÓLAR DEL DÍA DE LA VENTA DEL EQUIPO. LOS PRECIOS NO INCLUYEN IVA, FLETE, SEGURO, PATENTAMIENTO.
PROMOCIÓN VÁLIDA HASTA AGOTAR STOCK.
LAS IMÁGENES SON DE CARÁCTER ILUSTRATIVO AL PRODUCTO PROMOCIONADO

SU CONSULTA NO MOLESTA . UN ASESOR COMERCIAL SE PONDRÁ EN CONTACTO CON USTED
SUCURSALES Y DISTRIBUIDORES OFICIALES EN TODO EL PAÍS

- CONSULTE LA LÍNEA COMPLETA DE CARGADORAS Liangong

PLANES DE FINANCIACIÓN A MEDIDA
REPUESTOS - GARANTÍA - POST VENTA
VENTA DE EQUIPOS VIALES: para la construcción, movimiento de suelo, energía, forestal, agro, petróleo y logística

BISCAYNE MÁS DE 50 AÑOS - PRESENTES EN TODO EL PAÍS
Con una trayectoria de más de 50 años en el mercado de maquinaria vial, y una moderna Casa Central con talleres de ensamblado, Pre Entrega y Reparación de Equipos en la localidad de Garín, Biscayne brinda Garantía, Servicio Post-Venta y Repuestos con el respaldo de un servicio integral confiable, de calidad y con proyección comercial a largo plazo.
Conozca sus diez líneas de productos: Cargadoras, Motoniveladoras, Compactadores, Retroexcavadoras, Pala Y Retro, Mini Palas, Terminadoras, Topadoras, Autoelevadores y Plataformas de elevación";;;Liangong;820;2025;;Biscayne;https://www.mercadolibre.com.ar/perfil/Biscayne;;;;;;;;;;
MLA2723234608;https://articulo.mercadolibre.com.ar/MLA-2723234608;ok;;;Tractor Fiat R60 Con Hidráulica Y Retro Pala - US$ 20.000;"Pala y Retro Hidráulica individual funcionando perfectamente.
Lista para trabajar.";;;Fiat;Fiat R60;1960;;Antonio;https://www.mercadolibre.com.ar/perfil/Antonio;;;;;;;;;;
MLA1648439619;https://articulo.mercadolibre.com.ar/MLA-1648439619;ok;;;Komatsu Wa 200-5 Balde 2.1 M3 - US$ 55.000;"Pala cargadora Komatsu WA 200-5, segundo dueño, 12000 horas. Excelente equipo uso muy liviano de limpieza y apoyo. Toda Original sin tocar, sin perdidas, lista para trabajar. Motor con bomba convencional, se uso siempre con combustible grado 3. Muy buen equipo. 
Equipo Hidraulico, pernos, bujes y frenos en perfectas condicones.";;;Komatsu;WA 200-5;2014;12000;Tecem Sa;https://www.mercadolibre.com.ar/perfil/Tecem Sa;;;;;;;;;;
MLA1511154593;https://articulo.mercadolibre.com.ar/MLA-1511154593;ok;;;12 A 52 Cm Con Fert Y Monitor Muy Linda - US$ 35.000;es una sembradora especial para siembra de soja y maiz, marca Erca, muy bien cuidada, su trabajo era sembrar solo  100 has por año, era de la zona de Elortondo provincia de Santa Fe, de 12 a 52 cm.;;;Erca;12 a 52;2000;;Cignoli Hnos;https://www.mercadolibre.com.ar/perfil/Cignoli Hnos;;;;;;;;;;
MLA2797497538;https://articulo.mercadolibre.com.ar/MLA-2797497538;ok;;;Bombas Bornemann  - US$ 25.000;"BOMBA BORNERMAN ESPPECIALES PARA BOMBEAR PETROLEO GAS
SIN USO
STOCK 4 UNIDADES";;;BORNEMANN;;2024;;Jose;https://www.mercadolibre.com.ar/perfil/Jose;;;;;;;;;;
MLA2786648538;https://articulo.mercadolibre.com.ar/MLA-2786648538;ok;;;Pala Cargadora Frontal Komatsu Wa200 - US$ 65.000;"Se vende pala cargadora frontal Komatsu WA200


Oportunidad única: pala cargadora de alto rendimiento Komatsu modelo WA200, ideal para obras, minería, movimiento de suelos y trabajos pesados. Maquinaria confiable y robusta, con potencia, eficiencia y bajos costos operativos.

Características principales:

Potencia: 126 hp (94 kW)

Capacidad del balde: aprox. 2,0 m³

Peso operativo: ~10.500-11.000 kg

Transmisión hidroestática (HST) con cambio automático

Fuerza de rompimiento destacada para trabajos exigentes

Cabina con estructura de seguridad ROPS/FOPS, asiento cómodo y controles ergonómicos



Buen acceso para tareas de mantenimiento";;;Komatsu;wa200;2003;;Leandro;https://www.mercadolibre.com.ar/perfil/Leandro;;;;;;;;;;
MLA1595693739;https://articulo.mercadolibre.com.ar/MLA-1595693739;ok;;;Casilla Rural 7mts X 2.5mts Para 4 Personas - $ 34.500.000;"CARACTERISTICAS:

MEDIDAS 7.00 mts. DE LARGO y 2.50 mts DE ANCHO
1 habitación con capacidad 4 camas, placard y cajoneras bajo cama
Comedor apto para 4 personas, mesada en acero inoxidable, grifo con agua caliente / fria y alacena
Ducha con agua caliente y fría
Baulera trasera de 600 mm de profundidad, con apertura tipo puerta libro, estanterias, alojamiento de termotanque y conexiones electricas
CHASIS / TREN RODANTE:

Carrocería reforzada con largueros en hierro UPN de espesores aptos para la máxima exigencia de cargas y traslado
Tren rodante con 2 ejes de sección maciza y 8 llantas duales 15"". SIN CUBIERTAS
CARROCERIA SOBRE ESTRUCTURA MODULAR

Paredes y techo con paneles de poliuretano Classwall 50 mm de espesor con caras aluminizadas
Sistema de techo con paneles, cámara de aire y 2do techo con cubierta aluminizada cincalum
Construcción modular con sujeción oculta que permite modificaciones posteriores
ABERTURAS

1 puerta de acceso principal y 1 puerta de paso habitación / comedor. Todas de aluminio blanco con cerradura
Puerta mosquitera en ingreso principal
Puerta plegadiza inyectada en paso ducha – habitación
2 ventanillas de comedor, 4 ventanillas de habitación y 1 ventanilla de baño
Construidas en aluminio con vidrio templado anodizado, levaduras y con tela mosquitera
PISO y REVESTIMIENTO INTERIOR

Piso tricapa con fenolico 20mm tratado en ambas caras, manto anti condensación de espuma de polietileno 2mm y cubierta superior con piso flotante encastrable, tipo HDF ignífugo / lavable
Uniones y rincones con terminaciones vía zócalos en PVC
MOBILIARIO

Sector comedor con bajo y alacena
Sectores dormitorio con placares y cajoneras de melamina
INSTALACIONES DE AGUA y GAS

Cañerías de agua termo fusionadas H3
Cañerías de gas con sistema SI-GAS
Bombas 12V automática
Termotanque Coppens a gas
Llaves mono comando en comedor agua caliente y fría, doble llave en duchas. Calidad Peirano
Mesada en acero inoxidable calidad Johnson Acero
INSTALACION ELECTRICA

Instalación general a 12V
Alimentación con bomba 12V
Llave termica y disyuntor normalizados
Entrada general para 220V exterior 
Inversor de bomba 12V a 220V con llave selectora
Tomacorrientes 220V en toda la unidad, habitacion, sanitario y comedor
Extractor para campana de cocina
ESTETICA EXTERIOR

Unidades aisladas mediante sellador poliuretanico en todos los sectores
Chasis y carrocería pintados con base epoxi y bi capa sintético, color standar WORKEDING
Toldo con enrollador y escurridor de agua
PRECIOS NO INCLUYEN IVA

OPCIONALES A ELECCION:

Cocina a gas 
Cubiertas nuevas
Heladera 220V o DUAL 
Kit Solar
Aire Acondicionado tipo SPLIT fr/cal. instalado";;;Grupo Worked;CS700;2024;;Grupoworked;https://www.mercadolibre.com.ar/perfil/Grupoworked;;;;;;;;;;
MLA2790785428;https://articulo.mercadolibre.com.ar/MLA-2790785428;ok;;;Rippa Rs03 Mini Pala Cargadora Con Orugas - US$ 5.100;"Rippa Mini Pala Cargadora con orugas
RS03 Motor Briggs Straton
peso de la maquina 725kg
peso de levante seguro 140 kg
peso maximo 280 kg
2 salidas idraulicas independientes para implementos 
precio publicado + iva 
garantia de 1 año 

accesorios para rs3/rs04:
hoyadora
paletero 
desmalezadora
balde de 4 usos 


Distribuidor oficial Rippa
***sin stock actual , entregas fin enero -";;;Rppa;RS03;2025;;Wirelesstigre;https://www.mercadolibre.com.ar/perfil/Wirelesstigre;;;;;;;;;;
MLA2674223142;https://articulo.mercadolibre.com.ar/MLA-2674223142;ok;;;Tractor Brumby Quintero/invernadero 60hp Modelo Br604e - US$ 12.490;"Tractor Frutero Quintero Invernadero 60HP 4x4 - Motor YTO
Modelo: BR604E_G51

Comprá AHORA y asegurate ésta OFERTA BOMBA por Tiempo Limitado.
¡ULTIMAS UNIDADES DISPONIBLES!

Somos BIDCOM: Líderes en comercio electrónico y tecnología

Nuestro propósito es facilitar el acceso a productos innovadores y de interés, brindando una experiencia extraordinaria. Más de 15 años vendiendo en MercadoLibre. Más de 5 millones de compradores nos eligieron y recomendaron, 100 porciento de opiniones positivas. Hemos sido elegidos por MercadoLibre como los mejores vendedores de todo el sitio.

¡MercadoLibre nos reconoció como los mejores vendedores de todo el sitio a nivel regional!

CARACTERISTICAS

Dimensiones totales al volante (LxAxH): 3250x1350x1450
Peso (Kg): 1480
Distancia entre ejes (mm): 1450
Trocha (delantera/trasera): 1050 / 1050
Despeje (mm): 255
Rodado: 7,00-12 / 13.6-16
Cabina: Canopy
Toma de fuerza (RPM): 540 / 1000
Toma de tres puntos: Hidraulica
Barra de tiro: Incluida
Compresor de aire: Incluido
Tanque de combustible (L): 20
Flujo / Caudal de bomba: 20 kpa

_______________________________________________________________

DESCUBRÍ NUESTRA VARIEDAD DE PRODUCTOS:

Notebooks - Aspiradoras Robot - Cámaras de Seguridad - Ionizadores Solares - Gazebos, Pérgolas y Sombrillas - Freidoras de Aire - Pequeños Electrodomésticos - Contadoras de Billetes - Aires Acondicionados - Celulares - Masajeadores - Drones - Televisores - Handies - Impresoras 3D - Artículos de Belleza y más

Además, somos representantes oficiales de marcas de alto prestigio a nivel global como

Gadnic - Sony Playstation - Asus - DJI - Creality - Baofeng - iRobot - KONNWEI - Kemei - QCY - YIHUA entra otras.

_______________________________________________________________

VISITANOS EN NUESTRA SUCURSAL

Sucursal CABA - Villa Ortuzar (Cerca de la estación Triunvirato del subte B)
Nuestros horarios de atención son: Lunes a Viernes de 9 a 19hs ; Sábados y Feriados: 10 a 17hs.
¡Descubrí nuestros productos y recibí atención personalizada de nuestro equipo

_______________________________________________________________

GARANTÍA OFICIAL EN TODOS NUESTROS PRODUCTOS

Ofrecemos 12 meses de garantía oficial de fábrica en todos los productos y servicio técnico especializado durante todo el periodo de garantía.

Además, ofrecemos garantía extendida, lo que brinda a los clientes una mayor tranquilidad y respaldo a largo plazo.
_______________________________________________________________

ESTAMOS EN TODO EL PAÍS

Potenciamos tu experiencia de compra con nuestra extensa red de concesionarios, garantizando entregas rápidas en 48Hs.
_______________________________________________________________

MAYORISTA

Disponemos de un equipo especializado en ventas mayoristas B2B, brindando las mejores opciones de financiación y servicios de entrega adaptados a tus necesidades.
_______________________________________________________________

ATENCIÓN TELEFÓNICA

Ofrecemos atención telefónica con agentes especializados todos los días, de 9:00 a 20:00, para brindarte el mejor servicio y resolver tus consultas. ¡Estamos aquí para ayudarte!
_______________________________________________________________

RESPUESTA A PREGUNTAS 24HS

Tenemos un equipo especializado disponible las 24 horas, listo para responder tus preguntas y brindarte asesoramiento experto sobre nuestros productos. ¡No dudes en escribirnos!
_______________________________________________________________

REDES SOCIALES

Síguenos en todas nuestras redes sociales, tanto BIDCOM como BRUMBY, para mantenerte al tanto de los últimos lanzamientos, promociones y preventa exclusiva. ¡No te pierdas las novedades!
_______________________________________________________________

SERVICIO TÉCNICO

En BRUMBY, nuestro equipo altamente especializado garantiza a nuestros clientes soluciones integrales y rápidas, con acceso a una amplia variedad de repuestos y reparaciones para todos tus equipos. Estamos comprometidos con tu satisfacción.
_______________________________________________________________

PAGOS Y FACTURACIÓN

Aceptamos todos los medios de pago con tarjeta y pagos electrónicos. También, emitimos facturas A y B para tu mayor conveniencia.
_______________________________________________________________

MENSAJERÍA

¿Necesitas ayuda con tu compra en BRUMBY? Conéctate con nosotros a través de la mensajería instantánea para obtener respuestas rápidas a tus preguntas o recibir asistencia. Estamos aquí para hacer tu experiencia de compra más fácil y eficiente. ¡Contáctanos ahora y descubre el servicio excepcional que ofrecemos en BRUMBY!
_______________________________________________________________

Hacenos todas las consultas que tengas, para nosotros es un placer ayudarte.

Estamos Online para todo lo que necesites

BRUMBY";;;Brumby;604e;2024;19;Brumby;https://www.mercadolibre.com.ar/perfil/Brumby;;;;;;;;;;
MLA2807106760;https://articulo.mercadolibre.com.ar/MLA-2807106760;ok;;;Pala Cargadora John Deere 308 - US$ 11.000;Encontrá más productos en Mercado Libre;;;John Deere;308;1978;;Lucas;https://www.mercadolibre.com.ar/perfil/Lucas;;;;;;;;;;
MLA2527516394;https://articulo.mercadolibre.com.ar/MLA-2527516394;ok;;;Transportador De Rollos Hidraulico Maccari - $ 12.700.000;"Robusto, ágil y confiable. Diseñado para facilitar la carga y descarga de rollos con total seguridad y eficiencia.
Ideal para trabajar en el campo, optimizando tiempos y esfuerzo.
Construcción reforzada
Movimiento hidráulico preciso
Gran capacidad de carga";;;MACCARI;TRANSPORTADOR DE ROLLOS;2025;;Maquinarias Ibarrola;https://www.mercadolibre.com.ar/perfil/Maquinarias Ibarrola;;;;;;;;;;
MLA2744023714;https://articulo.mercadolibre.com.ar/MLA-2744023714;ok;;;Pala Cargadora Frontal Xcmg Zl50gn Balde 3m3. - US$ 45.000;"PALA CARGADORA FRONTAL XCMG ZL50GN Balde 3m3.


Detalles Técnicos
-Capacidad de balde3 m3
-Peso de operación18000 kg
-Carga nominal5000 kg
-Descarga3090 mm
-Altura de descarga4110 mm
-Máx. fuerza de arrastre145 kN
-Máx. fuerza de arranque170 kN
-Radio mínimo de giro6700 mm
-Modelo del motor WEICHAI - WD10G22 TURBO
-Potencia del motor217 hp
-Largo total8110 mm
-Ancho total2800 mm
-Alto total3508 mm";;;Xcmg;ZL50GN;2020;;Salinas De Anzoategui S.r.l.;https://www.mercadolibre.com.ar/perfil/Salinas De Anzoategui S.r.l.;;;;;;;;;;
MLA2125525384;https://articulo.mercadolibre.com.ar/MLA-2125525384;ok;;;Tractor Hanomag 800/4a 80 Hp 4x4 - US$ 28.200;"TRACTOR HANOMAG 
MODELO STARK 800-4A
4X4 80 HP
ENTREGA IMEDIATA";;;Hanomag;800/4A;2025;;Agrocenter Rosario;https://www.mercadolibre.com.ar/perfil/Agrocenter Rosario;;;;;;;;;;
MLA1632518485;https://articulo.mercadolibre.com.ar/MLA-1632518485;ok;;;Minitractor Cub Cadet 22hp Bicilíndrico 46 Pulgadas De Corte - $ 9.390.000;"Unidad física disponible 
Motor: 
• Marca del motor: Kohlers 
• Modelo de motor: Serie 7000 
• Número de modelo del motor: KT725 
• Cilindrada del motor: 725 cc 
• Potencia del motor: 22 caballos
 • Tipo de arranque: Eléctrico 
• Capacidad del tanque de combustible: 11,36 I 
• Cilindros: Mellizo
 • Arranque del motor: Llave de contacto 
• Capacidad de aceite del motor: 1,89 
• Lubricación: Totalmente presurizado 
• Sistema de carga: 12 amperios regulados
 • Indicador de combustible: No 
• Gobernador: Mecánico 
• Ahogo: Estrangulador separado 
• Filtro de aire: Elemento dual 
• Filtro de aceite: Sí 
• Entrega de combustible: Carburador 
Batería:
 • Batería: 210 cc 
• Tipo de batería: AGM (estera de fibra de vidrio absorbente)
 • Voltaje de la batería: 12 V Sistema de accionamiento:
 • Transmisión: Tuff Torg@ TL-200 
• Velocidad de avance: 5,5 MPH/ 8,6 km/h
 • Velocidad inversa: 3 MPH / 4,8 km/h 
• Eje trasero: 3/4"" 
• Sistema de accionamiento: Hidrostático
 • Control de transmisión: Pedal de pie 
 • Control de transmisión: Pedal de pie
 • Caja de transmisión: Aluminio 
• Bloqueo del diferencial trasero: No 
Plataforma de corte:
 • Ancho de corte de la plataforma: 46 pulgadas 
• Lavado de cubiertas: Sí
 • Material de la cubierta: Acero calibre 12
 • Acoplamiento de la plataforma (PTO): Manual 
• Construcción de cubiertas: Sellado • Cuchilla(s): 2 
• Elevador de cubierta: Manual • Rango de altura de corte: 1"" - 4"" 
• Anti-especulación: Ruedas de calibre 4 
• Posiciones de la cubierta: 12 
Chasis:
• Marco: Soldado robóticamente 
• Radio de giro: 16"" 
• Parachoques: No 
• Enganche de remolque trasero: Sí 
• Protección contra la corrosión: Sí
 • Barra pivotante delantera: Hierro fundido
 Controles:
 • Control de crucero: Sí 
 • Frenos: Desct 
Comodidad: 
• Tipo de asiento: Respaldo alto de 15""
 • Apoyabrazos: No 
• Ajuste del asiento: Palanca
 • Alfombrillas de suelo: Goma 
Ruedas:
* Tipo de rodamiento: Buje de polietileno
* Neumáticos traseros: 20"" x 8""-8""
* Neumáticos delanteros: 15"" x 6""-6""
* Banda de rodadura del neumático: Protector de césped";;;Cub Cadet;Lt46;2024;;New Garden Maquinarias;https://www.mercadolibre.com.ar/perfil/New Garden Maquinarias;;;;;;;;;;
MLA2774596146;https://articulo.mercadolibre.com.ar/MLA-2774596146;ok;;;Pala Cargadora Bamac Bwl200 2 Tn 1 M3 125 Hp 3er Via Acople - US$ 6.960;"-------------------------------------------------------------------------------------------------------------------------------------------------  Somos BauzaGroup, una empresa argentina con amplia experiencia en la venta de maquinaria vial, construcción, minería y agroindustria. 

Representamos marcas internacionales de primer nivel como XCMG, LGMG, BAMAC,RITMO, JEKKO entre otras.  

Nos destacamos por ofrecer:  

- Equipos de alta calidad 
- Servicio técnico especializado 
- Repuestos originales y stock permanente 
- Atención personalizada en todo el país  

En BauzaGroup trabajamos con compromiso, seriedad y acompañamiento postventa para que cada cliente encuentre la mejor solución a su necesidad.  

EL PRECIO CORRESPONDE A EL ANTICIPO.  

FINANCIAMIENTO PROPIO EN 13 CHEQUES  

FINANCIAMIENTO BANCARIO EN HASTA 60 MESES  

IMPORTANTES DESCUENTOS Y BENEFICIOS";;;BAMAC;BWL200;2026;;Bauza Group;https://www.mercadolibre.com.ar/perfil/Bauza Group;;;;;;;;;;
MLA1633743787;https://articulo.mercadolibre.com.ar/MLA-1633743787;ok;;;Triciclo Cargador Forestal - US$ 70.000;Impecable cargadora, le anda todo perfectamente, se entrega con un juego de neumáticos 0 km y un motor de traccion de repuesto, original en caja, lista para trabajar, soy primer dueño de 0 km.;;;Bell;220 E loger;2017;;Hector Daniel;https://www.mercadolibre.com.ar/perfil/Hector Daniel;;;;;;;;;;
MLA2383761114;https://articulo.mercadolibre.com.ar/MLA-2383761114;ok;;;(cande) Mixer Mainero 2910 2010 - $ 11.000.000;Permuta vehículo de mi interes;;;Mainero;2910;2010;;Gvo Auto;https://www.mercadolibre.com.ar/perfil/Gvo Auto;;;;;;;;;;
MLA2383760830;https://articulo.mercadolibre.com.ar/MLA-2383760830;ok;;;(cande) John Deere 5090e 2016 - US$ 57.800;"Transmisión PowrReverser

Motor PowerTechTM

Solo fue utilizado para corte de pasto, nunca se colocó pala frontal

Sistema hidráulico de pala 0km, sin uso

Se acepta permuta de pick up o auto de mi interes";;;John Deere;5090e;2016;;Gvo Auto;https://www.mercadolibre.com.ar/perfil/Gvo Auto;;;;;;;;;;
MLA1532657197;https://articulo.mercadolibre.com.ar/MLA-1532657197;ok;;;Cabezal Maicero Ombu 18 A 52  2025 Liquido  Kit John Deere - US$ 63.566;CABEZAL MAICERO MAIZCO 18 A 52 AÑO 2017 LIQUIDO;;;Ombu;CM2020;2025;;Acoplados Cordoba;https://www.mercadolibre.com.ar/perfil/Acoplados Cordoba;;;;;;;;;;
MLA1506792777;https://articulo.mercadolibre.com.ar/MLA-1506792777;ok;;;Pala Cargadora Frontal 2m3 - Eisen 936 - 2 Metros Cubicos - US$ 56.700;"PALA CARGADORA EISEN 936 – 2 m3 – 125 HP
 Ubicación: Belén de Escobar
 Estado: NUEVA
 Marca: EISEN
 Capacidad de balde: 2 m3
 Capacidad de carga: 3.000 kg
 Altura máxima de descarga: 3,78 m
 Potencia: 125 HP
 Tracción integral 4x4
 Joystick hidráulico de precisión
 Cabina presurizada con aire acondicionado
 Camara de retroceso



FINANCIACIÓN FLEXIBLE
Planes en cuotas fijas en pesos.

Tomamos tu máquina usada como parte de pago.

Opciones con entrega inmediata.

SERVICIO POSTVENTA PROFESIONAL
Repuestos originales siempre disponibles.

Mantenimiento preventivo y correctivo.

Servicio técnico propio, especializado.

Atención personalizada 24/7 los 365 días del año.
EISENMANNER S.R.L. – ESPECIALISTAS EN MAQUINARIA PESADA
Distribuimos y respaldamos toda la línea EISEN con garantía local, soporte técnico y asesoramiento experto.

 Equipos NUEVOS con tecnología de última generación
 Equipos USADOS reacondicionados y garantizados
 Servicio integral de postventa en todo el país

 Consultanos hoy mismo y cotizá tu próxima máquina.
 Estamos en Belén de Escobar.
 Atendemos por WhatsApp, mail o en persona.";;;Eisen;936;2025;;Sinomach;https://www.mercadolibre.com.ar/perfil/Sinomach;;;;;;;;;;
MLA1475175729;https://articulo.mercadolibre.com.ar/MLA-1475175729;ok;;;Pala Cargadora Lonking Cdm856c Cummins 220 Hp Balde 3 Mts - US$ 10.500;"*PRECIO ANTICIPO, + CUOTAS
*CONSULTE PRECIO DE CONTADO
*CONSULTE PLANES DE FINANCIACION CON CHEQUES Y CREDITOS BANCARIOS


PALA CARGADORA LONKING CDM856C - BALDE 3 MTS - MOTOR CUMMINS 125 HP
ENTREGA INMEDIATA

FICHA TENICA:

Línea:  CARGADORAS
Dispositivo de trabajo:  Joystick hidráulico
Capacidad de carga:  5000 Kg
Ángulo de articulacion:  35º
Altura máxima de carga:  5323 mm
Sistema de frenos:  Caliper - Disco - Circuito Simple
Distancia de ejes:  3230 mm
Ancho de trocha:  2240 mm
Tiempo de elevación:  6.0 seg
Sistema de presión hidráulico:  16 mpa
Velocidad crucero:  0 - 36 km/h
Velocidad crucero - Reversa}:  0 - 16 km/h
Ángulo máximo de subida:  45º
Motor - Modelo:  Cummins 6CTAA-C215
Motor - Potencia:  160kw/215hp
Motor - Torque:  904Nm/1400rpm
Motor - Cilindrada:  8.3 L
Voltaje Bateria:  24 V
Tipo de caja:  Powershift
Rodado:  23.5-25 L-3 16PR TT
Peso:  17300kg +/- 300kg
Capacidad de balde:  3 m3
Dimensión - Largo:  8100 mm
Dimensión - Ancho:  3010 mm
Dimensión - Alto:  3380 mm
Dimensión - Alcance:  4163 mm
Dimensión - Altura máxima:  3080 mm
Radio de giro:  35º
Distancia al piso:  409 mm

LONKING LITORAL
REPRESENTANTE OFICIAL PARA EL LITORAL ARGENTINO";;;Lonking;CDM856C;2024;;Lonking Litoral;https://www.mercadolibre.com.ar/perfil/Lonking Litoral;;;;;;;;;;
MLA1569920585;https://articulo.mercadolibre.com.ar/MLA-1569920585;ok;;;(cande) Massey Ferguson 4283 2020 - US$ 55.000;Tractor con cabina y aire acondicionado;;;Massey Ferguson;4283;2020;;Gvo Auto;https://www.mercadolibre.com.ar/perfil/Gvo Auto;;;;;;;;;;
MLA2792377978;https://articulo.mercadolibre.com.ar/MLA-2792377978;ok;;;Parquero - US$ 13.000;Encontrá más productos en Mercado Libre;;;Fiat;411 T;1960;;Daniel Alberto;https://www.mercadolibre.com.ar/perfil/Daniel Alberto;;;;;;;;;;
MLA1648240139;https://articulo.mercadolibre.com.ar/MLA-1648240139;ok;;;Agco Allis - US$ 37.000;Impecable;;;Agco Allis;6.110;2015;;Guido;https://www.mercadolibre.com.ar/perfil/Guido;;;;;;;;;;
MLA2720517366;https://articulo.mercadolibre.com.ar/MLA-2720517366;ok;;;Jhon Derre - US$ 85.000;Excelente ESTADO Listo Para  Transferir;;;Jhon Derre;;2008;;Carlos;https://www.mercadolibre.com.ar/perfil/Carlos;;;;;;;;;;
MLA2810537278;https://articulo.mercadolibre.com.ar/MLA-2810537278;ok;;;Samsung Sl150 Pala Cargadora 1996 2.8m3 Balde - US$ 40.000;Samsung SL150 1996 con balde de 2,8m3. Caja ZF reparada hace 200 hs. Actualmente trabajando, venta por renovacion de flota. Precio en dolares billete. Se acepta vehiculo en parte de pago;;;Samsung;SL150;1996;200;Aritrans Sa;https://www.mercadolibre.com.ar/perfil/Aritrans Sa;;;;;;;;;;
MLA1475090401;https://articulo.mercadolibre.com.ar/MLA-1475090401;ok;;;Pala Cargadora Lonking Cdm856 Balde 3 Mts Motor Cummins - US$ 10.500;"*PRECIO ANTICIPO, + CUOTAS
*CONSULTE PRECIO DE CONTADO
*CONSULTE PLANES DE FINANCIACION CON CHEQUES Y CREDITOS BANCARIOS

PALA CARGADORA LONKING CDM856C - BALDE 3 MTS - CAPACIDAD DE CARGA 5000 KG - MOTOR CUMMINS 220 HP

ENTREGA INMEDIATA

FICHA TECNICA:

Línea: CARGADORAS
Dispositivo de trabajo: Joystick hidráulico
Capacidad de carga: 5000 Kg
Ángulo de articulacion: 35º
Altura máxima de carga: 5323 mm
Sistema de frenos: Caliper - Disco - Circuito Simple
Distancia de ejes: 3230 mm
Ancho de trocha: 2240 mm
Tiempo de elevación: 6.0 seg
Sistema de presión hidráulico: 16 mpa
Velocidad crucero: 0 - 36 km/h
Velocidad crucero - Reversa}: 0 - 16 km/h
Ángulo máximo de subida: 45º
Motor - Modelo: Cummins 6CTAA-C215
Motor - Potencia: 160kw/215hp
Motor - Torque: 904Nm/1400rpm
Motor - Cilindrada: 8.3 L
Voltaje Bateria: 24 V
Tipo de caja: Powershift
Rodado: 23.5-25 L-3 16PR TT
Peso: 17300kg +/- 300kg
Capacidad de balde: 3 m3
Dimensión - Largo: 8100 mm
Dimensión - Ancho: 3010 mm
Dimensión - Alto: 3380 mm
Dimensión - Alcance: 4163 mm
Dimensión - Altura máxima: 3080 mm
Radio de giro: 35º
Distancia al piso: 409 mm

LONKING LITORAL
REPRESENTANTE OFICIAL LONKING PARA EL LITORA ARGENTINO";;;Lonking;CDM856;2024;;Lonking Litoral;https://www.mercadolibre.com.ar/perfil/Lonking Litoral;;;;;;;;;;
MLA1475090113;https://articulo.mercadolibre.com.ar/MLA-1475090113;ok;;;Pala Cargadora Lonking 856  3 Mts Cummins 220 Hp - US$ 10.500;"*PRECIO ANTICIPO, + CUOTAS
*CONSULTE PRECIO DE CONTADO
*CONSULTE PLANES DE FINANCIACION CON CHEQUES Y CREDITOS BANCARIOS

PALA CARGADORA LONKING CDM856C - BALDE 3 MTS - CAPACIDAD DE CARGA 5000 KG - MOTOR CUMMINS 220 HP 

ENTREGA INMEDIATA

FICHA TECNICA:

Línea:  CARGADORAS
Dispositivo de trabajo:  Joystick hidráulico
Capacidad de carga:  5000 Kg
Ángulo de articulacion:  35º
Altura máxima de carga:  5323 mm
Sistema de frenos:  Caliper - Disco - Circuito Simple
Distancia de ejes:  3230 mm
Ancho de trocha:  2240 mm
Tiempo de elevación:  6.0 seg
Sistema de presión hidráulico:  16 mpa
Velocidad crucero:  0 - 36 km/h
Velocidad crucero - Reversa}:  0 - 16 km/h
Ángulo máximo de subida:  45º
Motor - Modelo:  Cummins 6CTAA-C215
Motor - Potencia:  160kw/215hp
Motor - Torque:  904Nm/1400rpm
Motor - Cilindrada:  8.3 L
Voltaje Bateria:  24 V
Tipo de caja:  Powershift
Rodado:  23.5-25 L-3 16PR TT
Peso:  17300kg +/- 300kg
Capacidad de balde:  3 m3
Dimensión - Largo:  8100 mm
Dimensión - Ancho:  3010 mm
Dimensión - Alto:  3380 mm
Dimensión - Alcance:  4163 mm
Dimensión - Altura máxima:  3080 mm
Radio de giro:  35º
Distancia al piso:  409 mm 

LONKING LITORAL
REPRESENTANTE OFICIAL LONKING PARA EL LITORA ARGENTINO";;;Lonking;856C;2024;;Lonking Litoral;https://www.mercadolibre.com.ar/perfil/Lonking Litoral;;;;;;;;;;
MLA2759676942;https://articulo.mercadolibre.com.ar/MLA-2759676942;ok;;;Autoelevador Marca Daewoo 2,.5 Ton - US$ 3.200;AUTOELEVADOR MARCA DAEWOO CAPACIDAD DE CARGA 2500 KILOS NAFTA GAS AÑO 2005 CAJA ROTA CUANDO CALIENTA NO TRACCIONA TRIPLE TORRE CON DESPLAZADOR CONTAINERO MOTOR A NAFTA O GAS IMPECABLE SOLO CAJA Y PINTURA 1134863456  TRIPLE TORRE CON DESPLAZADOR;;;Daewoo;GLP;2005;;Omar;https://www.mercadolibre.com.ar/perfil/Omar;;;;;;;;;;
MLA2021027712;https://articulo.mercadolibre.com.ar/MLA-2021027712;ok;;;Cargadora Frontal 1m Taiyang Mv920 Nueva - US$ 28.300;"Cargadora Frontal Taiyang MV920 1 m3 
______________________________________________

Especificaciones técnicas:

- Potencia: 85 HP

- Diferenciales: Isuzu de origen China

- Capacidad de balde: 1 m³

- Capacidad de carga nominal: 1.800 kg

- Peso operativo: 3.500 kg

- Neumáticos: 16.70-20 L3

______________________________________________

» El valor publicado: USD 28.000 + IVA 10.5%

 » Facilidad de pago: CONTADO

 » Hacemos Factura A

 » Ofrecemos Envíos a todo el país y retiro gratis en sucursal en CABA.

 » Días y horarios de atención: de lunes a viernes de 8:00 a 13:00 y de 14:00 a 17:00 h

 ¡Su consulta no molesta, estamos para atenderlo!";;;Taiyang;MV920;2024;;Reyma Arg Sa;https://www.mercadolibre.com.ar/perfil/Reyma Arg Sa;;;;;;;;;;
MLA1658618889;https://articulo.mercadolibre.com.ar/MLA-1658618889;ok;;;Pala Cargadora Frontal Xcmg Lw400kn - 2.4m3 - 4.5t - 0km - US$ 35.000;"ENTREGA INMEDIATA

EL VALOR PUBLICADO CORRESPONDE AL ANTICIPO + 6 CHEQUES SIN INTERES

MODELO: LW400KN
CAPACIDAD VOLUMETRICA CARGA: 2.4 m3 
CARGA MAXIMA (Kg.): 4.500 kg.
PESO TOTAL: 13.200 Kg

DIMENSIONES
Largo total (con balde en piso): 7505 mm
Ancho (exterior ruedas): 2682 mm
Altura Total: 3028 mm
Altura máxima de descarga: 3200 mm. (Balde a 45o)

CABINA
Cerrada, cómoda con una alta visibilidad .
Asiento ergonómico con sistema de suspensión.
Comando Joystick
Aire Acondicionado - Calefaccion

MOTOR
WEICHAI DEUTZ WP6
175 HP
6 CILINDROS
TIER 3

TRANSMISION 4x4
XCMG Powershift 2+1 (2 Marchas hacia delante – 1 marcha hacia atrás)
Tecnología ZF 4W G308 transmision
Velocidad máxima: 38 Km/h
Convertidor de torque 3 elementos
Refrigeración bajo circulación de aceite a presión.

SISTEMA HIDRAULICO:
CAJA DE VALVULAS: Sistema de comando hidráulico. HUSCO Int. Made in USA Conjunto de sellos y mangueras de presión hidráulico PARKER

DIRECCION:
Articulada, Cilindro hidráulico doble efecto. Mejorando notablemente el radio de giro

SISTEMA DE FRENOS: Sistema de Discos secos en las 4 ruedas.
Freno de mano: Freno de emergencia. MICO Made in USA

ACCESORIOS:
* Alarma de retroceso. * Luces de trabajo delanteras y faroles traseros. * Columna de dirección rebatible, regulable a diferentes posiciones. * Alfombra antideslizante. * Espejo retrovisores *Equipamiento A.R.T completo - CAMC VIAL";;;Xcmg;LW400KN;2025;;San Juan Comex S. A. S.;https://www.mercadolibre.com.ar/perfil/San Juan Comex S. A. S.;;;;;;;;;;
MLA2788113702;https://articulo.mercadolibre.com.ar/MLA-2788113702;ok;;;Cosechadora Con 9.500 Horas De Uso. Muy Buen Estado. - US$ 19.500;Estado general muy bueno. 9.500 horas de uso. Cubiertas muy buen estado. Plataforma de 21 pies. Se acepta financiación y cereales como parte de pago (soja maíz trigo).;;;New Holland;TC57;1997;9500;Christian Martín;https://www.mercadolibre.com.ar/perfil/Christian Martín;;;;;;;;;;
MLA1537482905;https://articulo.mercadolibre.com.ar/MLA-1537482905;ok;;;Tractor Hanomag Stark 800-4ac 80hp 4x4 - US$ 32.000;"-TRACTOR HANOMAG STARK 800-4AC
-80 HP
-4X4
-CABINA CERRADA CON AIRE ACONDICIONADO

CONSULTE TAMBIEN POR MODELO CON TECHO SIN CABINA CERRADA
CONSULTE TAMBIEN POR MODELOS DE 25 HP A 260 HP

TRACTORES EN STOCK PARA ENTREGA INMEDIATA

AGROCENTER ROSARIO S.A.";;;Hanomag;STARK 800-4AC;2025;;Agrocenter Rosario;https://www.mercadolibre.com.ar/perfil/Agrocenter Rosario;;;;;;;;;;
MLA1644278155;https://articulo.mercadolibre.com.ar/MLA-1644278155;ok;;;Pala Cargadora Frontal Xcmg Zl50gn 0km - 3.2m3 - 5.5ton - US$ 45.000;"EL VALOR PUBLICADO CORRESPONDE AL ANTICIPO DE COMPRA + 12 CHEQUES SIN INTERES!

ENTREGA INMEDIATA

DETALLES TÉCNICOS

MODELO: ZL50GN ARTICULADA 2025
CAPACIDAD VOLUMETRICA CARGA: 3.2 m3
CARGA MAXIMA (Kg.): 5.500 kg.
PESO TOTAL: 18.000 Kg

DIMENSIONES
Largo total (con balde en piso): 8414 mm
Ancho (exterior ruedas): 3000 mm
Altura Total: 3460 mm
Altura máxima de carga: 3100 mm. (Balde a 45º)

NEUMATICOS
23.5/25 - ""L3""

TRANSMISION 4x4
XCMG Powershift 2+1 (2 Marchas hacia delante – 1 marcha hacia atrás)
Velocidad máxima: 42 Km/h
Convertidor de torque 3 elementos
Refrigeración bajo circulación de aceite a presión.

CABINA
Cerrada, cómoda con una alta visibilidad
Asiento ergonómico con sistema de suspensión.
Comando por Joystick
Aire Acondicionado - Calefaccion

MOTOR
WEICHAI DEUTZ WD10
225 HP
6 CILINDROS
NORMA DE POLUCION EURO 3
INYECCION DIRECTA


CAJA DE VALVULAS
Sistema de comando hidráulico HUSCO Int.
Conjunto de sellos y mangueras de presión hidráulica PARKER


DIRECCION
Articulada, Cilindros hidráulicos de doble efecto.
Mejorando notablemente el radio de giro.

SISTEMA DE CARGA
Pilot Control (JOYSTICK)


SISTEMA DE FRENOS
Sistema de Discos Humedos bañado en aceite en las 4 ruedas
Freno de mano: Neumatico
MICO Made in USA


ACCESORIOS:
* Alarma de retroceso. * Luces de trabajo delanteras y faroles traseros. * Columna de dirección rebatible, regulable a diferentes posiciones. * Alfombra antideslizante. * Espejo retrovisores *Equipamiento A.R.T completo - CAMC VIAL";;;Xcmg;ZL50GN;2025;;San Juan Comex S. A. S.;https://www.mercadolibre.com.ar/perfil/San Juan Comex S. A. S.;;;;;;;;;;
MLA2797542894;https://articulo.mercadolibre.com.ar/MLA-2797542894;ok;;;Cosechadora New Holland Cr 8090  Año 2012  4x4 - US$ 210.000;"Cosechadora New Holland CR 8090 – Año 2012 – 4x4

La New Holland CR 8090 es sinónimo de potencia, capacidad y tecnología de última generación. Diseñada para productores que buscan máxima productividad con mínimos costos de operación, esta máquina 4x4 ofrece un rendimiento excepcional en cualquier condición de campo.

Características Técnicas

-Marca y modelo: New Holland CR 8090
- Año: 2012
- Tracción: 4x4
- Horas rotor/separador: 1.500 hs
- Motor: Cursor 13 – 490 hp nominales (hasta 530 hp máx.)
- Sistema de trilla y separación: Doble Rotor (Twin RotorTM) – exclusivo de New Holland
- Tolva de grano: 12.500 L aprox.
- Descarga: tubo de alta velocidad (hasta 125 L/s)
- Plataforma compatible: Draper/Flex hasta 40 pies (opcional según stock)
- Cabina: Harvest SuiteTM, climatizada, gran visibilidad, mandos electrónicos
- Tecnología: IntelliSteerTM (piloto automático) – monitores de rendimiento integrados

Beneficios para el Productor

- Mayor capacidad de trilla y separación: gracias al sistema Twin RotorTM, líder en el mercado.
- Bajo consumo y alta eficiencia: motor Cursor 13 con gestión inteligente de potencia.
- Ideal para grandes extensiones: soporta plataformas de gran ancho con alta velocidad de cosecha.
- Tracción 4x4: máximo desempeño y seguridad en condiciones difíciles de suelo.
- Máquina poco usada: solo 1.500 horas de separador, garantía de larga vida útil.
- Cabina de lujo: diseñada para comodidad y productividad en largas jornadas.

Oportunidad de Compra

Cosechadora New Holland CR 8090 – Año 2012 – 4x4
- 1.500 hs separador
- Potencia de 490 hp con sistema Twin RotorTM
- Tolva de gran capacidad y descarga ultrarrápida
- Lista para agricultura de precisión

Ubicación: Fátima, Buenos Aires";;;New Holland;CR 8090;2012;1500;Intellliaworlds A S;https://www.mercadolibre.com.ar/perfil/Intellliaworlds A S;;;;;;;;;;
MLA2600142542;https://articulo.mercadolibre.com.ar/MLA-2600142542;ok;;;Tractor Cortacésped Roland H 108 19hp Tracción Simple - US$ 5.891;"Motor Loncin 4 tiempos
Transmisión hidrostática trasera
Potencia: 19 HP
Tracción simple
Dimensiones: 1940 mm de largo x 1080 mm de ancho x 1115 mm de altura
Peso: 215kg
Ancho de corte: 108cm
Altura de corte: Regulable de 3 a 9cm
Tipo de ruedas: Inflables tipo parqueras
Radio de giro de 51cm
Pendiente máxima de trabajo: 12°";;;Roland H;RH 108;2025;;Roland H;https://www.mercadolibre.com.ar/perfil/Roland H;;;;;;;;;;
MLA2383761410;https://articulo.mercadolibre.com.ar/MLA-2383761410;ok;;;(cande) Mixer Mainero 2910 2008 - $ 7.200.000;Encontrá más productos en Mercado Libre;;;Mainero;2910;2008;;Gvo Auto;https://www.mercadolibre.com.ar/perfil/Gvo Auto;;;;;;;;;;
MLA1633639359;https://articulo.mercadolibre.com.ar/MLA-1633639359;ok;;;Cosechadora New Holland Cr 8090  Año 2012  4x4 - US$ 210.000;"Cosechadora New Holland CR 8090 – Año 2012 – 4x4

La New Holland CR 8090 es sinónimo de potencia, capacidad y tecnología de última generación. Diseñada para productores que buscan máxima productividad con mínimos costos de operación, esta máquina 4x4 ofrece un rendimiento excepcional en cualquier condición de campo.

Características Técnicas

-Marca y modelo: New Holland CR 8090
- Año: 2012
- Tracción: 4x4
- Horas rotor/separador: 1.500 hs
- Motor: Cursor 13 – 490 hp nominales (hasta 530 hp máx.)
- Sistema de trilla y separación: Doble Rotor (Twin RotorTM) – exclusivo de New Holland
- Tolva de grano: 12.500 L aprox.
- Descarga: tubo de alta velocidad (hasta 125 L/s)
- Plataforma compatible: Draper/Flex hasta 40 pies (opcional según stock)
- Cabina: Harvest SuiteTM, climatizada, gran visibilidad, mandos electrónicos
- Tecnología: IntelliSteerTM (piloto automático) – monitores de rendimiento integrados

Beneficios para el Productor

- Mayor capacidad de trilla y separación: gracias al sistema Twin RotorTM, líder en el mercado.
- Bajo consumo y alta eficiencia: motor Cursor 13 con gestión inteligente de potencia.
- Ideal para grandes extensiones: soporta plataformas de gran ancho con alta velocidad de cosecha.
- Tracción 4x4: máximo desempeño y seguridad en condiciones difíciles de suelo.
- Máquina poco usada: solo 1.500 horas de separador, garantía de larga vida útil.
- Cabina de lujo: diseñada para comodidad y productividad en largas jornadas.

Oportunidad de Compra

Cosechadora New Holland CR 8090 – Año 2012 – 4x4
- 1.500 hs separador
- Potencia de 490 hp con sistema Twin RotorTM
- Tolva de gran capacidad y descarga ultrarrápida
- Lista para agricultura de precisión

Ubicación: Fátima, Buenos Aires";;;New Holland;CR 8090;2012;1500;Impomotorsargentina;https://www.mercadolibre.com.ar/perfil/Impomotorsargentina;;;;;;;;;;
MLA1507650677;https://articulo.mercadolibre.com.ar/MLA-1507650677;ok;;;Autoelevador Montacargas Y Sampy De 2500 Kilos Y 2,5 Ton - US$ 15.700;"Tipo de operación
Venta
Condición
Nuevo 2025
País
Argentina
Ciudad / Provincia
Belén de Escobar, Buenos Aires
Entrega
Inmediata
Marca
Eisen
Modelo
EDF25
Año de Fabricación
2025
Potencia (HP)
Menos de 100
Capacidad
2,50
Tipo de Motor
Diésel
Sistema de Transmisión
Hidráulico
Altura de elevación
3,70
Torre de Elevación
Torre doble
Estado General
Nuevo
Horas de uso
0
Descripción
Autoelevador 2500kg / 2.5 Toneladas EISEN EDF25

Carga máxima 2500kg / 2.5 Toneladas

Altura máxima 3.70m

Torre doble

Desplazador lateral

Inclinación de torre

Financiación a medida – Tomamos tu máquina usada como parte de pago.

EISENMANNER – Comercializa la marca EISEN en Argentina.";;;Eisen;EDF25;2025;0;Sinomach;https://www.mercadolibre.com.ar/perfil/Sinomach;;;;;;;;;;
MLA2797380962;https://articulo.mercadolibre.com.ar/MLA-2797380962;ok;;;Pala Cargadora 988 B - US$ 40.000;EL PRECIO ES DOLAR BILLETE;;;CAT;988-B;1999;;Jose;https://www.mercadolibre.com.ar/perfil/Jose;;;;;;;;;;
MLA2797602098;https://articulo.mercadolibre.com.ar/MLA-2797602098;ok;;;Pala Cargadora Komatsu 600 - US$ 40.000;"motor desarmado con cigüeñal nuevo 
EL PRECIO ES DOLAR BILLETE";;;Komatsu;600;2008;;Jose;https://www.mercadolibre.com.ar/perfil/Jose;;;;;;;;;;
MLA2009281640;https://articulo.mercadolibre.com.ar/MLA-2009281640;ok;;;Pala Cargadora Forestal Lonking 347 125 Hp 3 T Porta Troncos - US$ 7.000;"*PRECIO ANTICIPO, + CUOTAS
*CONSULTE PRECIO DE CONTADO
*CONSULTE PLANES DE FINANCIACION CON CHEQUES Y CREDITOS BANCARIOS

PALA CARGADORA FORESTAL LONKING CDM833 - PARA 3000 KG - MOTOR DE 125 HP 
PUEDE LLEVAR OPCIONAL BALDE 2 MT3 Y UÑAS ELEVADOR, TODO CON ACOPLE RAPIDO

Dispositivo de trabajo:  Joystick Hidráulico + válvula 3er vía
Capacidad de carga:  3000 kg
Ángulo de articulacion:  35º
Altura máxima de carga:  4737 mm
Sistema de frenos:  Caliper - Disco
Distancia de ejes:  2850 mm
Ancho de trocha:  1850 mm
Tiempo de elevación:  5.5 seg.
Sistema de presión hidráulico:  16 Mpa
Velocidad crucero:  0 - 36 km/h
Velocidad crucero - Reversa}:  0 - 28 km/h
Ángulo máximo de subida:  46.6º
Motor - Modelo:  Weichai (WP6G125E22)
Motor - Potencia:  92 kw/ 125 hp/ 2200 rpm
Motor - Torque:  500 Nm/ 1400-1600 rpm
Motor - Cilindrada:  6.75
Voltaje Bateria:  24 V
Tipo de caja:  Powershift
Rodado:  17.5-25 L-3 12 Pr TT
Peso:  10300 Kg +/- 300Kg
Dimensión - Largo:  7200 mm
Dimensión - Ancho:  2500 mm
Dimensión - Alto:  3180 mm
Dimensión - Altura máxima:  2904 mm
Distancia al piso:  345 mm

ENTREGA INMEDIATA
LONKING LITORAL

REPRESENTANTE OFICIAL PARA EL LITORAL ARGENTINO";;;Lonking;CDM-347A;2024;;Lonking Litoral;https://www.mercadolibre.com.ar/perfil/Lonking Litoral;;;;;;;;;;
MLA1475123293;https://articulo.mercadolibre.com.ar/MLA-1475123293;ok;;;Pala Cargadora Lonking 833 125 Hp Balde 2 Mts - US$ 5.800;"*PRECIO ANTICIPO, + CUOTAS
*CONSULTE PRECIO DE CONTADO
*CONSULTE PLANES DE FINANCIACION CON CHEQUES Y CREDITOS BANCARIOS

PALA CARGADORA LONKING 833
ENTREGA INMEDIATA


Línea: CARGADORAS
Dispositivo de trabajo: Joystick hidráulico
Capacidad de carga: 3000 Kg
Ángulo de articulacion: 35º
Altura máxima de carga: 4737 mm
Sistema de frenos: Caliper - Disco - Circuito Simple
Distancia de ejes: 2850 mm
Ancho de trocha: 1850 mm
Tiempo de elevación: 5.5 seg
Sistema de presión hidráulico: 16 mpa
Velocidad crucero: 0 - 36 km/h
Velocidad crucero - Reversa}: 0 - 28 km/h
Ángulo máximo de subida: 46.6º
Motor - Modelo: Weichai WP6G125E22 / CUMMINS (A ELECCION)
Motor - Potencia: 92kw/125hp
Motor - Torque: 500 Nm/1400-1600rpm
Motor - Cilindrada: 6.75L
Voltaje Bateria: 24 V
Tipo de caja: Powershift
Rodado: 17.5-25 L-3 12PR TT
Peso: 10300 Kg +/- 300Kg
Capacidad de balde: 2 m3
Dimensión - Largo: 7200 mm
Dimensión - Ancho: 2320 mm
Dimensión - Alto: 3180 mm
Dimensión - Alcance: 3710 mm
Dimensión - Altura máxima: 2904 mm
Radio de giro: 35º
Distancia al piso: 345 mm


LONKING LITORAL";;;Lonking;833;2024;;Lonking Litoral;https://www.mercadolibre.com.ar/perfil/Lonking Litoral;;;;;;;;;;
MLA1653095409;https://articulo.mercadolibre.com.ar/MLA-1653095409;ok;;;Sembradora De Grano Grueso 18 Líneas A 52cm Monitor Agrotax - US$ 20.000;Sembradora de grano grueso marca Sembrar max 18 surcos a 52cm con monitor de siembra agrotax. Está toda reparada lista para sembrar soja maíz sorgo . Tiene las cuchillas de siembra y turvo nuevas , las tolvas tienen doble fertilización;;;Sembra max;Max2;2006;;Alejandro;https://www.mercadolibre.com.ar/perfil/Alejandro;;;;;;;;;;
MLA1630285601;https://articulo.mercadolibre.com.ar/MLA-1630285601;ok;;;Tolba - $ 12.000.000;Tolva autodescargable;;;El Sol;;1999;;Jose;https://www.mercadolibre.com.ar/perfil/Jose;;;;;;;;;;
MLA2740968166;https://articulo.mercadolibre.com.ar/MLA-2740968166;ok;;;Pala Cargadora Usada 2m3 Volvo - US$ 47.000;lista para trabajar valde 2m3.. con implemento uñas. Tomaría algún vehículo de mi interés;;;Volvo;L60F;2010;;Diego;https://www.mercadolibre.com.ar/perfil/Diego;;;;;;;;;;
MLA2473417690;https://articulo.mercadolibre.com.ar/MLA-2473417690;ok;;;Mini Tractor Electrico Litio Dowen Pagio 80v 42  - $ 7.072.000;"TRACTOR ELECTRICO 38"" DE CORTE
BATERIAS DE LITIO

CONSULTE TAMBINE POR MINI TRACTORES A NAFTA

STOCK PERMANENTE, MEJOR PRECIO

AGROCENTER ROSARIO SA";;;Dowen Pagio;ELECTRICO EVO-MOWER;2025;;Agrocenter Rosario;https://www.mercadolibre.com.ar/perfil/Agrocenter Rosario;;;;;;;;;;
MLA1632686271;https://articulo.mercadolibre.com.ar/MLA-1632686271;ok;;;Sembradora Agrometal Tx De 20 Líneas A 35 Cm - US$ 29.000;Vendo sembradora agrometal tx de granos gruesos de 20 líneas a 35 cm de distancia, también se puede armar a 12 líneas a 52.5 o a 10 a 70 . La sembradora está reparada a nueva , tiene placas para soja , maíz, girasol y sorgo;;;Agrometal tx 20 líneas a 35;Tx 20 líneas a 35 cm;2003;;Martin;https://www.mercadolibre.com.ar/perfil/Martin;;;;;;;;;;
MLA2228611162;https://articulo.mercadolibre.com.ar/MLA-2228611162;ok;;;Tractor Hanomag 500-4 50 Hp 4x4 Con Cabina - US$ 18.200;"TRACTOR HANOMAG 500-4 AC
50 HP
4X4
CON CABINA CERRADA CON AIRE ACONDICIONADO";;;Hanomag;500-4 AC;2025;;Agrocenter Rosario;https://www.mercadolibre.com.ar/perfil/Agrocenter Rosario;;;;;;;;;;
MLA2010208404;https://articulo.mercadolibre.com.ar/MLA-2010208404;ok;;;Tractor Hanomag Ka304 - 30 Hp 4x4 - US$ 760;"VALOR ANTICIPO PARA PAGO CON 13 CHEQUES/ECHEQ IGUALES

DISPONIBLE PARA ENTREGA INMEDIATA

TAMBIEN CONTAMOS CON TODA LA LINEA HANOMAG, DESDE 25 HP A 180 HP";;;Hanomag;KA304;2025;;Agrocenter Rosario;https://www.mercadolibre.com.ar/perfil/Agrocenter Rosario;;;;;;;;;;
MLA1475090195;https://articulo.mercadolibre.com.ar/MLA-1475090195;ok;;;Pala Cargadora Lonking Cdm833 Balde 2 Mts  - US$ 5.800;"*PRECIO ANTICIPO, + CUOTAS
*CONSULTE PRECIO DE CONTADO
*CONSULTE PLANES DE FINANCIACION CON CHEQUES Y CREDITOS BANCARIOS

PALA CARGADORA LONKING 833

ENTREGA INMEDIATA

FICHA TECNICA:
Línea: CARGADORAS
Dispositivo de trabajo: Joystick hidráulico
Capacidad de carga: 3000 Kg
Ángulo de articulacion: 35º
Altura máxima de carga: 4737 mm
Sistema de frenos: Caliper - Disco - Circuito Simple
Distancia de ejes: 2850 mm
Ancho de trocha: 1850 mm
Tiempo de elevación: 5.5 seg
Sistema de presión hidráulico: 16 mpa
Velocidad crucero: 0 - 36 km/h
Velocidad crucero - Reversa}: 0 - 28 km/h
Ángulo máximo de subida: 46.6º
Motor - Modelo: Weichai WP6G125E22 / CUMMINS (A ELECCION)
Motor - Potencia: 92kw/125hp
Motor - Torque: 500 Nm/1400-1600rpm
Motor - Cilindrada: 6.75L
Voltaje Bateria: 24 V
Tipo de caja: Powershift
Rodado: 17.5-25 L-3 12PR TT
Peso: 10300 Kg +/- 300Kg
Capacidad de balde: 2 m3
Dimensión - Largo: 7200 mm
Dimensión - Ancho: 2320 mm
Dimensión - Alto: 3180 mm
Dimensión - Alcance: 3710 mm
Dimensión - Altura máxima: 2904 mm
Radio de giro: 35º
Distancia al piso: 345 mm


LONKING LITORAL
DISTRIBUIDOR OFICIAL PARA EL LITORAL ARGENTINO";;;Lonking;CDM833;2024;;Lonking Litoral;https://www.mercadolibre.com.ar/perfil/Lonking Litoral;;;;;;;;;;
MLA1475175645;https://articulo.mercadolibre.com.ar/MLA-1475175645;ok;;;Pala Cargadora Lonking 833 125 Hp 2m3 - US$ 5.800;"*PRECIO ANTICIPO, + CUOTAS
*CONSULTE PRECIO DE CONTADO
*CONSULTE PLANES DE FINANCIACION CON CHEQUES Y CREDITOS BANCARIOS

PALA CARGADORA LONKING 833


ENTREGA INMEDIATA

FICHA TECNICA:
Línea: CARGADORAS
Dispositivo de trabajo: Joystick hidráulico
Capacidad de carga: 3000 Kg
Ángulo de articulacion: 35º
Altura máxima de carga: 4737 mm
Sistema de frenos: Caliper - Disco - Circuito Simple
Distancia de ejes: 2850 mm
Ancho de trocha: 1850 mm
Tiempo de elevación: 5.5 seg
Sistema de presión hidráulico: 16 mpa
Velocidad crucero: 0 - 36 km/h
Velocidad crucero - Reversa}: 0 - 28 km/h
Ángulo máximo de subida: 46.6º
Motor - Modelo: Weichai WP6G125E22 / CUMMINS (A ELECCION)
Motor - Potencia: 92kw/125hp
Motor - Torque: 500 Nm/1400-1600rpm
Motor - Cilindrada: 6.75L
Voltaje Bateria: 24 V
Tipo de caja: Powershift
Rodado: 17.5-25 L-3 12PR TT
Peso: 10300 Kg +/- 300Kg
Capacidad de balde: 2 m3
Dimensión - Largo: 7200 mm
Dimensión - Ancho: 2320 mm
Dimensión - Alto: 3180 mm
Dimensión - Alcance: 3710 mm
Dimensión - Altura máxima: 2904 mm
Radio de giro: 35º
Distancia al piso: 345 mm


LONKING LITORAL
DISTRIBUIDOR OFICIAL PARA EL LITORAL ARGENTINO";;;Lonking;LG833N;2024;;Lonking Litoral;https://www.mercadolibre.com.ar/perfil/Lonking Litoral;;;;;;;;;;
MLA1655681361;https://articulo.mercadolibre.com.ar/MLA-1655681361;ok;;;Excelente Estado. 3100 Hs Se Uso. Cubiertas Originales - US$ 100.000;Excelente estado. Cubiertas originales. 3100 hs de fabrica. Digno de ver, unico por su estado y horas...tiene para darle.;;;Pauny;540 EO;2013;3100;Marianela;https://www.mercadolibre.com.ar/perfil/Marianela;;;;;;;;;;
MLA1624874331;https://articulo.mercadolibre.com.ar/MLA-1624874331;ok;;;Pala Cargadora Michigan 75 Motor Detroit Funcionando - US$ 13.000;Encontrá más productos en Mercado Libre;;;Michigan;75;1980;;Luciano;https://www.mercadolibre.com.ar/perfil/Luciano;;;;;;;;;;
MLA1651366089;https://articulo.mercadolibre.com.ar/MLA-1651366089;ok;;;John Deere 3420, Inmaculado, En Perfecto Estado. - US$ 27.000;Tracto John Deere 3420 en muy buen estado. Motor hecho a nuevo, cubiertas nuevas, bombas hechas a nuevas, burro de arranque nuevo, batería nueva. Tiene 300 horas de uso. Cualquier cosa no dudar en consultar.;;;John Deere;3420;1979;300;Luis;https://www.mercadolibre.com.ar/perfil/Luis;;;;;;;;;;
MLA1563102607;https://articulo.mercadolibre.com.ar/MLA-1563102607;ok;;;Mini Tractor American Cut 15 Hp 42  - $ 5.235.000;Encontrá más productos en Mercado Libre;;;AMERICAN CUT;15 HP;2025;;Agrocenter Rosario;https://www.mercadolibre.com.ar/perfil/Agrocenter Rosario;;;;;;;;;;
MLA2009563964;https://articulo.mercadolibre.com.ar/MLA-2009563964;ok;;;Tractor Hanomag Stark Agr4 25 Hp 4x4 - US$ 770;"PRECIO DE ANTICIPO PARA PLAN CON 13 CHEQUES/ECHEQ 

ENTREGA INMEDIATA";;;Hanomag;STARK AGR4;2025;;Agrocenter Rosario;https://www.mercadolibre.com.ar/perfil/Agrocenter Rosario;;;;;;;;;;
MLA1475123257;https://articulo.mercadolibre.com.ar/MLA-1475123257;ok;;;Minipala Cargadora Lonking Cdm312 75 Hp - US$ 4.700;"*PRECIO ANTICIPO, + CUOTAS
*CONSULTE PRECIO DE CONTADO
*CONSULTE PLANES DE FINANCIACION CON CHEQUES Y CREDITOS BANCARIOS

MINI PALA CARGADORA LONKING CDM312 - CON AIRE ACONDICIONADO

Línea:  MINI CARGADORA
Dispositivo de trabajo:  Joystick
Capacidad de carga:  1230 Kg
Altura máxima de carga:  3880 mm
Distancia de ejes:  1080 mm
Ancho de trocha:  1320 mm
Sistema de presión hidráulico:  21 Mpa
Velocidad crucero:  0 - 11.8 km/h
Velocidad crucero - Reversa}:  0 - 11.8 km/h
Motor - Modelo:  Xinchai A498BZG
Motor - Potencia:  55 kw / 75 hp
Motor - Cilindrada:  3.168 L
Voltaje Bateria:  24 v
Rodado:  12x16.5
Peso:  3700 Kg
Capacidad de balde:  0.54 m3
Dimensión - Largo:  3460 mm
Dimensión - Ancho:  1820 mm
Dimensión - Alto:  2000 mm
Dimensión - Alcance:  3060 mm
Dimensión - Altura máxima:  2440 mm
Distancia al piso:  180 mm


ENTREGA INMEDIATA

LONKING LITORAL

REPRESENTANTE OFICIAL PARA EL LITORAL ARGENTINO";;;Lonking;CDM307;2024;;Lonking Litoral;https://www.mercadolibre.com.ar/perfil/Lonking Litoral;;;;;;;;;;
MLA2009277072;https://articulo.mercadolibre.com.ar/MLA-2009277072;ok;;;Mini Cargadora Lonking Cdm307  - US$ 3.500;"*PRECIO ANTICIPO, + CUOTAS
*CONSULTE PRECIO DE CONTADO
*CONSULTE PLANES DE FINANCIACION CON CHEQUES Y CREDITOS BANCARIOS

MINI PALA CARGADORA LONKING CDM307 - CON AIRE ACONDICIONADO

Línea:  MINI CARGADORA
Dispositivo de trabajo:  Joystick
Capacidad de carga:  760 Kg
Altura máxima de carga:  3850 mm
Distancia de ejes:  1050 mm
Ancho de trocha:  1240 mm
Sistema de presión hidráulico:  21 Mpa
Velocidad crucero:  0 - 11.5 km/h
Velocidad crucero - Reversa}:  0 - 11.5 km/h
Motor - Modelo:  Xinchai A498BT1-75
Motor - Potencia:  36.8 kw / 49 hp
Motor - Torque:  180 Nm / 1800 rpm
Motor - Cilindrada:  3.168 L
Voltaje Bateria:  24 v
Rodado:  10X16.5
Peso:  2800 Kg
Capacidad de balde:  0.43 m3
Dimensión - Largo:  3320 mm
Dimensión - Ancho:  1530 mm
Dimensión - Alto:  2000 mm
Dimensión - Alcance:  2920 mm
Dimensión - Altura máxima:  2180 mm
Distancia al piso:  210 mm

ENTREGA INMEDIATA

LONKING LITORAL

REPRESENTANTE OFICIAL PARA EL LITORAL ARGENTINO";;;Lonking;CDM307;2024;;Lonking Litoral;https://www.mercadolibre.com.ar/perfil/Lonking Litoral;;;;;;;;;;
MLA1475195735;https://articulo.mercadolibre.com.ar/MLA-1475195735;ok;;;Pala Cargadora Hanomag H104 - US$ 1.850;"*PRECIO ANTICIPO, + CUOTAS
*CONSULTE PRECIO DE CONTADO
*CONSULTE PLANES DE FINANCIACION CON CHEQUES Y CREDITOS BANCARIOS

NUEVA HANOMAG H104
MOTOR DIESEL DE 45 HP 
BALDE DE 0,50 MT CUBICO
COMANDO A JOYSTICK

ENTREGA INMEDIATA

AGROCENTER ROSARIO SA";;;Hanomag;;2023;;Agrocenter Rosario;https://www.mercadolibre.com.ar/perfil/Agrocenter Rosario;;;;;;;;;;
MLA1475196383;https://articulo.mercadolibre.com.ar/MLA-1475196383;ok;;;Tractor Hanomag Stark 25 Hp Parquero - US$ 8.200;"HANOMAG STARK SPARK 25 HP
CUBIERTAS PARQUERAS (OPCIONAL AGRICOLAS CON TACO) 

ENTREGA INMEDIATA

FICHA TECNICA:
Neumáticos: 31x9.5x16 tras / 23x8.5x12 del
Dirección: Hidráulica asistida
Salida Hidráulica: 1
Fuerza de Levante: 350 Kg.
Tipo de Levante: 3 Puntos Categoría 0
Velocidad Toma de Fuerza: 540 Rpm.
Eje Toma de Fuerza: 6 Estrías
Largo: 2650 mm.
Ancho: 1220 mm.
Alto: 1235 mm.
Distancia entre Ejes: 1480 mm.
Trocha Delantera: 1020
Trocha Trasera: 970
Despeje del Suelo (desde base transmisión): 240 mm.
Peso: 960
Techo / arco anti-vuelco: No
Potencia Toma de Fuerza (KW/HP): 21 hp.
Velocidades: 6+1 (3 altas + 3 bajas + 1 retroceso)
Marcha 1: 0 - 9 Km/h
Marcha 2: 5 - 16 Km/h
Marcha 3: 6 - 25 Km/h
Marcha 4: -
Marcha 5: -
Reversa 1: 4 Km/h
Reversa 2: -
Motor Modelo: Hanomag
Motor Tipo: Diesel - Refrigerado por Agua
Motor Cilindros: 3
Tipo de cámara de combustión: Inyección directa
Motor carrera de pistones: 100/105
Potencia nominal (KW/HP): 18,8 Kw / 25 Hp
Máximas revoluciones (rpm): 2350
Consumo nominal de Combustible: 4.5 litros/hora
Aspiración nominal: Natural
Transmisión: Parquero Invertido 2WD
Tipo Sistema Eléctrico: 12 volts
Sistema de Arranque: Eléctrico
Tanque: 20 Litros";;;Hanomag;Stark;2024;;Agrocenter Rosario;https://www.mercadolibre.com.ar/perfil/Agrocenter Rosario;;;;;;;;;;
MLA1475209139;https://articulo.mercadolibre.com.ar/MLA-1475209139;ok;;;Pala Cargadora Michigan R45c - US$ 2.400;"*PRECIO ANTICIPO, + CUOTAS
*CONSULTE PRECIO DE CONTADO
*CONSULTE PLANES DE FINANCIACION CON CHEQUES Y CREDITOS BANCARIOS

NUEVA PALA MICHIGAN MODELO R45C FASE 3
ENTREGA INMEDIATA

 
Dispositivo de Trabajo: Joystick Mecánico
Capacidad de Carga: 1500 Kg
Angulo de articulación: 35º
Altura máxima de carga: 4480 mm
Sistema de frenos: Aire Servo-Asistido
Distancia entre ejes: 2250 mm
Ancho de trocha: 1490 mm
Tiempo de elevación de carga: 5 s
Presión de sistema hidráulico: 16 Mpa
Velocidad crucero - Avance: 6 - 35 Km/h
Velocidad crucero - Retroceso: 6 - 35 Km/h
Angulo maximo de subida: 30º
Motor - Modelo: Hanomag
Motor - Potencia: 54 Hp
Motor - Torque Máximo: 193 Nm
Motor - Cilindrada: 3,16 L
Sistema Electrico - Voltaje: 12 V
Caja Tipo: Powershift 4WD
Rodado Tipo: 16/70 - 20 (14PR)
Peso operativo: 4800 Kg
Capacidad de balde (hasta): 1 m³
Dimensiones- Largo total (con balde): 5560 mm
Dimensiones - Ancho: 1860 mm
Dimensiones - Alto: 2900 mm
Dimensiones - Altura máxima a perno: 3560 mm
Dimensiones - Altura máxima de descarga: 3200 mm
Radio de giro: 5280 mm
Mínima distancia al piso: 330 mm";;;Michigan;;2023;;Agrocenter Rosario;https://www.mercadolibre.com.ar/perfil/Agrocenter Rosario;;;;;;;;;;
MLA2793445862;https://articulo.mercadolibre.com.ar/MLA-2793445862;ok;;;Fiat 55 Supersom - US$ 10.000;"Tractor fiat Someca Concord supersom 55.
55 caballos.
Alta y baja.
Comando hidraulico 1 salida.
Direccion hidraulica nueva 2025.
Radiador reparado a nuevo 2025
Motor hecho 2023.
Inyectores 2023.
Bomba inyectora reparada completa 2025.
Butaca nueva 2025.
Bateria Moura nueva 2025.
Instalacion electrica, llave, luces, burro y alternador 2025.
Service completo motor enero 2026
Cambio de aceites diferencial, masas, caja de velocidades e hidraulico enero 2026.
Barra de tiro reparada a nueva.
Muy bien de neumaticos.";;;Fiat;Supersom 55;1973;;Lucas;https://www.mercadolibre.com.ar/perfil/Lucas;;;;;;;;;;
MLA1648219613;https://articulo.mercadolibre.com.ar/MLA-1648219613;ok;;;Massey Ferguson 2615 3 Puntos 55 Hp - $ 26.500.000;Tractor Massey Ferguson, 3 puntos, 55 HP, todo original, 6500 horas de uso solo para corte de pasto se uso. Motor 3 cilindros aspirado, super económico, consumo entre 2 y 3 litros hora. Completo sin desgaste y como se ve en las fotos.;;;Massey Ferguson;2615;2013;6500;Tecem Sa;https://www.mercadolibre.com.ar/perfil/Tecem Sa;;;;;;;;;;
MLA1653656259;https://articulo.mercadolibre.com.ar/MLA-1653656259;ok;;;Cosechadora Don Roque - Rv 125 - Año: 2005 - US$ 19.800;"Cosechadora Don Roque Rv 125 Año 2004

Mecánica Cummins 185 HP

Posee sistema de trilla convencional con un cilindro de alta inercia, cóncavo envolvente de 0,60 m² y 5 sacapajas con 4,75 m² de superficie de separación.

Plataforma Flexible (Flexifull) de 23 pies.

Tracción Siempre.

Precio: USD 24.000 - 50% de anticipo y 50% financiado a tasa 0%. Consultar financiación!

Los valores no incluyen IVA

Su consulta no molesta. Se puede enviar links con videos de la cosechadora y la plataforma.";;;Don Roque;RV 125;2004;;Javier;https://www.mercadolibre.com.ar/perfil/Javier;;;;;;;;;;
MLA2795698756;https://articulo.mercadolibre.com.ar/MLA-2795698756;ok;;;Tractor Deutz Fahr - US$ 9.500;Funcionando en perfecto estado, levante de tres puntos, Listo para trabajar;;;Tractor Deutz Fahr;6206 Diesel;1977;;Diego;https://www.mercadolibre.com.ar/perfil/Diego;;;;;;;;;;
MLA2772413912;https://articulo.mercadolibre.com.ar/MLA-2772413912;ok;;;Pala Cargadora Lonking Motor Desarmado - US$ 25.000;"Acepto permuta
Pala Cargadora CDM835. 
Muy buen estado. Motor desarmado.
Todos los papeles.";;;Lonking;CDM835;2014;;Andres;https://www.mercadolibre.com.ar/perfil/Andres;;;;;;;;;;
MLA2009277160;https://articulo.mercadolibre.com.ar/MLA-2009277160;ok;;;Pala Cargadora Lonking Cdm853 220 Hp Balde 3 Mts - US$ 9.000;"*PRECIO ANTICIPO, + CUOTAS
*CONSULTE PRECIO DE CONTADO
*CONSULTE PLANES DE FINANCIACION CON CHEQUES Y CREDITOS BANCARIOS

PALA CARGADORA LONKING CDM853 - BALDE 3 MTS - MOTOR 125 HP
ENTREGA INMEDIATA

FICHA TENICA:

Línea:  CARGADORAS
Dispositivo de trabajo:  Joystick hidráulico
Capacidad de carga:  5000 Kg
Ángulo de articulacion:  35º
Altura máxima de carga:  5283 mm
Sistema de frenos:  Caliper - Disco - Circuito Simple
Distancia de ejes:  2930 mm
Ancho de trocha:  2240 mm
Tiempo de elevación:  6.0 seg
Sistema de presión hidráulico:  16 mpa
Velocidad crucero:  0 - 36 km/h
Velocidad crucero - Reversa}:  0 - 16 km/h
Ángulo máximo de subida:  45º
Motor - Modelo:  Weichai WD10G220E21
Motor - Potencia:  162kw/220hp
Motor - Torque:  860Nm/1400-1600rpm
Motor - Cilindrada:  9.726 L
Voltaje Bateria:  24 V
Tipo de caja:  Powershift
Rodado:  23.5-25 L-3 16PR TT
Peso:  15800kg +/- 300kg
Capacidad de balde:  3 m3
Dimensión - Largo:  7760 mm
Dimensión - Ancho:  3000 mm
Dimensión - Alto:  3380 mm
Dimensión - Alcance:  4136 mm
Dimensión - Altura máxima:  3078 mm
Radio de giro:  35º
Distancia al piso:  556 mm

LONKING LITORAL
REPRESENTANTE OFICIAL PARA EL LITORAL ARGENTINO";;;Lonking;CDM853N;2024;;Lonking Litoral;https://www.mercadolibre.com.ar/perfil/Lonking Litoral;;;;;;;;;;
MLA1475182715;https://articulo.mercadolibre.com.ar/MLA-1475182715;ok;;;Pala Cargadora Michigan R45c Fase 3 Balde 1 Mt 60 Hp - US$ 2.400;"*VALOR ANTICPO + CUOTAS
*CONSULTE POR PRECIO DE CONTADO

NUEVA MICHIGAN R45C FASE 3 
MOTOR DE 56 HP
4X4 TRANSMISION POWERSHIFT 4WD
FRENO AIRE SERVO ASISTIDO
COVERTIDOR
JOYSTICK
BALDE 1,00 MT CUBICO
ALTURA MAXIMA DE CARGA 4480 mm
RODADO 16-70-20

ENTREGA INMEDIATA";;;Michigan;R45C III;2024;;Agrocenter Rosario;https://www.mercadolibre.com.ar/perfil/Agrocenter Rosario;;;;;;;;;;
MLA1639339197;https://articulo.mercadolibre.com.ar/MLA-1639339197;ok;;;Tractor Lutong 4x4 50 Hp  Motor Yunnei  !!! - US$ 12.500;"Tractor 4x4 Lutong rodado agricola
50 hp , diesel , reconocido motor marca Yunnei
direccion hidraulica 
toma de fuerza 6 estrias , selectora 540 y 760 rpm.
con toldo , 3 puntos y salida hidraulica doble accion
con selector de marchas para mayor comodidad 
 entrega inmediata!!
1 año de garantia local / 1000hs 
repuestos en stock !
precio publicado + iva 10.5


***antes de comprar un tractor chino , verifique que no este pagando hasta el doble por lo mismo o menos ! 

wt maquinas importador directo";;;Lutong;LTY504;2025;1000;Wirelesstigre;https://www.mercadolibre.com.ar/perfil/Wirelesstigre;;;;;;;;;;
MLA2792311382;https://articulo.mercadolibre.com.ar/MLA-2792311382;ok;;;Tractor Pauny   Con Motor Hecho Por Cuming De Ituzaingó  En - US$ 75.000;Encontrá más productos en Mercado Libre;;;Pauny;2006;2006;;Memi San;https://www.mercadolibre.com.ar/perfil/Memi San;;;;;;;;;;
MLA1626455247;https://articulo.mercadolibre.com.ar/MLA-1626455247;ok;;;Pala Cargadora Frontal Lonking - US$ 22.000;Encontrá más productos en Mercado Libre;;;Lonking;CDM 932;2022;;Ana Maria Celeste;https://www.mercadolibre.com.ar/perfil/Ana Maria Celeste;;;;;;;;;;
MLA2784835076;https://articulo.mercadolibre.com.ar/MLA-2784835076;ok;;;Alquiler De Autoelevador Clark - $ 1.200.000;"Alquiler de Autoelevador 
Por hora/dia/mes/año
Con o sin chofer
Envíos si cargo dentro de zona oeste 
Atención las 24 hs";;;Lonking;3tn;2024;24;Mauro;https://www.mercadolibre.com.ar/perfil/Mauro;;;;;;;;;;
MLA2640635424;https://articulo.mercadolibre.com.ar/MLA-2640635424;ok;;;Motor Diesel, Toma De Fuerza, Levante De 3 Puntos, 25 Hp. - US$ 7.800;tractor Hanomag 25 hp diesel, especial para desmalezado de terrenos, comuncas , municipios, muy buen precio.;;;Hanomag;stark 25 p;2025;;Cignoli Hnos;https://www.mercadolibre.com.ar/perfil/Cignoli Hnos;;;;;;;;;;
MLA1650154835;https://articulo.mercadolibre.com.ar/MLA-1650154835;ok;;;Tractor John Deere 6405, Año 2003 - US$ 28.000;No se aceptan permutas.;;;John Deere;6405;2003;;Zeni;https://www.mercadolibre.com.ar/perfil/Zeni;;;;;;;;;;
MLA1658591219;https://articulo.mercadolibre.com.ar/MLA-1658591219;ok;;;Tractor Massey Ferguson 1615l - US$ 32.000;"Tractor Massey Ferguson 1615 L
Año 2000
Impecable estado
Engache de 3 puntos, doble embrague
120hp";;;Massey Ferguson;1615 L;2000;;Tadeo;https://www.mercadolibre.com.ar/perfil/Tadeo;;;;;;;;;;
MLA2800935882;https://articulo.mercadolibre.com.ar/MLA-2800935882;ok;;;Caterpillar 420e - US$ 65.000;"Caterpillar 420E 2006, 6.300 hs de uso en excelente estado, 4 cubiertas 0km 
Patentada y titular";;;CAT;420E;2006;6300;Ian;https://www.mercadolibre.com.ar/perfil/Ian;;;;;;;;;;
MLA2810947190;https://articulo.mercadolibre.com.ar/MLA-2810947190;ok;;;Cat 938h Pala Cargadora Inmaculada Lista P Trabajar 14k Hs - US$ 110.000;Vendo Caterpillar 938h con 14.000 hs al dia y trabajando. Cuchilla y pernos de todo el balde nuevos. Empaquetaduras cilindros recien instalados. Lista para salir a trabajar;;;CAT;938H;2012;14000;Aritrans Sa;https://www.mercadolibre.com.ar/perfil/Aritrans Sa;;;;;;;;;;
MLA2797588184;https://articulo.mercadolibre.com.ar/MLA-2797588184;ok;;;Pala Cargadora Komatsu 600 - US$ 70.000;"EL PRECIO ES DOLAR BILLETE
NEUMATICA BOMBA
CAJA DE VALVULAS Y JOYSTICK NUEVOS
EXELENTE FUNCIONAMIENTO";;;Komatsu;600;1995;;Jose;https://www.mercadolibre.com.ar/perfil/Jose;;;;;;;;;;
MLA1509312187;https://articulo.mercadolibre.com.ar/MLA-1509312187;ok;;;Cargadora Frontal Xcmg Xc958 3m - US$ 95.000;"Cargadora Frontal XCMG XC958 3M3

______________________________________________

ESPECIFICACIONES:

- Motor Weichai WD10G220E21 de 165 kW (221 HP)

- Carga nominal: 5.500 kg

- Capacidad de balde: 3,2 / 3,5 m³

- Peso operativo: 17.500 kg

- Transmisión Powershift con convertidor de par 4 x 2

- Fuerza de arranque: 160 ±5 kN

- Altura máxima de descarga: 3.350 mm

- Neumáticos estándar: 23.5 – 25 L3

______________________________________________
» El valor publicado: USD 95.000 + IVA 10.5%

» Facilidad de pago: CONTADO (Consultar por financiamiento)

» Hacemos Factura A

» Ofrecemos Envíos a todo el país y retiro gratis en sucursal en CABA.

» Días y horarios de atención: de lunes a viernes de 8:00 a 13:00 y de 14:00 a 17:00 h

¡Su consulta no molesta, estamos para atenderlo!";;;Xcmg;XC958;2025;;Reyma Arg Sa;https://www.mercadolibre.com.ar/perfil/Reyma Arg Sa;;;;;;;;;;
MLA2808130342;https://articulo.mercadolibre.com.ar/MLA-2808130342;ok;;;Motor Para Riego Excelente Estado ,con Carro  E Instrumental - US$ 10.500;Encontrá más productos en Mercado Libre;;;Deutz;BF6L 913;1990;;Carlos Mauricio;https://www.mercadolibre.com.ar/perfil/Carlos Mauricio;;;;;;;;;;
MLA2790861478;https://articulo.mercadolibre.com.ar/MLA-2790861478;ok;;;Equipo Atmosférico Completo 18 M3  Listo Para Trabajar - $ 111.111;"Tanque atmosférico 2022 en muy buen estado.
Capacidad: 18.000 litros ( 6x1.90)
Material: acero al carbono
Bomba de vacío: Tuthill 5003 (funcionando correctamente)
Sistema: succión y descarga
Válvulas y tapas en buen estado

Equipo actualmente trabajando 
Se puede ver funcionando.
Ideal para camión atmosférico.

No incluye camión (solo el tanque) 
Consultas serias.

* se vende completo (tanque. Bomba. Mangueras. Tachos)
O se puede vender solo el tanque con/sin mangueras.";;;Metalúrgica San Marcos;18.000;2022;;Alejandro;https://www.mercadolibre.com.ar/perfil/Alejandro;;;;;;;;;;
MLA1629207291;https://articulo.mercadolibre.com.ar/MLA-1629207291;ok;;;Pala Cargadora 50 Hp Hy930 C/aire Acond!!  Balde 0.8 Mts!! - US$ 16.900;"Pala cargadora 50 hp diesel turbo 4 cilindros
peso de la maquina : 3500 kg
capacidad de levante : 1600kg
elevacion maxima : 4.2 mts
altura maxima de descarga : 3.2 mts
aire acondicionado ! cabina baja , tipo minera. 
traccion 4x4 
balde 0.8 mts
precio publicado + iva
entrega inmediata !
garantia 1 año / 1000 hs";;;hy930;hy930;2025;1000;Wirelesstigre;https://www.mercadolibre.com.ar/perfil/Wirelesstigre;;;;;;;;;;
MLA1649985743;https://articulo.mercadolibre.com.ar/MLA-1649985743;ok;;;"Pala Cargadora 1m3 En Uso; Acepto Permuta Por Auto - US$ 21.000";Encontrá más productos en Mercado Libre;;;Lonking;CDM816D;2019;;Alicia;https://www.mercadolibre.com.ar/perfil/Alicia;;;;;;;;;;
MLA2788294834;https://articulo.mercadolibre.com.ar/MLA-2788294834;ok;;;Tractor New Holland T7240 - US$ 139.000;Cuenta con piloto y el precio no incluye el pisa rastrojo.;;;New Holland;T7240;2020;;Marcos;https://www.mercadolibre.com.ar/perfil/Marcos;;;;;;;;;;
MLA2759930188;https://articulo.mercadolibre.com.ar/MLA-2759930188;ok;;;Tractor Parquero Husqvarna 54 - $ 7.500.000;"Excelente tractor , motor nuevo recién echa 30 horas de uso , cuchillas nuevas hace 1 mes , digno de ver y probar ! 
Muy rápido en su corte , plataforma de 54 pulgadas reforzada , versión profesional";;;Husqvarna;TS 254 G;2021;30;Cristian;https://www.mercadolibre.com.ar/perfil/Cristian;;;;;;;;;;
MLA2797419792;https://articulo.mercadolibre.com.ar/MLA-2797419792;ok;;;Cargadora Mancini Quebracho Con Uñas - US$ 20.000;"Cargadora Mancini Quebracho
Motor reparado a nuevo
Convertidor desarmado, hay que cambiar los discos

Precio en dólares billete.-

Patentada, transferencia obligatoria";;;Mancini;Quebracho;1980;;Jose;https://www.mercadolibre.com.ar/perfil/Jose;;;;;;;;;;
MLA2736144600;https://articulo.mercadolibre.com.ar/MLA-2736144600;ok;;;Cosechadora Forestal John Deere 2154d - US$ 117.450;"Cosechadora Forestal John Deere 2154D
Cuenta con cabezal Waratah 622.
Equipo se encuentra listo para su uso.";;;JOHN;2154D;2010;;Zeni;https://www.mercadolibre.com.ar/perfil/Zeni;;;;;;;;;;
MLA2797454580;https://articulo.mercadolibre.com.ar/MLA-2797454580;ok;;;Vendo Tractor John Deere 2850 - US$ 27.000;Encontrá más productos en Mercado Libre;;;John Deere;2850;1992;;Camila Micael;https://www.mercadolibre.com.ar/perfil/Camila Micael;;;;;;;;;;
MLA2797575808;https://articulo.mercadolibre.com.ar/MLA-2797575808;ok;;;Pala Cargadora Caterpillar 960f - US$ 40.000;"Pala cargadora Caterpillar 960F con convertidor reparado a 0km

Estamos en Cipolletti provincia de Rio Negro

EL PRECIO ES DOLAR BILLETE";;;CAT;960F;1999;;Jose;https://www.mercadolibre.com.ar/perfil/Jose;;;;;;;;;;
MLA2009264114;https://articulo.mercadolibre.com.ar/MLA-2009264114;ok;;;Pala Cargadora Lonking 860 3.5 Mts 6000 Kg 240 Hp - US$ 14.000;"*PRECIO ANTICIPO, + CUOTAS
*CONSULTE PRECIO DE CONTADO
*CONSULTE PLANES DE FINANCIACION CON CHEQUES Y CREDITOS BANCARIOS
ENTREGA INMEDIATA

Capacidad del Balde 3.5m³
Carga Nominal 6000kg 
Peso de Operación 20850±300kg
Fuerza de Tracción 175±3kN
L x An x Al 8610×3050×3430mm
Tipo de Motor 4 tiempos, sobrealimentación, enfriamiento por agua, inyección directa, motor diésel
Potencia Nominal 175kW(240hp)/2200rpm
Par Máximo 920N·m/1300-1600rpm
Diámetro x Carrera (mm) 126×130
Cantidad de Cilindros 6
Tanque de Combustible (L) 285L
Tipo de Cambios Control de Cambios Electrónico
Neumático 23.5-25 L-3 20PR TT

LONKING LITORAL - REPRESENANTE OFICIAL LONKING PAR A EL LITORA ARGENTINO";;;Lonking;CDM860W;2024;;Lonking Litoral;https://www.mercadolibre.com.ar/perfil/Lonking Litoral;;;;;;;;;;
MLA2009613380;https://articulo.mercadolibre.com.ar/MLA-2009613380;ok;;;Pala Cargadora Hanomag H104 Cabina - US$ 2.000;"PALA CARGADORA HANOMAG H104 CON CABINA
BALDE 0,50 MT CUBICOS

Caracteristicas Especiales
•	Control de dispositivo de trabajo: Joystick
•	Capacidad de carga: 1000 Kg
•	Angulo de articulación:
•	Altura máxima de carga: 3200 mm
•	Sistema de frenos: Patines Cintas
•	Distancia entre ejes: 1850 mm
•	Ancho de trocha: 1550 mm
•	Presión de sistema hidráulico: 16 Mpa
•	Velocidad crucero - Avance - 2 Marchas: 20 Km/h
Sistema de Transmisión y Potencia
•	Motor Modelo: Hanomag
•	Motor Potencia: 33 Kw / 45 Hp
•	Rodado - Tipo: 12-16.5
Parámetros Secundarios
•	Peso operativo: 2600 Kg
•	Capacidad de balde: 0.5 m³
•	Dimensiones - Largo total (con balde): 4295 mm
•	Dimensiones - Ancho: 1680 mm
•	Dimensiones - Alto: 2520 mm
•	Dimensiones - Altura máxima a perno: 2700 mm
•	Dimensiones - Altura máxima de descarga: 2250 mm
•	Radio de giro: 3000 mm
•	Minima distancia al piso: 230 mm";;;Hanomag;H104;2023;;Agrocenter Rosario;https://www.mercadolibre.com.ar/perfil/Agrocenter Rosario;;;;;;;;;;
MLA2009550436;https://articulo.mercadolibre.com.ar/MLA-2009550436;ok;;;Tractor Hanomag Stark Agr2 25 Hp Parquero - US$ 740;"*PRECIO ANTICIPO, + CUOTAS
*CONSULTE PRECIO DE CONTADO
*CONSULTE PLANES DE FINANCIACION CON CHEQUES Y CREDITOS BANCARIOS

TRACTOR HANOMAG STARK AGR2 CUBIERTA AGRICOLA 
4X2 (OPCIONAL 4X4)
ENTREGA INMEDIATA

FICHA TECNICA:

Neumáticos: 7.5x16 tras / 4.5x14del
Dirección: Hidráulica asistida
Salida Hidráulica: 1
Fuerza de Levante: 350 Kg.
Tipo de Levante: 3 Puntos Categoría 0
Velocidad Toma de Fuerza: 540 Rpm.
Eje Toma de Fuerza: 6 Estrías
Largo: 2650 mm.
Ancho: 1160 mm.
Alto: 1220 mm.
Distancia entre Ejes: 1480 mm.
Trocha Delantera: 940
Trocha Trasera: 950
Despeje del Suelo (desde base transmisión): 260
Peso: 960
Techo / arco anti-vuelco: No
Lastre: 960
Torque: 40 Kg.
Potencia Toma de Fuerza (KW/HP): 21 hp.
Velocidades: 6+1 (3 altas + 3 bajas + 1 retroceso)
Motor Modelo: Hanomag
Motor Tipo: Diesel - Refrigerado por Agua
Motor Cilindros: 3
Tipo de cámara de combustión: Inyección directa
Motor carrera de pistones: 100x105
Potencia nominal (KW/HP): 25 Hp
Máximas revoluciones (rpm): 2350
Consumo nominal de Combustible: 4.5 litros/hora
Aspiración nominal: Natural
Transmisión: Manual
Tipo Sistema Eléctrico: 12 volts
Sistema de Arranque: Eléctrico
Tanque: 20 Litros";;;Hanomag;STARK AGR2;2023;;Agrocenter Rosario;https://www.mercadolibre.com.ar/perfil/Agrocenter Rosario;;;;;;;;;;
MLA2805488704;https://articulo.mercadolibre.com.ar/MLA-2805488704;ok;;;Autoelevador Marca Daewoo 2.5 Ton - US$ 3.200;AUTOELEVADOR DAEWOO SD25 SDG A GAS Y NAFTA MOTOR PEFECTO TODA LA MECANICA IMPECABLE NO FUNCIONA LA CAJA COMVERTIDOR NUEVO CUANDO CALIENTA NO TRACCINA  MUY BARATO TALLER DE ELASTICOS 3200 DOLARES;;;AUTOELEVADOR DAEWOO 25;FD25;2005;;Omar;https://www.mercadolibre.com.ar/perfil/Omar;;;;;;;;;;
MLA1640522211;https://articulo.mercadolibre.com.ar/MLA-1640522211;ok;;;Caja Vaquera - $ 3.000.000;"Ancho: 2,50
Largo: 5,70
Piso en muy buen estado";;;Golondrin;80;1980;;Violeta;https://www.mercadolibre.com.ar/perfil/Violeta;;;;;;;;;;
MLA2775481516;https://articulo.mercadolibre.com.ar/MLA-2775481516;ok;;;Pala Cargadora Bamac Bxc938 3500 Kg 1,8 M3 Xcmg Liugong Sany - US$ 12.960;"La BAMAC BXC938 es una cargadora frontal de alto rendimiento, diseñada para ofrecer potencia, eficiencia y durabilidad en obras viales, agrícolas, mineras o industriales.
Equipada con motor Weichai WP6, reconocido por su confiabilidad y bajo consumo, la BXC938 combina fuerza y estabilidad con un diseño moderno y fácil mantenimiento.

Especificaciones principales

Capacidad de carga nominal: 3.500 kg

Motor: Weichai WP6 – 125 HP aprox.

Transmisión: Powershift, 2 marchas adelante / 1 marchas atrás

Peso operativo: 10.300 kg

Altura máxima de descarga: 3.050 mm

Capacidad del balde: 1,8 m³

Dirección: hidráulica articulada, suave y precisa

Ejes reforzados de servicio pesado, ideales para trabajo continuo

Cabina cerrada ROPS/FOPS, con excelente visibilidad y comodidad

Sistema hidráulico sensible a la carga para movimientos rápidos y eficientes

Ventajas

Estructura robusta y componentes de primera línea.

Bajo costo operativo y excelente rendimiento de combustible.

Fácil acceso para mantenimiento y repuestos disponibles en el país.

Ideal para carga de áridos, movimientos de suelo, acopio y tareas generales.

 -------------------------------------------------------------------------------------------------------------------------------------------------  Somos BauzaGroup, una empresa argentina con amplia experiencia en la venta de maquinaria vial, construcción, minería y agroindustria. 

Representamos marcas internacionales de primer nivel como XCMG, LGMG, BAMAC,RITMO, JEKKO entre otras.  

Nos destacamos por ofrecer:  

- Equipos de alta calidad 
- Servicio técnico especializado 
- Repuestos originales y stock permanente 
- Atención personalizada en todo el país  

En BauzaGroup trabajamos con compromiso, seriedad y acompañamiento postventa para que cada cliente encuentre la mejor solución a su necesidad.  

EL PRECIO CORRESPONDE A EL ANTICIPO.  

FINANCIAMIENTO PROPIO EN 13 CHEQUES  

FINANCIAMIENTO BANCARIO EN HASTA 60 MESES  

IMPORTANTES DESCUENTOS Y BENEFICIOS";;;BAMAC;BXC938;2025;;Bauza Group;https://www.mercadolibre.com.ar/perfil/Bauza Group;;;;;;;;;;
MLA1650193597;https://articulo.mercadolibre.com.ar/MLA-1650193597;ok;;;Retroexcavadora Om-1000-r - US$ 4.680;"Detalles:

- Peso del equipo: 1.070kg

- Profundidad de excavación: 3mt

- Alcance desde la articulación: 4,40mt

- Altura de descarga: 2.90mt

- Angulo de gira de balde: 169°

- Ancho cucharon: 18""

- Capacidad: 76Lts

- Uñas: 4 uñas de profundidad.";;;Omar Martin;OM-1000-R;2009;;Zeni;https://www.mercadolibre.com.ar/perfil/Zeni;;;;;;;;;;
MLA2801773292;https://articulo.mercadolibre.com.ar/MLA-2801773292;ok;;;Pala Cargadora Xcmg 2021 Zl50g - US$ 50.000;"PALA CARGADORA XCMG ZL50G MOD:2021

MODELO: ZL50GN 
CAPACIDAD VOLUMETRICA CARGA: 3.2 m3
CARGA MAXIMA (Kg.): 5.500 kg.
PESO TOTAL: 18.000 Kg

MOTOR: WEICHAI DEUTZ WD10225 HP - 6 CILINDROS";;;Xcmg;ZL50G;2021;;Industrias Chirino Sa;https://www.mercadolibre.com.ar/perfil/Industrias Chirino Sa;;;;;;;;;;
MLA2804843374;https://articulo.mercadolibre.com.ar/MLA-2804843374;ok;;;Massey Ferguson Mf 250 - US$ 12.000;"Único dueño. Andando. Hace 5 años se usa solo de mantenimiento usandolo para cortar el pasto con la dezmalezadora de 3 puntos. Estado general muy bueno. 


NO se aceptan permutas.";;;Massey Ferguson;MF 250;1980;;Ivan Yair;https://www.mercadolibre.com.ar/perfil/Ivan Yair;;;;;;;;;;
MLA2797575314;https://articulo.mercadolibre.com.ar/MLA-2797575314;ok;;;Mack  - $ 25.000.000;"Rodado 1200 x 24

Cipolletti, provincia de Rio Negro";;;CAT;980H;2013;;Jose;https://www.mercadolibre.com.ar/perfil/Jose;;;;;;;;;;
MLA2009105000;https://articulo.mercadolibre.com.ar/MLA-2009105000;ok;;;Mini Cargadora Lonking Cdm312 Kubota 86 Hp - US$ 5.000;"*PRECIO ANTICIPO, + CUOTAS
*CONSULTE PRECIO DE CONTADO
*CONSULTE PLANES DE FINANCIACION CON CHEQUES Y CREDITOS BANCARIOS

MINI PALA CARGADORA LONKING CDM312 - MOTOR KUBOTA 86 HP - CON AIRE ACONDICIONADO

Línea:  MINI CARGADORA
Dispositivo de trabajo:  Joystick
Capacidad de carga:  1230 Kg
Altura máxima de carga:  3880 mm
Distancia de ejes:  1080 mm
Ancho de trocha:  1320 mm
Sistema de presión hidráulico:  12 Mpa
Velocidad crucero:  0 - 11.8 km/h
Velocidad crucero - Reversa}:  0 - 11.8 km/h
Motor - Modelo:  Kubota V3600-T-E3B
Motor - Potencia:  63 kw / 86 hp
Motor - Cilindrada:  3.62 L
Voltaje Bateria:  24 v
Rodado:  12x16.5
Peso:  3700 Kg
Capacidad de balde:  0.54 m3
Dimensión - Largo:  3460 mm
Dimensión - Ancho:  1820 mm
Dimensión - Alto:  2000 mm
Dimensión - Alcance:  3060 mm
Dimensión - Altura máxima:  2440 mm
Distancia al piso:  180 mm

ENTREGA INMEDIATA

LONKING LITORAL

REPRESENTANTE OFICIAL PARA EL LITORAL ARGENTINO";;;Lonking;CDM307;2024;;Lonking Litoral;https://www.mercadolibre.com.ar/perfil/Lonking Litoral;;;;;;;;;;
MLA1475195585;https://articulo.mercadolibre.com.ar/MLA-1475195585;ok;;;Tractor Hanomag 300a 30 Hp - US$ 1.600;"*PRECIO ANTICIPO, + CUOTAS
*CONSULTE PRECIO DE CONTADO
*CONSULTE PLANES DE FINANCIACION CON CHEQUES Y CREDITOS BANCARIOS

TRACTOR HANOMAG 300A
CUBIERTA AGRICOLA CON TACOS
3 CILINDROS 28,5 HP
3 PUNTOS
DOBLE EMBRAGUE
SALIDA HIDRAULICA

CONSULTE TAMBIEN POR 300P CON CUBIERTA PARQUERA
OPCIONAL 4X4
OPCIONAL CUBIERTA PARQUERA O AGRICOLA

ENTREGA INMEDIATA";;;Hanomag;300;2024;;Agrocenter Rosario;https://www.mercadolibre.com.ar/perfil/Agrocenter Rosario;;;;;;;;;;
MLA2009625722;https://articulo.mercadolibre.com.ar/MLA-2009625722;ok;;;Tractor Hanomag 300p  - US$ 1.250;"*PRECIO ANTICIPO, + CUOTAS
*CONSULTE PRECIO DE CONTADO
*CONSULTE PLANES DE FINANCIACION CON CHEQUES Y CREDITOS BANCARIOS

TRACTOR HANOMAG 300P
CUBIERTA PRQUERA
3 CILINDROS 28,5 HP
3 PUNTOS
DOBLE EMBRAGUE
SALIDA HIDRAULICA

CONSULTE POR 300A POR CUBIERTA CON TACOS

OPCIONAL 4X4
OPCIONAL CUBIERTA PARQUERA O AGRICOLA

ENTREGA INMEDIATA";;;Hanomag;300;2024;;Agrocenter Rosario;https://www.mercadolibre.com.ar/perfil/Agrocenter Rosario;;;;;;;;;;
MLA2794608200;https://articulo.mercadolibre.com.ar/MLA-2794608200;ok;;;Tractor John Deere 5045d    2017  - US$ 22.000;Encontrá más productos en Mercado Libre;;;John Deere;5045D;2017;;Javier Francisco;https://www.mercadolibre.com.ar/perfil/Javier Francisco;;;;;;;;;;
MLA1634634039;https://articulo.mercadolibre.com.ar/MLA-1634634039;ok;;;Arrolladora John Deere 468. - US$ 32.000;Encontrá más productos en Mercado Libre;;;John Deere;468 Megawide;2010;;Tomás;https://www.mercadolibre.com.ar/perfil/Tomás;;;;;;;;;;
MLA1625091085;https://articulo.mercadolibre.com.ar/MLA-1625091085;ok;;;Fábrica Completa De Bandejas De 30 Huevos De Pulpa Moldeada - US$ 150.000;Encontrá más productos en Mercado Libre;;;Talleres Rosatto;Maplera;2015;;Miguel;https://www.mercadolibre.com.ar/perfil/Miguel;;;;;;;;;;
MLA1650077395;https://articulo.mercadolibre.com.ar/MLA-1650077395;ok;;;Forwarder 1510e - US$ 171.000;"Detalles:
* Cuenta con Grúa Forestal marca Rotobec modelo 070 Rotador RT 322HT.
* Peso 18,631 t.
* Tipo de transmisión HSM
* Longitu de Transporte 11,02m
* Altura de transporte 3,8m
* Carga util 15t
* N° de ruedas 8
* Anchura de transporte 3,086m
* Horas de trabajo: 16.106hs.";;;John Deere;Forwarder 1510E;2010;16106;Zeni;https://www.mercadolibre.com.ar/perfil/Zeni;;;;;;;;;;
MLA2765568338;https://articulo.mercadolibre.com.ar/MLA-2765568338;ok;;;Tractor Zanello 100hp Perkins Y 3 Puntos - US$ 12.000;Encontrá más productos en Mercado Libre;;;Zanello;100 HP;1980;;Sebastian;https://www.mercadolibre.com.ar/perfil/Sebastian;;;;;;;;;;
MLA1629235643;https://articulo.mercadolibre.com.ar/MLA-1629235643;ok;;;Pala Cargadora Xcmg 50gn. - US$ 47.000;PALA CARGADORA XCMG 3,5 MTS 3 CON 7600 HORAS;;;Xcmg;ZL50GN;2016;7600;Andres;https://www.mercadolibre.com.ar/perfil/Andres;;;;;;;;;;
MLA1642953535;https://articulo.mercadolibre.com.ar/MLA-1642953535;ok;;;Dicht Wicht Zahn 300 - US$ 23.000;Encontrá más productos en Mercado Libre;;;dicht wicht;300;2012;;Teodoro12006;https://www.mercadolibre.com.ar/perfil/Teodoro12006;;;;;;;;;;
MLA2797432988;https://articulo.mercadolibre.com.ar/MLA-2797432988;ok;;;Pala Cargadora 980h Año 2013 Balde De 4 Metros - US$ 130.000;Encontrá más productos en Mercado Libre;;;CAT;980;2013;;Jose;https://www.mercadolibre.com.ar/perfil/Jose;;;;;;;;;;
MLA2009563812;https://articulo.mercadolibre.com.ar/MLA-2009563812;ok;;;Tractor Hanomag Stark 500-4 50 Hp 4x4 - US$ 1.400;"VALOR ANTICIPO PARA PLAN CON 13 CHEQUES/ECHEQ MENSUALES

ENTRAGA INMEDIATA";;;Hanomag;500-4;2025;;Agrocenter Rosario;https://www.mercadolibre.com.ar/perfil/Agrocenter Rosario;;;;;;;;;;
MLA2666102428;https://articulo.mercadolibre.com.ar/MLA-2666102428;ok;;;Tolva Autodescargable Ascanelli Magnun +  Cap 41200 /33 Tn  - $ 107.000.000;"TOLVA AUTODESCARGABLE ASCANELLI 
6 RUEDAS - CAPACIDAD 33 TN 
OPCIONALES
BALANZA 
GOMAS

FINANCIACION A MEDIDA
*CHEQUES
*CREDITOS BANCARIOS
*PLAN COSECHA

ACOPLADOS CORDOBA - AGROVIAL";;;Ascanelli;Magnum 33;2025;;Acoplados Cordoba;https://www.mercadolibre.com.ar/perfil/Acoplados Cordoba;;;;;;;;;;
MLA2009277010;https://articulo.mercadolibre.com.ar/MLA-2009277010;ok;;;Pala Cargadora Lonking 932 80 Hp 1 Mt  - US$ 3.500;"*PRECIO ANTICIPO, + CUOTAS
*CONSULTE PRECIO DE CONTADO
*CONSULTE PLANES DE FINANCIACION CON CHEQUES Y CREDITOS BANCARIOS

PALA CARGADORA LONKING CDM932 II - 80 HP - 1 MT
STOCK PARA ENTREGA INMEDIATA

Línea:  CARGADORA
Dispositivo de trabajo:  Joystick
Capacidad de carga:  1500 Kg
Ángulo de articulacion:  35º
Sistema de frenos:  Caliper
Distancia de ejes:  2500 mm
Ancho de trocha:  1680 mm
Tiempo de elevación:  4 s
Sistema de presión hidráulico:  16 MPa
Velocidad crucero:  8 / 20Km/h
Velocidad crucero - Reversa}:  8 / 20 Km/h
Motor - Potencia:  60 Kw / 80 Hp
Motor - Torque:  300 Nm
Voltaje Bateria:  24 V
Rodado:  16/70-20
Peso:  5.500 Kg
Capacidad de balde:  0.8 m³
Dimensión - Largo:  5925 mm
Dimensión - Ancho:  2130 mm
Dimensión - Alto:  2950 mm
Dimensión - Alcance:  848 mm
Dimensión - Altura máxima:  3300 mm
Radio de giro:  5375 mm
Distancia al piso:  330 mm

LONKING LITORAL ARGENTINA
AGROCENTER ROSARIO SA";;;Lonking;;2024;;Lonking Litoral;https://www.mercadolibre.com.ar/perfil/Lonking Litoral;;;;;;;;;;
MLA2009257718;https://articulo.mercadolibre.com.ar/MLA-2009257718;ok;;;Pala Cargadora Lonking Cdm932 1 Mt 80 Hp - US$ 3.500;"*PRECIO ANTICIPO, + CUOTAS
*CONSULTE PRECIO DE CONTADO
*CONSULTE PLANES DE FINANCIACION CON CHEQUES Y CREDITOS BANCARIOS

PALA CARGADORA LONKING CDM932 II - 80 HP - 1 MT
STOCK PARA ENTREGA INMEDIATA

Línea:  CARGADORA
Dispositivo de trabajo:  Joystick
Capacidad de carga:  1500 Kg
Ángulo de articulacion:  35º
Sistema de frenos:  Caliper
Distancia de ejes:  2500 mm
Ancho de trocha:  1680 mm
Tiempo de elevación:  4 s
Sistema de presión hidráulico:  16 MPa
Velocidad crucero:  8 / 20Km/h
Velocidad crucero - Reversa}:  8 / 20 Km/h
Motor - Potencia:  60 Kw / 80 Hp
Motor - Torque:  300 Nm
Voltaje Bateria:  24 V
Rodado:  16/70-20
Peso:  5.500 Kg
Capacidad de balde:  0.8 m³
Dimensión - Largo:  5925 mm
Dimensión - Ancho:  2130 mm
Dimensión - Alto:  2950 mm
Dimensión - Alcance:  848 mm
Dimensión - Altura máxima:  3300 mm
Radio de giro:  5375 mm
Distancia al piso:  330 mm

LONKING LITORAL ARGENTINA
AGROCENTER ROSARIO SA";;;Lonking;CDM932;2024;;Lonking Litoral;https://www.mercadolibre.com.ar/perfil/Lonking Litoral;;;;;;;;;;
MLA1650180269;https://articulo.mercadolibre.com.ar/MLA-1650180269;ok;;;Rolo Post Desmonte Con Levante Hidraulico - US$ 7.650;"Detalles:
* 2,5Mts Ancho de labor x 1,40mts diametro total con cuchillas.
* 10 mm Espesor de chapa de tambor.
* 1 u. Lanza construida de tubo estructural 120x180x1/4
* 2 u. Cilindro 3"" con mangueras.
* 2 u. Mazas de ruedas reforzadas centro 150 y llantas 900 con cubiertas
* 110 H.P. Potencia requerida
* 2 u. Ejes centrales conectados entre si por caño Schedule 40 y refuerzo interior tipo estrella de 6 puntas en UPN 80
* 2 u. Bujes calidad Grilon (anti friccion) con porta bujes de acero abulonados a lanza.
* 80 U. Cuchillas soldadas de 127x13x25 mm con 2 escuadras refuerzo por cuchilla.
* Cuchillas calidad SAE 1045 importadas autoafilables.";;;Diego Canalis;CR 3;2014;;Zeni;https://www.mercadolibre.com.ar/perfil/Zeni;;;;;;;;;;
MLA2180888498;https://articulo.mercadolibre.com.ar/MLA-2180888498;ok;;;Cargadora Frontal Taiyang Mv960 3m - US$ 78.000;"Pala cargadora frontal Taiyang MV960 
______________________________________________

Especificaciones técnicas:

- Motor diésel STEYR 6 cilindros, refrigerado por agua

- Potencia: 217 HP (162 kW)

- Capacidad de balde: de 3 m³ 

- Carga nominal: 5.000 kg

- Peso operativo: 16.200 kg

- Transmisión power shift con convertidor de par YJH340 (2 x 1)

- Radio mínimo de giro: 7.250 mm

- Altura máxima de descarga: 3.050 mm

- Fuerza de arranque: 160 kn

- Neumáticos estándar: 23.5 – 25

______________________________________________
» Valor publicado: USD 78.000 + IVA 10.5%

» Forma de pago: CONTADO (consultar por financiamiento) 

» Hacemos Factura A

» Ofrecemos Envíos a todo el país y retiro gratis en sucursal en CABA.

» Días y horarios de atención: de lunes a viernes de 8:00 a 13:00 y de 14:00 a 17:00 h

¡Su consulta no molesta, estamos para atenderlo!";;;Taiyang;MV940;2025;;Reyma Arg Sa;https://www.mercadolibre.com.ar/perfil/Reyma Arg Sa;;;;;;;;;;
MLA1475222059;https://articulo.mercadolibre.com.ar/MLA-1475222059;ok;;;Tractor Hanomag Stark 25 Hp Agricola - US$ 740;"*PRECIO ANTICIPO, + CUOTAS
*CONSULTE PRECIO DE CONTADO
*CONSULTE PLANES DE FINANCIACION CON CHEQUES Y CREDITOS BANCARIOS

HANOMAG STARK AGR2 - CUBIERTA AGRICOLA - 25 HP

FICHA TECNICA:
Neumáticos: 7.5x16 tras / 4.5x14del
Dirección: Hidráulica asistida
Salida Hidráulica: 1
Fuerza de Levante: 350 Kg.
Tipo de Levante: 3 Puntos Categoría 0
Velocidad Toma de Fuerza: 540 Rpm.
Eje Toma de Fuerza: 6 Estrías
Largo: 2650 mm.
Ancho: 1160 mm.
Alto: 1220 mm.
Distancia entre Ejes: 1480 mm.
Trocha Delantera: 940
Trocha Trasera: 950
Despeje del Suelo (desde base transmisión): 260
Peso: 960
Techo / arco anti-vuelco: No
Lastre: 960
Torque: 40 Kg.
Potencia Toma de Fuerza (KW/HP): 21 hp.
Velocidades: 6+1 (3 altas + 3 bajas + 1 retroceso)
Marcha 1: 0 - 9 Km/h
Marcha 2: 5 - 16 Km/h
Marcha 3: 6 - 25 Km/h
Reversa 1: 4 Km/h
Motor Modelo: Hanomag
Motor Tipo: Diesel - Refrigerado por Agua
Motor Cilindros: 3
Tipo de cámara de combustión: Inyección directa
Motor carrera de pistones: 100x105
Potencia nominal (KW/HP): 18,8 Kw / 25 Hp
Máximas revoluciones (rpm): 2350
Consumo nominal de Combustible: 4.5 litros/hora
Aspiración nominal: Natural
Transmisión: Manual
Tipo Sistema Eléctrico: 12 volts
Sistema de Arranque: Eléctrico
Tanque: 20 Litros";;;Hanomag;STARK;2023;;Agrocenter Rosario;https://www.mercadolibre.com.ar/perfil/Agrocenter Rosario;;;;;;;;;;
MLA1650154931;https://articulo.mercadolibre.com.ar/MLA-1650154931;ok;;;Plantadora Forestal - Hartwich - US$ 8.100;"Plantadora Forestal de 3 puntos:
 - Incluye sistema para aplicación de Gel concentrado en la planta.
 - Cuenta con KIT de tanque y picos para aplicación de herbicida.";;;Hartwich;PA 20;2014;;Zeni;https://www.mercadolibre.com.ar/perfil/Zeni;;;;;;;;;;
MLA1633726727;https://articulo.mercadolibre.com.ar/MLA-1633726727;ok;;;Tractor De Jardín John Deere S180 0km - US$ 100;"Descripción
Tractor de Jardín John Deere S180 0KM. Motor de 24HP y plataforma de 54"".

Planes de Financiación con tarjeta de crédito o 6 y 12 Echeqs.

TURFMAX SA Concesionario Oficial John Deere";;;John Deere;S180;2025;;Turfmax S.a.;https://www.mercadolibre.com.ar/perfil/Turfmax S.a.;;;;;;;;;;
MLA2747741644;https://articulo.mercadolibre.com.ar/MLA-2747741644;ok;;;Cortadora De Cesped De Radio Cero John Deere Z325 - US$ 100;"Descripción
Cortadora de Césped de Radio Cero John Deere Z325 0km 24HP y plataforma de 48"".

Planes de Financiación con tarjeta de crédito o 6 Echeqs.

TURFMAX SA Concesionario Oficial John Deere";;;John Deere;Z325;2025;;Turfmax S.a.;https://www.mercadolibre.com.ar/perfil/Turfmax S.a.;;;;;;;;;;
MLA1644209371;https://articulo.mercadolibre.com.ar/MLA-1644209371;ok;;;Pala Cargadora Frontal Taurus Ctx926a 50 Hs 1 Mts , Aire 4x4 - US$ 23.000;"Pala Cargadora Frontal Taurus Ctx926a
usada como nueva tan solo 50 hs de uso , primer service realizado .
precio publicado + iva

Pala Cargadora CTX926A

Capacidad de balde: 1 m³
Capacidad de carga: 1.600 kg
Altura de descarga: 3.800 mm
Motor: YN33GBZ TURBO
Potencia del motor: 85 hp TURBO
Neumáticos: 16/70-20
Rodado Agricola
Velocidad máxima: 25 km/h
Peso operativo: 4.500 kg
A/C - Joystick - Camara de retroceso";;;Taurus;ctx926a;2025;50;Wirelesstigre;https://www.mercadolibre.com.ar/perfil/Wirelesstigre;;;;;;;;;;
MLA1636787187;https://articulo.mercadolibre.com.ar/MLA-1636787187;ok;;;Tractores Pauny Evo 250 2020 4x4 Vendo Ya Por Renovacion!!!! - US$ 54.999;"EMPRESA DE LOGISTICA MINERA Y AGRICOLA VENDE POR RENOVACION

TRES TRACTORES USADOS REPARADOS A NUEVO 

MARCAS AGCO ALLIIS Y PAUNY EVO 250 AÑO 2020 EN INMEJORABLE ESTADO DE USO

MANTENIMIENTO AL DIA PROPIO SEGUN LAS RUTINAS DE FÁBRICA

PRECIOS DESDE U$S 54.999.- SIN IVA OTRAS MARCAS

AGREGAR 6% MAS IVA DE COMISION DE VENTA

UNIDAD ESTACIONARIA

PARA VER Y PROBAR SOLICITAR ENTREVISTA PREVIA SIN EXCEPCIONES

FACTURACION DE ACUERDO ENTRE PARTES";;;Pauny;A250;2020;;Jorge2104;https://www.mercadolibre.com.ar/perfil/Jorge2104;;;;;;;;;;
MLA2627758732;https://articulo.mercadolibre.com.ar/MLA-2627758732;ok;;;Tractor 4x4 New Holland Tl75e 4x4 En Cordoba Envíos País - US$ 35.000;"Unidad actualmente en gral Deheza Pcia de Córdoba
Se hacen envíos a todo el país 
TRACTOR 4X4 ""NEW HOLLAND"" MOD. TL75E (NRO. DE SERIE L7ECR426217) - MOTOR ""MWM"" MOD. D229-4 (NRO. DE SERIE B1N473642) AÑO 2011 - 4 CILINDROS - TOMA DE FUERZA - 4 ENGANCHES HIDRAULICAS Y ENGANCHE DE 3 PUNTOS - 75 HP - 2400 RPM -";;;New Holland;TL75-E;2011;;Demaquinas;https://www.mercadolibre.com.ar/perfil/Demaquinas;;;;;;;;;;
MLA1590234787;https://articulo.mercadolibre.com.ar/MLA-1590234787;ok;;;Tanque Cisterna Combustible 2000lts C/bomba Y Surtidor Envio - $ 9.500.000;COD.GR7343;;;Gross;1800;2015;;Demaquinas;https://www.mercadolibre.com.ar/perfil/Demaquinas;;;;;;;;;;
MLA1590376237;https://articulo.mercadolibre.com.ar/MLA-1590376237;ok;;;Enrolladora Enfardadora John Deere 567 5x6 Rd Envíos Al País - US$ 25.000;"cod.gr8140
ENROLLADORA MARCA ""JOHN DEERE"" - MOD. 567-5X6 RD BALER - SERIE N°: E00567X187007 - TOMA DE FUERZA Y TOMA HIDRAULICA - MADE IN: USA .
Envíos a todo el país
Maquina en gral Rodríguez (cerca de Luján Pcia de Buenos Aires )";;;John Deere;567;2007;;Demaquinas;https://www.mercadolibre.com.ar/perfil/Demaquinas;;;;;;;;;;
MLA1606129613;https://articulo.mercadolibre.com.ar/MLA-1606129613;ok;;;Pala Cargadora Cat 980c Balde 4m3 15000hrs - US$ 58.000;"Vea el video funcionando
Motor cat 3406T impecable
Sistema hidraulico funcionando en perfectas condiciones
Peso operativo: 26.3Tn
Ruedas 26.5R25";;;CAT;980C;1983;;Demaquinas;https://www.mercadolibre.com.ar/perfil/Demaquinas;;;;;;;;;;
MLA2594076416;https://articulo.mercadolibre.com.ar/MLA-2594076416;ok;;;Tractor Valtra Bl88d 4x4 Cabinado 3 Puntos Operativo Envíos - US$ 28.000;"COD.GR7561
TRACTOR MARCA ""VALTRA"" - MOD. BL 88D (DH03280) - AÑO: 2010 - 4X4 - MOTOR 420DST - 4 CILINDROS -TOMA DE FUERZA -CONEXION HIDRAULICA - ENGANCHE DE PUNTO - HS: 28629 envíos a todo el país 
Operativo funcionando";;;Valtra;BL88D;2010;28629;Demaquinas;https://www.mercadolibre.com.ar/perfil/Demaquinas;;;;;;;;;;
MLA2715917838;https://articulo.mercadolibre.com.ar/MLA-2715917838;ok;;;Pala Cargadora Liugong CLG-856h, Año 2019 220hp Envíos País - US$ 35.000;"Unidad moderna y patentada 
Pala Cargadora Liugong mod. CLG 856H, año 2019, motor 220 hp, aprox. 17.752 hs de uso (no operativa, caja de trasmisión dañada)
Envíos al país 
Actualmente en Rosario en una importante cerealera";;;Liugong;CLG 856H;2019;17752;Demaquinas;https://www.mercadolibre.com.ar/perfil/Demaquinas;;;;;;;;;;
MLA2247330534;https://articulo.mercadolibre.com.ar/MLA-2247330534;ok;;;Tractor Valtra A850 4x4 Patentado Cabinado 90hp - US$ 33.000;"Vea el vídeo funcionando
2029 horas de uso
Cabinado
Unidad patentada y se entrega transferido a nombre del comprador
Envíos a todo el país";;;Valtra;A850 4X4;2010;2029;Demaquinas;https://www.mercadolibre.com.ar/perfil/Demaquinas;;;;;;;;;;
MLA2790880518;https://articulo.mercadolibre.com.ar/MLA-2790880518;ok;;;Cargadora Frontal Hengwang Hw938-104hp Turbo *iva Incluido*  - US$ 29.990;"HENGWANG 
CARGADORA FRONTAL  HW 938		
		
MOTOR:		
Marca WEIFANG - 104HP - turbo alimentado		
		
TRANSMISION:		
4WD - automática - convertidor		
		
PRESTACIONES:		
Altura maxima de descarga 3,5 mts. - Comando de pala por joystick - balde 1.3m3		
		
NEUMATICOS:		
Medida 16-70-20		
		
OTROS MODELOS DE CARGADORAS (por pedido)		
		
MODELO	POTENCIA	CAPACIDAD DE CARGA
HW 926	56 HP	CARGA NOMINAL 1,2 Tn.
HW 932	75 HP	CARGA NOMINAL 1,5 Tn.
HW 940	118 HP	CARGA NOMINAL 2,0 Tn.
HW 3T-103	125 HP	CARGA NOMINAL 3,0 Tn.
HW 5T-162	217 HP	CARGA NOMINAL 5,0 Tn.
HW 866-178	238 HP	CARGA NOMINAL 6,0 Tn.

*****EL VALOR PUBLICADO ES IVA INCLUIDO***

FINANCIACION:

-BNA CONECTA - TARJETAS PyME y AGRONACION

-CHEQUES

-FINANCIACION PROPIA CON PLANES A MEDIDA PARA CADA CLIENTE


*****PRECIO ESPECIAL PARA REVENTA******CONSULTAR*****";;;HENGWANG;HW 938;2026;;Martinoagrimaquinarias;https://www.mercadolibre.com.ar/perfil/Martinoagrimaquinarias;;;;;;;;;;
MLA2245704854;https://articulo.mercadolibre.com.ar/MLA-2245704854;ok;;;Tractor Pala Cargadora John Deere 308 Diesel Toma De Fuerza - $ 18.000.000;"Tractor con pala John Deere, original de fabrica con toma de fuerza. Motor 3 cilindros diesel, 100% operativo revisionado con mantenimiento correspondiente. Entrega Inmediata, envios a todo el pais. Vea el video funcionando.

Motor: John Deere, cigüeñal endurecido por inducción
Ciclo: Diésel 4 tiempos
N° de cilindros: 3 en línea, válvulas a la cabeza
Cojinetes de biela con respaldo de acero, cambiables.
Cilindrada (cc): 2687
Diámetro x carrera (mm): 102 x 110
Potencia en el volante (HP DIN): 45,5
Régimen (r.p.m): 2500
Par Motor (mKg DIN RPM): 22,26 @ 1450
Relación de compresión: 16,7:1
Orden de inyección: 1-3-2
Alimentación: Inyección directa lineal
Refrigeración: agua con bomba, termostato y sistema de derivación.
Lubricación: presión y salpicado con bomba rotativa accionada por tren de engranajes.
Filtro de aceite: JD T19044
Filtro hidráulico: Cartucho Ar75603.
Filtro de combustible: JD AT17387 cantidad 2
Luz de válvulas admisión/escape (mm): 0,36 / 0,46
Filtro de aire primario / secundario: en baño de aceite con predepurador seco.
Tracción: 4x2 trasera
Embrague: bidisco en seco accionado mecánicamente
Caja de cambios: SynchroRange sincronizada por grupo de 11 engranajes
Marchas: 10 (8 hacia adelante, 2 marcha atrás)
Diferencial: piñón y corona, sin reductores.
Eje delantero: oscilante con 2 vigas abulonadas.
Toma de potencia: independiente de 540 RPM a 2200 RPM de motor.
Frenos: a discos de potencia en baño de aceite
Sistema hidráulico: de centro cerrado. Presión constante y reacción instantánea.
Dirección: Hidráulica, de potencia
Rodado delantero: 7,50x18'' 8 telas.
Rodado trasero: 16,9x24'' 8 telas.
Peso (Kg): 3172
Sistema eléctrico: 12V. Batería: 2x6V 140Ah. Alternador: 12V.
Velocidades (Km/H): 3 a 30.

CAPACIDADES
Cárter (litros): 9
Refrigerante (litros): 9,1
Hidráulico y transmisión (litros): 9,1
Tanque de combustible (litros): 57
Filtro de aire (litros): 1,8
Polea (litros): 1,13

DIMENSIONES
Distancia entre ejes (mm): 2290
Largo con levante de 3 puntos (mm): 3840
Altura total (mm): 2260
Altura a la parte superior del capot (mm): 1670
Altura a la parte superior del volante de dirección (mm): 2030
Ancho mínimo (mm): 2290
Despeje al suelo (mm): 360
Radio de giro mínimo con frenos - trocha mínima - (M): 3,03
Trocha mínima/máxima (mm): 1350/1920";;;John Deere;JD 308;1980;;Demaquinas;https://www.mercadolibre.com.ar/perfil/Demaquinas;;;;;;;;;;
MLA2261247392;https://articulo.mercadolibre.com.ar/MLA-2261247392;ok;;;Tractor Kubota L3800 Japones 38hp Parquero 4x4 Usd Oficial!! - US$ 28.100;"AMG VIAL

Somos una empresa con más de 35 años de experiencia, dedicada a la comercialización de Maquinaria Vial, Agrícola y de Logística. Representamos marcas líderes en cada una de las líneas en las que trabajamos como KUBOTA en Tractores, HYVA en Hidrogruas, y LONKING en Maquinas Viales.

Brindamos un servicio integral de Garantía, Post-Venta y Repuestos. ¡Los invitamos a conocer nuestra línea completa de equipos!!!

» TRACTOR KUBOTA L3800 PARQUERO

Tractor de origen japonés ensamblado en Argentina, diseñado para trabajos frutihortícolas con su ancho mínimo de 1,228 mm. El operario tendrá una experiencia única con su asiento con suspensión sobre una plataforma que aísla las vibraciones y el calor de la transmisión. Los frenos en baño de aceite generan un andar seguro y suave.

CARACTERÍSTICAS:

• Motor Kubota diesel
• 3 Cilindros
• 38 (HP) de potencia
• Tracción 4x4
• Transmisión 8 avance & 4 retroceso
• Toma de fuerza 540 RPM
• 3 puntos con capacidad de 906 kg
• 1 Válvula de control remoto (opcional)
• Dirección asistida
• Ancho min 1.280 (mm)
• Radio de giro 2,50 (mts)
• OPCIONAL RUEDAS AGRÍCOLAS 

» GARANTÍA: 24 meses o 1500 horas !!!
+ SERVICIO TÉCNICO en todo el País
+ Contamos con stock permanente de REPUESTOS.

» FORMA DE PAGO:
Consultar por financiación sin interés.

» CONTACTO ¦ UBICACIÓN
Su Consulta No Molesta. Déjenos un teléfono de contacto, y un asesor comercial se pondrá en contacto.

* Ubicación: General Rodriguez y Monte Grande, Esteban Echeverría.";;;Kubota;L3800 Turf;2024;1500;Servicios Amg Vial;https://www.mercadolibre.com.ar/perfil/Servicios Amg Vial;;;;;;;;;;
MLA2636012658;https://articulo.mercadolibre.com.ar/MLA-2636012658;ok;;;Acoplado Playo Reforzado - $ 111.111.111;"Acoplado playo de uso agrícola
con luces y cadenas de seguridad
rodado 900 x 20 
4mts. de largo
reforzado
con capacidad para 6-8tn.";;;MAQUINARIAS IBARROLA;4MTS.;1980;;Maquinarias Ibarrola;https://www.mercadolibre.com.ar/perfil/Maquinarias Ibarrola;;;;;;;;;;
MLA1571985947;https://articulo.mercadolibre.com.ar/MLA-1571985947;ok;;;Subsolador De Arrastre Pasa Caños - US$ 111.111;"SUBSOLADOR DE ARRASTRE CON TOPO
PASACAÑOS
80 CMS. DE PROFUNDIDAD 
DISPONIBLE! 
CONSULTAR POR FINANCIACION Y DESCUENTOS ESPECIALES POR PAGO CONTADO";;;MAQUINARIAS IBARROLA;SUBSOLADOR PASACAÑOS;2025;;Maquinarias Ibarrola;https://www.mercadolibre.com.ar/perfil/Maquinarias Ibarrola;;;;;;;;;;
MLA1650130915;https://articulo.mercadolibre.com.ar/MLA-1650130915;ok;;;Tractores Linea Nueva Hanomag De 25 A 180 Hp - $ 12.250.000;"LINEA 2025 CON NUEVO DISEÑO Y MEJORES PRESTACIONES
LINEA PARQUERA
25HP 4X2 $ 11.540.000
30HP 4X2 $ 15.560.000
50HP 4X2 $ 18.390.000
LINEA AGRICOLA
25HP 4X4 $ 11.150.000
30HP 4X4 $ 16.900.000
50HP 4X4 $ 20.840.000
80HP 4X4 $ 38.490.000
100HP 4X4 $ 44.600.000
Y MAS POTENCIAS Y MODELOS.
CONTAMOS CON FLETE PROPIO Y SERVICIO POST VENTA.";;;Hanomag;DE 25 A 195HP;2025;;Jimvaltra;https://www.mercadolibre.com.ar/perfil/Jimvaltra;;;;;;;;;;
MLA2275430714;https://articulo.mercadolibre.com.ar/MLA-2275430714;ok;;;Tractor New Holland Tt4 55 / 65 / 75 0km  - US$ 1.000;"TRACTOR NEW HOLLAND TT4.55 / 65 / 75 – SIMPLE Y DOBLE TRACCIÓN

Poder, productividad y bajo costo operativo.
La línea TT4 se destaca por su diseño robusto, versatilidad y confort, ideal para todo tipo de labores agrícolas.
Fácil de operar y mantener, pensado para quienes buscan rendimiento con eficiencia.

Modelos disponibles: TT4.55 / TT4.65 / TT4.75
Opciones: Tracción simple y doble tracción
Entrega inmediata – Consultá financiación.

OSCAR POURTAU S.A. – Concesionario Oficial NEW HOLLAND
Más de 68 años de experiencia.
Maquinaria Nueva y Usada – Servicios – Repuestos – Postventa – Agricultura de Precisión (PLM)

Presencia en Buenos Aires: Brandsen, Necochea, Balcarce, Tandil y Tres Arroyos
También trabajamos con: Agrometal, Yomel, Maizco, Stihl y Michelín";;;New Holland;TT4.75;2022;;Oscar Pourtau;https://www.mercadolibre.com.ar/perfil/Oscar Pourtau;;;;;;;;;;
MLA2052517204;https://articulo.mercadolibre.com.ar/MLA-2052517204;ok;;;Acoplado Tanque Aguatero | Argenplast - $ 50.000;"EL PRECIO SE LO BRINDAMOS POR PRIVADO. EL PRECIO DE SEÑA ES SIMBOLICO!

¡FINANCIACION PROPIA!

CAPACIDADES: 6.000 | 8.000 | 10.000 | 13.000 Litros

DETALLES TECNICOS:

Características Técnicas Tanque PRFV: Los Tanques son íntegramente fabricados en PRFV (Fibra de Vidrio). Por el sistema de Moldeo Chop Hoop (Moldeo por Aspersión con Molde abierto). Con resinas aprobadas para cada caso en particular. La pared de nuestros tanques, es una combinación sólida, compuesta con Gelcoats (Capa Externa Suave y Brillante color blanco), Fibras en hilo y Tejidos Roving que Garantizan la Resistencia y Flexibilidad que necesita la estructura, para las duras exigencias del transporte de líquidos. Cuentan con un sistema de Rompeolas Patentado, que evita roturas y brindan seguridad y confianza en el producto. Las patas del tanque miden 22 cm de ancho cada una, para lograr la estabilidad máxima en su apoyo (UNICO EN EL MERCADO). Doble boca Pasa Hombre con Tapa Plástica Roscada, y conexión de Salida con descarga Absoluta.

Chasis: Plegado con chapas de 3/16 y 1/4 – 2 Ejes cuadrados 3”. Trocha 1.800 – Centro 150. Masas estándar de cinco agujeros, montado sobre cojinetes cónicos regulables. Tren delantero con Aro Giratorio de vuelta entera con aro a bolilla. Elásticos reforzados con pernos de acero. 10 Hojas Versión 6.500 y 8.000 y 13 Hojas Versión 10.500 Litros. 
Lanza antivuelco con ojo giratorio de acero, con resorte y tuerca. Llantas según rodado. Sándwich 900x20, Alta Flotación u 8.25 x 22.5 (OPCIONAL). Guardabarros en los cuatros ruedas. Escalera exterior.

Bebederos en PRFV: Se instala un bebedero trasero de 3 mts de largo x 0,60 de ancho x 0,35 profundidad con estructura de caño abullonados al chasis del equipo, para poder desmontarlos eventualmente. 

Pintura: tratamiento de fosfatizado, desengrasado, base primer y pintura poliuretánica industrial.

Más de 30 años equipando a diferentes Municipios y Comunas del País.
Proveedores Exclusivos de la Asociación de Consorcios Camineros de la Provincia de Córdoba";;;Acoplado Tanque Con Bebederos;2024;2024;;Argenplast Srl;https://www.mercadolibre.com.ar/perfil/Argenplast Srl;;;;;;;;;;
MLA2620488636;https://articulo.mercadolibre.com.ar/MLA-2620488636;ok;;;Oferta Cargador Frontal De Algodón - Con Llave Hid. Triple  - $ 11.900.000;"CARGADOR FRONTAL DE ALGODÓN DE 2.10 M3 CON SISTEMA DE PARALELOGRAMO COMPENSADOR

El canasto se mantiene en posición horizontal al levantar. Dispone del sistema hidráulico necesario para apretar el algodón y trasladar o realizar la carga de camiones sin perdidas de la carga…

Para Tractores de todas las marcas: JOHN DEERE, MASSEY FERGUSON, FIAT, DEUTZ, AGCO ALLIS, APACHE, NEW HOLLAND, PAUNY, DEUTZ FAHR, FIATAGRIPAUNY, NEW HOLLAND, VALTRA, OTRAS MARCAS

ALTURA DE LEVANTE MÁXIMO APROX. 6,20MTS.

ESTRUCTURA REFORZADA 

MODELO GCFA 210

ESTRUCTURA (BRAZOS)
Estructura reforzada tipo doble C, realizada en perfiles de chapa espesor 3/16"" plegados y soldados. El plegado interno de los perfiles C, aumenta la resistencia de los brazos otorgándole mayor rigidez al sistema.

CANASTO PARA CARGA DE ALGODÓN
Canasto totalmente reforzado, realizado con perfiles estructurales rectangulares. Con refuerzos en chapa espesores de 1/4”, 5/16"" y 3/8"". Capacidad 1,20 m3. 

Pernos y bujes en Acero SAE 1045.

Refuerzos en chapa espesores de 1/4”, 5/16"" y 3/8"".

Sistema de hidráulicos compuesto por: 5 CILINDROS
- Cilindros de 2 1/2”, con Vástagos reforzados de 38mm. Para Levante Brazos.
- Cilindros de 2 1/2”, con Vástagos reforzados de 32mm. Para el Movimiento del Canasto.
- Cilindros de 2”, con Vástagos reforzados de 32mm. Para apertura y cierre del Canasto.

Mangueras Hidráulicas de 3/8 "" R2, accesorios hidráulicos y acoples rápidos hasta control remoto.

El cargador es de fácil manejo para el operario, y gran versatilidad en usos varios, fabricada con refuerzos internos.

Sistema de enganche rápido, para la incorporación de otros accesorios. (Como el pinche para rollos), o el accesorio porta paleteé para bajar o subir carga, de camiones con fácil versatilidad sin riesgo alguno para el personal)

 Forma de pago:
-CONTADO.
- Consultar por Financiación con CHEQUES hasta 120 días.
- Consultar otras formas de pago.";;;GESER;GCFA 210;2024;;Geser Metalúrgica;https://www.mercadolibre.com.ar/perfil/Geser Metalúrgica;;;;;;;;;;
MLA2247331048;https://articulo.mercadolibre.com.ar/MLA-2247331048;ok;;;Tractor Belarus Mtz 80 C/3 Puntos Cabina Cerrada - $ 18.000.000;"Vea video funcionando
100% operativo, muy prolijo, con toma 3 puntos y cabina en buen estado

Fabricante: Belarus
Modelo: MTZ D240
Tipo de enfriamiento: Enfriado por líquido
Cilindros: 4
Cilindrada (ci): 289.8
Diámetro (in): 4.331
Carrera (in): 4.921
RPM nominales: 2200
Potencia (hp): 80";;;Belarus;MTZ80;1999;;Demaquinas;https://www.mercadolibre.com.ar/perfil/Demaquinas;;;;;;;;;;
MLA2797439616;https://articulo.mercadolibre.com.ar/MLA-2797439616;ok;;;Pala Cargadora Xcmg Lw180k. Balde 1m³ - US$ 41.900;"Características Técnicas XCMG LW180K

Carga nominal: 1.900 Kg
Capacidad nominal del balde; 1.0 m3
Peso total: 6.200 Kg
Altura de descarga 3.350 mm
Distancia de descarga (a altura máxima) 900/960 mm
Distancia entre ejes 2.300 mm
Trocha 1.550 mm
Fuerza de excavación =55 Kn
Fuerza de Tracción =45 Kn
Ciclo de carga =5 seg
Ciclo total de trabajo =8,5 seg

Radio mínimo de giro 5.180 mm
Radio mínimo de pisada 4.470 mm
Angulo de articulacion 35°
Angulo de trepada 28°
Neumáticos 16/70-20
Dimensiones Largo x Ancho x Alto: 5.980×2.060×2.950 mm
Modelo de Motor YC4D80 Perkin
Potencia 90/2400 Hp/Rpm
Velocidad de desplazamiento 1ra 9 Km/h / 2da 26 Km/";;;Xcmg;LW180K;2025;;American Vial;https://www.mercadolibre.com.ar/perfil/American Vial;;;;;;;;;;
MLA2261247364;https://articulo.mercadolibre.com.ar/MLA-2261247364;ok;;;Tractor Kubota L3800 Japones 38hp Agricola 4x4 Usd Oficial!! - US$ 25.620;"AMG VIAL

Somos una empresa con más de 35 años de experiencia, dedicada a la comercialización de Maquinaria Vial, Agrícola y de Logística. Representamos marcas líderes en cada una de las líneas en las que trabajamos como KUBOTA en Tractores, HYVA en Hidrogruas, y LONKING en Maquinas Viales.

Brindamos un servicio integral de Garantía, Post-Venta y Repuestos. ¡Los invitamos a conocer nuestra línea completa de equipos!!!

» TRACTOR KUBOTA L3800 AGRÍCOLA!

Tractor de origen japonés ensamblado en Argentina, diseñado para trabajos frutihortícolas con su ancho mínimo de 1,228 mm. El operario tendrá una experiencia única con su asiento con suspensión sobre una plataforma que aísla las vibraciones y el calor de la transmisión. Los frenos en baño de aceite generan un andar seguro y suave.

CARACTERÍSTICAS:

• Motor Kubota diesel
• 3 Cilindros
• 38 (HP) de potencia
• Tracción 4x4
• Transmisión 8 avance & 4 retroceso
• Toma de fuerza 540 RPM
• 3 puntos con capacidad de 906 kg
• 1 Válvula de control remoto (opcional)
• Dirección asistida
• Ancho min 1.280 (mm)
• Radio de giro 2,50 (mts)
• OPCIONAL RUEDAS PARQUERAS

» GARANTÍA: 24 meses o 1500 horas !!!
+ SERVICIO TÉCNICO en todo el País
+ Contamos con stock permanente de REPUESTOS.

» FORMA DE PAGO:
Consultar por financiación sin interés.

» CONTACTO ¦ UBICACIÓN
Su Consulta No Molesta. Déjenos un teléfono de contacto, y un asesor comercial se pondrá en contacto.
* Ubicación: General Rodriguez y Monte Grande, Esteban Echeverría.
amgvial.com.ar";;;Kubota;L3800;2025;1500;Servicios Amg Vial;https://www.mercadolibre.com.ar/perfil/Servicios Amg Vial;;;;;;;;;;
MLA1515457069;https://articulo.mercadolibre.com.ar/MLA-1515457069;ok;;;Tractor Kubota Mx5100 Japones 51hp Farm- 4x4- Usd Oficial!! - US$ 38.820;"AMG VIAL 

Somos una empresa con más de 35 años de experiencia, dedicada a la comercialización de Maquinaria Vial, Agrícola y de Logística. Representamos marcas líderes en cada una de las líneas en las que trabajamos como KUBOTA en Tractores, HYVA en Hidrogruas, y LONKING en Maquinas Viales. 

Brindamos un servicio integral de Garantía, Post-Venta y Repuestos. ¡Los invitamos a conocer nuestra línea completa de equipos!!! 

» TRACTOR KUBOTA MX5100

Tractor de origen japonés ensamblado en Argentina. El Kubota MX5100 es el tractor ideal para soporte a tareas agrícolas-ganaderas como acompañamientos en tareas de siembra, cosecha y post cosecha como así también en desmalezado y soporte para mixer verticales y horizontales. Posibilidad de equipar con equipo de palas y retros diseñados especialmente por la firma Omar Martin. 

CARACTERÍSTICAS:

• Motor Kubota diesel 51 (HP) de potencia
• 4 Cilindros
• Tracción 4x4
• Transmisión 8 avance & 8 retroceso con inversor
• Toma de fuerza 540 RPM
• 3 puntos con capacidad de 1.300 kg
• 3 Válvulas de control remoto (opcional) 
• Dirección hidráulica
• Ancho min 1.640 (mm)
• Radio de giro 2,70 (mts) 

» GARANTÍA: 24 Meses o 1500 Horas, lo que ocurra primero !!!
+ SERVICIO TÉCNICO en todo el País 
+ Contamos con stock permanente de REPUESTOS.

» FORMA DE PAGO: 
Consultar por financiación sin interés.

» CONTACTO ¦ UBICACIÓN
Su Consulta No Molesta. Déjenos un teléfono de contacto, y un asesor comercial se pondrá en contacto. 

* Ubicación: General Rodriguez y Monte Grande, Esteban Echeverría.";;;Kubota;MX5100;2025;1500;Servicios Amg Vial;https://www.mercadolibre.com.ar/perfil/Servicios Amg Vial;;;;;;;;;;
MLA2247084334;https://articulo.mercadolibre.com.ar/MLA-2247084334;ok;;;Tractor Zanello 220 Cabinado Operativo Pocas Hs Uso - US$ 28.000;"Vea el vídeo funcionando
Envíos al país
Cabina con aire acondicionado

Motor: Zanello W56 N
Ciclo: Diesel 4 tiempos, 7 bancadas
Aspiración: normal
Cilindrada (cm3): 5913
N° de cilindros: 6 en línea, verticales
Diámetro x carrera (mm): 97,5 x 132
Potencia (CV DIN 6270B): 125 @ 2400 RPM
Par Motor (mKg DIN @ r.p.m.): 35,4 @ 1700
Combustible: Gas-Oil
Relación de compresión: 17,7:1
Sistema de combustible: Inyección directa Zanello de pistones en línea.
Lubricación: tipo forzada con bomba de engranajes
Filtro de aceite: de paso total de papel micrométrico
Enfriado de aceite: radiador de fundición, ubicado a un costado de la cámara de agua del motor.
Filtro de aire: tipo seco con elementos filtrantes de papel micrométrico con cartucho de seguridad.
Refrigeración: agua con radiador aspirado. Control de temperatura por válvula termostática.
Tracción: 2WD trasera
Embrague: a fricción bidisco en seco de 13'' con accionamiento mecánico a pedal.
Caja de cambios: Eaton-Fuller de engranajes helicoidales en toma constante mediante
Acople: semisincronizado por engranajes internos de accionamiento manual mediante tres palancas.
Velocidades: 10 de avance (de progresión geométrica) y 2 de retroceso. Rangos: 5+1/alta y baja.
Diferenciales: piñón y corona helicoidal con cuatro satélites. Relación: 5,5:1
Traba de diferencial: de conexión por pedal y destrabe automático.
Reductor final: epicicloidal con tres satélites. Relación: 6,23:1.
Freno de servicio: a disco en baño de aceite de accionamiento hidráulico
Freno de estacionamiento: con mando a palanca manual.
Toma de potencia: totalmente independiente de la transmisión. Régimen (RPM): 540
Sistema hidráulico: de centro abierto con bomba de engranajes externos con caudal constante de 57 l/min y presión variable de 150 Kg/m2.
Control remoto: dos salidas dobles para control remoto.
Depósito de fluido: compartido con la transmisión con un filtro de mallas en aspiración con un filtro de papel micrónico descartable en el retorno.
Trocha: regulación discontinua delantera por bastidor hueco con 5 posiciones y trasera continua por deslizamiento del disco sobre el eje.
Dirección: hidrostática con sistema sensitivo.
Neumáticos delanteros: 750 x 20 de 6 telas. Estándar 1100/16 6 telas.
Neumáticos traseros: 18,4x34"" 6 telas. Estándar 23,1x30"" 6 telas y duales 18,4x34"" 6 telas.
Sistema eléctrico: 12V negativo a masa. Baterías: 1x12V 180Ah. Alternador: 12V 55A con regulador de voltaje incorporado.

DIMENSIONES
Distancia entre ejes (mm): 2700
Largo total (mm): 4210
Altura total (con cabina) (mm): 3150
Trocha anterior (mm): 1420 a 1980
Trocha posterior (mm): 1400 a 2200
Despeje del suelo (mm): 580
Altura hasta el volante (mm): 2070
CAPACIDADES
Líquido refrigerante (litros): 32
Tanque fluido hidráulico (litros): 75
Carter incluido filtro de aceite (litros): 12,5
Tanque de gasoil (litros): 2 interconectados de 170
Caja de cambios, diferencial y reductor final (litros): 48
Peso sin lastre en orden de marcha (Kg): 3150
Peso con lastre (7 delanteros y 6 traseros) y agua (kg): 4470 --rodado 18,4x34--
Peso con lastre (7 delanteros y 6 traseros) y agua (kg): 4910 --rodado 23,1x30--";;;Zanello;220;2004;;Demaquinas;https://www.mercadolibre.com.ar/perfil/Demaquinas;;;;;;;;;;
MLA1655922537;https://articulo.mercadolibre.com.ar/MLA-1655922537;ok;;;Cargadora Lonking Cdm-932 - 1 M3 - A/a - Valor Anticipo! - US$ 15.700;"» CARGADORA LONKING CDM-932

+ Motor Xinchai Yunnei Nation III
+ Potencia 80 HP.
+ Peso operativo 5.500 KG.
+ Balde de 1 m3. 
+ Comando Joystick
+ Cabina Vidriada con Visión Panorámica
+ Aire Acondicionado


» FORMA DE PAGO:
El Valor Publicado Corresponde al Anticipo + IVA (10,5%)
SALDO EN CUOTAS EN PESOS!
DOLAR OFICIAL TIPO VENDEDOR BANCO NACIÓN
Promoción Válida Hasta Agotar Stock.

Su Consulta No Molesta, Estamos para Ayudarlo!

» CANNING VIAL

Con más de 10 años de experiencia en la venta de equipos Viales, Agrícolas y de Logística, en CANNING VIAL brindamos soluciones inteligentes para satisfacer las necesidades de nuestros clientes.

Comercializamos y Representamos a marcas lideres:
# Equipos Viales LONKING
# Hidrogrúas HYVA
# Tractores SINOMACH
# Plataformas DINGLI
# Implementos Nacionales BELLMAQ, MAURO, OMAR MARTIN, YOMEL, GROSSPAL
# Implementos Importados LAND PRIDE, ZEPPELIN, SICMA

# Garantía
# Servicio Post Venta
# Repuestos";;;Lonking;CDM-932;2025;;Canning Vial;https://www.mercadolibre.com.ar/perfil/Canning Vial;;;;;;;;;;
MLA2276425658;https://articulo.mercadolibre.com.ar/MLA-2276425658;ok;;;Tractor New Holland T5.110    - US$ 1.000;"T5.110 CABINADO

PRODUCTIVIDAD Y ECONOMIA
FPT S8000 3 motores turboalimentados de 4 cilindros con hasta 27% de reserva. Mayor eficiencia con menor consumo de combustible.

VERSATILIDAD
Tractores perfectos para la multitarea de tu finca.

DISEÑO MODERNO
¡Lo que ya era el mejor de su categoría ahora es también el más hermoso!

COMODIDAD DEL OPERADOR
Cabina espaciosa, segura y con excelente visibilidad.

OSCAR POURTAU SA - Concesionario Oficial NEW HOLLAND
Agrometal, Yomel, Maizco, Stihl Y Michelín.
 
Venta de Maquinaria Agrícola Nueva y Usada.
Servicios y REPUESTOS. Posventa.
Agricultura de Precisión (PLM).
 
Buenos Aires --> Brandsen // Necochea // Balcarce // Tandil // Tres Arroyos
----------------

Estamos en provincia de Buenos Aires:
-> BRANDSEN
-> NECOCHEA
-> BALCARCE
-> TANDIL
-> TRES ARROYOS
 
OSCAR POURTAU SA
Mas de 68 años en el sector";;;New Holland;T5.110;2022;;Oscar Pourtau;https://www.mercadolibre.com.ar/perfil/Oscar Pourtau;;;;;;;;;;
MLA1475718159;https://articulo.mercadolibre.com.ar/MLA-1475718159;ok;;;Pala Cargadora Taurus Ctx 926 Serie || -  1mt Metro - 100 Hp - US$ 37.900;"CTX 926 Serie ll

Consultar financiación con el vendedor
El precio no incluye IVA
ENTREGA INMEDIATA

Capacidad de carga: 1.800 kg
Capacidad de balde: 1,0 m3
Altura máxima de descarga: 4.350 mm
Potencia del motor: 100 hp
Peso Operativo: 5.570 kg
Distancia del suelo: 350 mm
Velocidad máxima: 25 km/h
Neumáticos: 16/70-20
Rodado Agrícola
Dimensiones: 5750x2050x2700 mm
Aire Acondicionado, Joystick, Cámara de retroceso


#GrupoTaurus | #InnovacionConstante";;;Pala Cargadora Taurus;CTX 926 Serie ll;2024;;Grupo Taurus;https://www.mercadolibre.com.ar/perfil/Grupo Taurus;;;;;;;;;;
MLA2052618410;https://articulo.mercadolibre.com.ar/MLA-2052618410;ok;;;Estiercoleras | Argenplast - $ 50.000;"EL PRECIO SE LO BRINDAMOS POR PRIVADO. EL PRECIO DE SEÑA ES SIMBOLICO!

CONSULTAR POR FORMAS DE PAGO | ¡FINANCIACION PROPIA!

Pioneros en el Desarrollo y Producción de Estercoleras para Succión y Distribución de Abono líquido con Mezcla de Sólidos.

Logramos el MEJOR PRECIO DEL MERCADO Porque Producimos ÍNTEGRAMENTE Nuestros Equipos en Fábrica. SIN TERCEROS

Bomba Lobular 1.100 Litros x Minuto.
Tanques PRFV (fibra de vidrio) / Para Toda la Vida
Chasis Extra Reforzados. Pensados para Soportar las Duras Exigencias del Transporte de Líquidos sobre el Barro. 

INCLUYEN CUBIERTAS, FILTRO DE ASPIRACION CON MANGUERA Y CARDAN. (Listas para Trabajar)";;;Estiercolera Argenplast;A-5.000 | A-6.000 | A-8.000 | A-10.000 | A-13.000 | A-15.000;2024;;Argenplast Srl;https://www.mercadolibre.com.ar/perfil/Argenplast Srl;;;;;;;;;;
MLA2765447212;https://articulo.mercadolibre.com.ar/MLA-2765447212;ok;;;Retropala Caterpillar - Pala Y Retro Cat 416 F2 - Año 2016 - US$ 65.000;"Pala Retro Caterpillar CAT 416 F2
Año: 2016
Km/ hs: 8132..
El precio está expresado en USD (DOLARES AMERICANOS) y es + IVa.
Equipo patentado, se debe transferir.";;;CAT;416 F2;2016;8132;Biscayne;https://www.mercadolibre.com.ar/perfil/Biscayne;;;;;;;;;;
MLA1583543463;https://articulo.mercadolibre.com.ar/MLA-1583543463;ok;;;Tractor Roland H060 Serie E - US$ 16.429;"Motor 4 tiempos, inyección directa, diesel
Doble tracción
Dimensiones generales: 2750 x 1220 x 2040
Peso: 1410 kg (sin contrapeso)
Caja de transmisión: 8 de avance + 2 retroceso
Embrague seco, simple efecto
Frenos en seco
Dirección hidráulica
Velocidad máxima: 29km/h
Elevador 3 puntos de alta presión, 1060kg en punto de enganche";;;Roland H;RH060 E;2025;;Roland H;https://www.mercadolibre.com.ar/perfil/Roland H;;;;;;;;;;
MLA2301041820;https://articulo.mercadolibre.com.ar/MLA-2301041820;ok;;;Pala Cargadora Xcmg Zl50gn - US$ 45.000;"Pala Cargadora XCMG - ZL50GN

¡VALOR EXPRESADO EN DOLAR OFICIAL!

Descripción: 
Año: 2016.
Horas de uso: 7.138 hs
Equipo 100% operativo y disponible. 
-Tiene un balde de 3 m³ y 5.000 kg de capacidad de carga. 
-Equipada con motor diésel turbo alimentado de 225 hp a 2,200 rpm. 
-Con rodados neumáticos 23.5×25 L3
-Transmisión tipo PowerShift de dos marchas hacia adelante y una hacia atrás, opcionalmente con transmisión de cuatro marchas hacia adelante y dos hacia atrás con accionamiento eléctrico. 
-Peso operativo 18.000Kg. 
-Cabina confortable cerrada y panorámica tipo ROPS, con diseño moderno y practico que permite un desempeño exigente con gran comodidad para la operación.

UBICACIÓN: Los Cardales, Prov. de Buenos Aires, Argentina.

¿QUIENES SOMOS?

Maquin-ar es el primer sitio web en Argentina especializado en la compra y venta de maquinaria. Somos una empresa comprometida con facilitar la gestión comercial de maquinaria en diversos sectores de la actividad económica, ofreciendo un espacio seguro, confiable y eficiente para comprar y vender equipos usados.

¿QUE NOS DIFERENCIA?

Maquin-ar se destaca por su alcance y atención al cliente en todo el país. Contamos con:

Cobertura nacional: Comercialización en 24 provincias de Argentina.
Atención personalizada: Disponible las 24 horas, los 7 días de la semana.
Red de talleres: Más de 150 talleres zonales distribuidos en todo el país.
Financiación exclusiva: Línea de financiación bancaria para equipos usados.
Certificación de equipos: Todos los equipos tienen posibilidad de ser certificados a través de Worklift.
Gestores especializados: Un equipo de 50 gestores comerciales con amplia experiencia en el negocio de compra-venta de maquinaria usada.

Con Maquin-ar, garantizamos un proceso de compra y venta ágil, seguro y con el respaldo de expertos en el sector.";;;Xcmg;ZL50GN;2016;7138;Maquinar;https://www.mercadolibre.com.ar/perfil/Maquinar;;;;;;;;;;
MLA2182800640;https://articulo.mercadolibre.com.ar/MLA-2182800640;ok;;;Cosechadora De Forrajes De Picado Fino - $ 112.212.121;"COSECHADORA DE FORRAJES DE PICADO FINO CNF 2352
VERSION NUEVA 2352: ES UNA MAQUINA ROBUSTA, SIMPLE, DE MNIMO MANTENIMIENTO Y BAJO COSTO OPERATIVO. APTA PARA TRABAJAR EN TODO TIPO DE CULTIVOS.
EL SISTEMA DE CORTE POR HELICE PERMITE TRABAJAR EN CORTE DIRECTO DE PRADERAS, SORGOS SEMBRADOS A 17 CM, 35 CM, ALFALFA, AVENA, CENTENO, TRIGO, ETC. TAMBIEN SE PUEDE UTILIZAR EN LEVANTE DE HILERAS DE PREOREADAS.
SISTEMA DE ACOPLE AL TRACTOR: DE ARRASTRE
SISTEMA DE PICADO:POR CILINDRO PICADOR
ACCIONAMIENTO: TOMA POTENCIA DEL TRACTOR
DIÁMETRO DEL CILINDRO: 600 MM.
REVOLUCIONES DE LA TOMA DE POTENCIA STÁNDAR 540 RPM.
OPCIONAL 1000 RPM.
ANCHO DEL CILINDRO: 500 MM.
POTENCIA REQUERIDA: 70 HP PARA PRADERAS.
100 HP PARA MAÍZ. CANTIDAD DE CUCHILLAS: 16 RECTAS EN V
ANCHO DE CORTE: CON CABEZAL MAICERO: STÁNDAR 2 SURCOS A 70 CM,
OPCIONAL 2 SURCOS A 52 CM.
SIN CABEZAL MAICERO: 145 CM.
CANT. DE CONTRACUCHILLAS:
REVOLUCIONES DEL CILINDRO:
GIRO DE TUBO DE DESCARGA:
MOVIMIENTO DEL DEFLECTOR:4 REGISTRABLES
1440 RPM HIDRÁULICO
ELÉCTRICO SIST. DE CORTE Y ALIMENT.: POR HÉLICE.
RODADOS: 600 X 16 (DOS)
ALTURA DE CORTE: MÍN. 5 CM - MÁX. 30 CM.
LEVANTE DE LA MÁQUINA: HIDRÁULICO
UNA MÁQUINA ROBUSTA, SIMPLE, DE MÍNIMO MANTENIMIENTO Y BAJO COSTO OPERATIVO. TODO ESTO SUMADO A LA POSIBILIDAD QUE LE BRINDA EN TRABAJAR EN TODO TIPO DE CULTIVOS, LA CONVIERTEN EN LA MÁQUINA IDEAL.
EL SISTEMA DE CORTE POR HÉLICE LE PERMITE TRABAJAR EN CORTE DIRECTO DE PRADERAS, SORGOS SEMBRADOS A 17 CM, 35 CM, ALFALFA, AVENA, CENTENO, TRIGO, ETC.. TAMBIÉN ES POSIBLE SU USO EN LEVANTE DE HILERAS DE PREOREADAS.";;;Fraga;PICADORA CNF;2025;;Maquinarias Ibarrola;https://www.mercadolibre.com.ar/perfil/Maquinarias Ibarrola;;;;;;;;;;
MLA1493080183;https://articulo.mercadolibre.com.ar/MLA-1493080183;ok;;;Minicargadora Sk1100 Minipala Cabinada Full Contado Finan - US$ 35.500;"MINICARGADORA HZM SK1100 –MEJOR PRECIO
 Nueva – Compacta, potente y versátil- La mejor opción para trabajos exigentes, con servicio técnico y repuestos en todo el país 

Capacidad operativa: 900 kg
Peso operativo: 3210 kg
Bomba hidráulica italy PWG 80 lts/m
Motor Xinchai – 4 cilindros. Potencia máxima: 60 HP
Balde de 0.5 m3
Cabina cerrada con aire acondicionado
Servicio técnico y repuestos en todo el país
 VALOR PUBLICADO POR PAGO CONTADO EN USD. CONSULTE FINANCIACIÓN PROPIA con cheques en 6/12/18 meses
INDUSTRIAL Y COMERCIAL SRL";;;iyc vial;SK1100;2025;;Iyc Srl;https://www.mercadolibre.com.ar/perfil/Iyc Srl;;;;;;;;;;
MLA2057401008;https://articulo.mercadolibre.com.ar/MLA-2057401008;ok;;;Extractora De Granos Eisen Usada - $ 9.000.000;Encontrá más productos en Mercado Libre;;;Eisen;EXTRACTORA DE GRANOS;2018;;Maquinarias Ibarrola;https://www.mercadolibre.com.ar/perfil/Maquinarias Ibarrola;;;;;;;;;;
MLA1473941857;https://articulo.mercadolibre.com.ar/MLA-1473941857;ok;;;Tractor 25hp Parquero Con Desmalezadora Promo!  Financiado!  - US$ 11.900;"FINANCIAMOS!!! 30% de anticipo y hasta 10 cheques fijos en pesos!!!!!
No dejes de aprovechar esta promoción!!

Llegó la época de mantener en perfecto estado tu parque, campo o quinta!!
Tractor Chery By Lion de 25HP con ruedas parqueras + Cortadora de Césped de 3 cuchillas y ruedas regulables en altura!!!
Tractor Chery de 25hp, con toma de fuerza, levante de 3 puntos, salida hidráulica, ruedas parqueras.";;;Chery Bylion;RD250A;2021;;American Agro;https://www.mercadolibre.com.ar/perfil/American Agro;;;;;;;;;;
MLA2290470596;https://articulo.mercadolibre.com.ar/MLA-2290470596;ok;;;Comedero Rectangular Autoconsumo Para Ganado 6500 Kg - US$ 3.499,34;"FORMA DE PAGO 12 VALORES (0 a 330 días) IVA incluido.

CARACTERISTICAS
Comedero vacuno, ovino construido en chapa galvanizada reforzada y totalmente abulonado.
Techo de protección y puerta reforzado de gran tamaño superior, accionamiento mediante palanca desde el piso. Regulación continua de salida de alimento.
Equipamiento standart con patines de arrastre.
C-6500 capacidad 6,5T de maíz, (comen 140 animales grandes promedio).
Altura total: 235 cm
Ancho total: 285 cm
Largo: 317 cm
Largo de las bandejas: 300 cm (una a cada lado)
Altura del fondo de la bandeja: 40 cm
Dimensiones de transporte desarmado: 295 x 150 x 40 cm (patín)
Patines de perfil conformado en 3/16 con enganche para arrastre.
Cono interno de 45° galvanizado.


Opcionales:
-Pintura interior epoxi
-Consultar por versión con bandeja de acero inoxidable.
-Importante descuento por pago contado.";;;FADESI;C-6500;2025;;Fadesisrl;https://www.mercadolibre.com.ar/perfil/Fadesisrl;;;;;;;;;;
MLA1473926433;https://articulo.mercadolibre.com.ar/MLA-1473926433;ok;;;Tractores Chery Bylion 30hp 4x4 - Financiación Propia - - US$ 13.000;"TRACTOR NUEVO Chery By LION con enganche de 3 puntos 30HP! 
Parquero y Agricola
Toma de Fuerza 540/1000 RPM
POTENCIA (HP) 30 
Capacidad tanque de comb. L 29 
SISTEMA DE TRANSMISION 
Número de marchas 8 de avance + 2 de retroceso 
Min/max KM/h Avance 1,71-26/Retroceso 2,05-7,20 
Mecanismo de dirección Hidraulica 
Embrague Doble embrague-Seco 
SISTEMA HIDRÁULICO 
Tipo de bomba Engranaje (Centro abierto) 
Bomba L/min 20 
Valvulas de control remoto 2 de doble acción 
Suspensión de 3 puntos Cat 1 
Capacidad de levante a 610mm en kg 433

DISTRIBUYE AMERICAN AGRO";;;Chery Bylion;RD304;2024;;American Agro;https://www.mercadolibre.com.ar/perfil/American Agro;;;;;;;;;;
MLA1473941999;https://articulo.mercadolibre.com.ar/MLA-1473941999;ok;;;Tractor 70hp 4x4  Pala Y Pinche Rollos - Financiado C/cheque - US$ 36.900;"Características Técnicas Principales:

• Peso Operativo:               3100 Kg.  
• Capacidad de levante 610 mm:      1450Kg.
• Potencia nominal del motor:       80HP.
• Válvulas de control remoto:            2 de Doble acción
• Toma de Fuerza:                    540/1000 RPM
• Suspensión de 3 Puntos:              Categoría 2


Motor:

• Modelo:    Tecnología Perkins II.  
• Potencia:    75 HP @ 2.300 r.p.m.
• Tipo de Motor:   De cuatro tiempos y 4 (tres) cilindros en línea.
• Tipo de Inyección:  Bomba mecánica y lineal de inyección directa. 

Transmisión:

• Marca:     ZOOMLION   
• Tipo:     Caja semi-sincronizada (con Inversor)
• Tracción                 4x4.   
• Embrague                Doble en Seco.    
• Marchas de Avance:  Doce
• Marchas de Retroceso:  Doce.

Sistema de Freno:

• De Servicio:        A Disco.
• Cantidad de Discos:   Uno (1) por rueda.
• De Estacionamiento:   De accionamiento manual y mecánico.";;;Chery Bylion;RK704;2024;;American Agro;https://www.mercadolibre.com.ar/perfil/American Agro;;;;;;;;;;
MLA2260291376;https://articulo.mercadolibre.com.ar/MLA-2260291376;ok;;;Tractor Kubota B2401 Japones 24hp Agricola 4x4  - US$ 15.820;"AMG VIAL 

Somos una empresa con más de 35 años de experiencia, dedicada a la comercialización de Maquinaria Vial, Agrícola y de Logística. Representamos marcas líderes en cada una de las líneas en las que trabajamos como KUBOTA en Tractores, HYVA en Hidrogruas, y LONKING en Maquinas Viales. 

Brindamos un servicio integral de Garantía, Post-Venta y Repuestos. ¡Los invitamos a conocer nuestra línea completa de equipos!!! 

» TRACTOR KUBOTA B2401 AGRICOLA

Tractor de origen japonés ensamblado en Argentina. Ideal para uso en invernaderos, productores de frutas y hortalizas.
Sencillez operacional, bajo costo de mantenimiento y durabilidad son sus principales atributos.

CARACTERÍSTICAS:

• Motor Kubota diesel
• 3 Cilindros
• 24 (HP) de potencia
• Tracción 4x4
• Transmisión 9 avance & 3 retroceso
• Toma de fuerza 540 & 960 RPM
• 3 puntos con capacidad de 630 kg
• 2 Válvulas de control remoto (opcional) 
• Dirección asistida
• Ancho min 1.115 (mm)
• Radio de giro 2,10 (mts) 
• Opcional RUEDAS PARQUERAS 

» GARANTÍA: 24 meses o 1500 horas !!!
+ SERVICIO TÉCNICO en todo el País 
+ Contamos con stock permanente de REPUESTOS.

» FORMA DE PAGO: 
Consultar por financiación sin interés.

» CONTACTO ¦ UBICACIÓN
Su Consulta No Molesta. Déjenos un teléfono de contacto, y un asesor comercial se pondrá en contacto. 

* Ubicación: General Rodriguez y Monte Grande, Esteban Echeverría.";;;Kubota;B2401 Farm;2025;1500;Servicios Amg Vial;https://www.mercadolibre.com.ar/perfil/Servicios Amg Vial;;;;;;;;;;
MLA2637520570;https://articulo.mercadolibre.com.ar/MLA-2637520570;ok;;;Pala Y Retro Liangong M44 Ii - 4x4 - US$ 7.780;"M44 II
Potente motor Weichai WP4.1G95E221D de 100 HP.
Peso operativo 8200 Kg.
Doble tracción 4x4.
Operación del balde por Joystick hidráulico.
Cabina ROPS/FOPS, moderna con Amplia visibilidad.
Vidrios ""French Green"" anti UV.
Aire Acondicionado.
Butaca ergonométrica ajustable. 
Parabrisa desmontable con guías.

EL PRECIO PUBLICADO CORRESPONDE A ANTICIPO EN DOLARES AMERICANOS. TIPO DE CAMBIO PESO – DÓLAR DEL DÍA DE LA VENTA DEL EQUIPO. LOS PRECIOS NO INCLUYEN IVA, FLETE, SEGURO, PATENTAMIENTO.
PROMOCIÓN VÁLIDA HASTA AGOTAR STOCK.
LAS IMÁGENES SON DE CARÁCTER ILUSTRATIVO AL PRODUCTO PROMOCIONADO

SU CONSULTA NO MOLESTA . UN ASESOR COMERCIAL SE PONDRÁ EN CONTACTO CON USTED
CASA MATRIZ: Garín (Escobar)
SUCURSALES Y DISTRIBUIDORES OFICIALES EN TODO EL PAÍS
CONSULTE POR LA LÍNEA COMPLETA DE RETROEXCAVADORAS LIANGONG.

PLANES DE FINANCIACIÓN A MEDIDA
REPUESTOS - GARANTÍA - POST VENTA
VENTA DE EQUIPOS VIALES: para la construcción, movimiento de suelo, energía, forestal, agro, petróleo y logística

BISCAYNE MÁS DE 50 AÑOS - PRESENTES EN TODO EL PAÍS
Con una trayectoria de más de 50 años en el mercado de maquinaria vial, y una moderna Casa Central con talleres de ensamblado, Pre Entrega y Reparación de Equipos en la localidad de Garín, Biscayne brinda Garantía, Servicio Post-Venta y Repuestos con el respaldo de un servicio integral confiable, de calidad y con proyección comercial a largo plazo.
Conozca sus diez líneas de productos: Cargadoras, Motoniveladoras, Compactadores, Retroexcavadoras, Pala Y Retro, Mini Palas, Terminadoras, Topadoras, Autoelevadores y Plataformas de elevación";;;LIANGONG;M44 II;2026;;Biscayne;https://www.mercadolibre.com.ar/perfil/Biscayne;;;;;;;;;;
MLA2247006192;https://articulo.mercadolibre.com.ar/MLA-2247006192;ok;;;Tractor Con Pala Massey Ferguson Motor Perkins 4 Operativo - $ 12.000.000;"Tractor con pala Masey Ferguson, tracción 4 x 2, motor Perkins, de 4 cil., dirección hidráulica, toma de fuerza mecánica con acople de bomba hidráulica para implemento de pala frontal
Envíos a todo el país, 100% operativo, mire el video funcionando";;;Masey Ferguson;MF65;1980;;Demaquinas;https://www.mercadolibre.com.ar/perfil/Demaquinas;;;;;;;;;;
MLA2142896882;https://articulo.mercadolibre.com.ar/MLA-2142896882;ok;;;Cargadora Frontal Volvo L120f - US$ 100.000;"PALA CARGADORA VOLVO L120F CON ENTREGA INMEDIATA
VALORES EXPRESADOS EN USD OFICIALES BNA TIPO DE CAMBIO VENDEDOR.

Ficha técnica:

Año: 2007
Motor: Volvo D7E LAE3
HP: 241 
Horas: 15.552
Peso: 19.2TN
Capacidad de balde: 3,4 m3
Rodado: 23.5 R25, 750/65 R25

Contamos con financiacion.

-¿PORQUE ELEGIRNOS?

Más de 25 años en el mercado avalan nuestra seriedad comercial, lo que nos permite ubicarnos entre las empresas líderes en la comercialización de maquinaria vial, minera y para la construcción.

En WELMAQ tenemos la mejor atención y predisposición para solucionar los distintos requerimientos de empresas constructoras y de servicios, adaptándose efectivamente a la situación económica y tecnológica del país.";;;Volvo;L120F;2007;15552;Welmaq S A;https://www.mercadolibre.com.ar/perfil/Welmaq S A;;;;;;;;;;
MLA2126594780;https://articulo.mercadolibre.com.ar/MLA-2126594780;ok;;;Tractor Sinomach S-4025 - 25 Hp - 4x4 - Parquero - Anticipo! - US$ 6.900;"» TRACTOR SINOMACH S-4025

+ Potencia 25 HP.
+ Tracción 4x4
+ Rodado Parquero
+ Doble salida hidráulica
+ Levante 3 puntos
+ Toma de fuerza 540/1000 RPM.
+ Barra antivuelco y techo
+ Peso operativo 1.470 KG.

» FORMA DE PAGO:
El Valor Publicado Corresponde al Anticipo + IVA (10,5%)
SALDO EN CUOTAS EN PESOS!
DOLAR OFICIAL TIPO VENDEDOR BANCO NACIÓN
Promoción Válida Hasta Agotar Stock.

Su Consulta No Molesta, Estamos para Ayudarlo!

» CANNING VIAL

Con más de 10 años de experiencia en la venta de equipos Viales, Agrícolas y de Logística, en CANNING VIAL brindamos soluciones inteligentes para satisfacer las necesidades de nuestros clientes.

Comercializamos y Representamos a marcas lideres:
# Equipos Viales LONKING
# Hidrogrúas HYVA
# Tractores SINOMACH
# Plataformas DINGLI
# Implementos Nacionales BELLMAQ, MAURO, OMAR MARTIN, YOMEL, GROSSPAL

# Garantía
# Servicio Post Venta
# Repuestos";;;SINOMACH;S-4025;2025;;Canning Vial;https://www.mercadolibre.com.ar/perfil/Canning Vial;;;;;;;;;;
MLA1485947777;https://articulo.mercadolibre.com.ar/MLA-1485947777;ok;;;Pala Cargadora Shantui L36 2m3 Motor Weichai 125 Hp.  - US$ 59.900;"Hannover Maquinarias es una empresa dedicada a la importación directa y representación oficial en Argentina de equipamiento pesados marca LONKING, JAC, SHANTUI, EVERUN, LUNA ALG. Conformado por profesionales de distintas áreas, abocados a brindar a nuestros clientes un asesoramiento completo y detallado a la hora de seleccionar el equipo correcto que cubra la amplia gama de usos y necesidades que se presenten.

Un equipo de personas esta preparado para brindarte una gran experiencia desde un primer contacto hasta en nuestro servicio integral de Garantía, Post-Venta y Repuestos.

Pala Cargadora SHANTUI L36
- Motor DEUTZ WEICHAI/WP6G125E22, de 125 Hp.
- Balde de 1.8 m3.
- Operación del Balde por Joystick Hidráulico.
- Posicionador del balde Automático.
- Capacidad de levante de 3500kg.
- Corte de Balde (Fin de Recorrido).
- Circuito de Frenos Independientes.
- Freno de Estacionamiento Neumático.
- Rodado L3 de alta TRACCION.
- Cabina Vidriada ROPS FOPS con Visión Panorámica.
- Aire Acondicionado Frío/Calor. Radio, MP3.
- Peso Operativo 10.620KG.

Financiación a medida – Tomamos tu máquina usada como parte de pago.

HANNOVER MAQUINARIAS – Representante de SHANTUI en Argentina.

Shantui Construction Machinery Co., Ltd. se fundó en 1993 .Shantui es una empresa estatal que cotiza en bolsa y filial de Shandong Heavy Industry Group. Shantui se encuentra entre los 50 principales fabricantes mundiales de maquinaria de construcción y entre las 500 principales empresas manufactureras de China.

Venta de máquinas NUEVAS

Venta de máquinas USADAS reacondicionadas.

Repuestos / Servicio Técnico / Mantenimiento

Realizamos el servicio de postventa y reparación de tu máquina.

Estamos para atenderte los 365 días del año las 24hs!";;;SHANTUI;L36;2025;24;Hannovermaquinarias;https://www.mercadolibre.com.ar/perfil/Hannovermaquinarias;;;;;;;;;;
MLA1491148809;https://articulo.mercadolibre.com.ar/MLA-1491148809;ok;;;Mini Tractor Corta Malezas Roland H T-rex 4wd 23hp - US$ 14.931;"El Tractor Desmalezador Profesional ROLAND H T-REX 4x4 es un equipo de alto rendimiento ideal para la limpieza y mantención de espacios verdes y/o agrestes en terrenos llanos, irregulares y hasta escarpados.
Sube pendientes de hasta 25º y resulta muy maniobrable en espacios reducidos.
 
Posee un Motor Briggs & Stratton Bicilíndrico VANGUARD 23HP.
TRANSMISIÓN HIDROSTÁTICA con TRACCIÓN INTEGRAL 4x4 Tuff Torq K664.
BLOQUEO DIFERENCIAL accionado mediante palanca.
Posición de conducción ergonómica con reposabrazos, volante con pomo y pantalla con indicadores de información básicos.
DIMENSIONES: 2350 x 1160 x 1740 mm (L x Ancho x Alto)
PESO: 398 Kg.
Unidad de Corte Desmalezador de 92cm de ancho.
OPCIONAL Plataforma de corte de Césped de 110cm y 132cm.
Amplia variedad de Accesorios Disponibles para su uso durante todo el año.
 
*ORIGEN EUROPEO

-.-.-.-.-.-.-.-.-

> IMPORTANTE: 

-EL PRECIO PUBLICADO ES FINAL, INCLUYE EL IVA DEL 10,5%

-LOS PRECIOS ESTÁN EXPRESADOS EN DÓLARES ESTADOUNIDENSES

-TIPO DE CAMBIO A DÓLAR OFICIAL VENTA BNA 

-PRECIO EN FÁBRICA (NO INCLUYE FLETE A CONCESIONARIO NI OTROS TRASLADOS)  

-FOTOS A MODO ILUSTRATIVO

-EL PRECIO PUBLICADO TIENE DESCUENTO QUE CORRESPONDE AL PAGO DE CONTADO

-CONSULTA POR FINANCIACIONES DISPONIBLES Y ENTREGA INMEDIATA EN CONCESIONARIOS";;;Roland H;T-Rex 4WD;2025;;Roland H;https://www.mercadolibre.com.ar/perfil/Roland H;;;;;;;;;;
MLA1598184951;https://articulo.mercadolibre.com.ar/MLA-1598184951;ok;;;Pala Cargadora Liangong 835 Motor Deutz Balde 1.8m3 - US$ 6.518;"Cargadora 835
. Original Deutz Weichai WP6G125E332 
. Balde de 1,8 m3.
. Capacidad de levante de 3500 kg.
. Cabina vidriada con visión panorámica.
. Tablero de control envolvente.
. Aire acondicionado: frío-calor.

EL PRECIO PUBLICADO CORRESPONDE A ANTICIPO EN DOLARES AMERICANOS. TIPO DE CAMBIO PESO – DÓLAR DEL DÍA DE LA VENTA DEL EQUIPO. LOS PRECIOS NO INCLUYEN IVA, FLETE, SEGURO, PATENTAMIENTO.
PROMOCIÓN VÁLIDA HASTA AGOTAR STOCK.
LAS IMÁGENES SON DE CARÁCTER ILUSTRATIVO AL PRODUCTO PROMOCIONADO

SU CONSULTA NO MOLESTA . UN ASESOR COMERCIAL SE PONDRÁ EN CONTACTO CON USTED
CASA MATRIZ: Garín (Escobar)
SUCURSALES Y DISTRIBUIDORES OFICIALES EN TODO EL PAÍS

- CONSULTE LA LÍNEA COMPLETA DE CARGADORAS LIANGONG

PLANES DE FINANCIACIÓN A MEDIDA
REPUESTOS - GARANTÍA - POST VENTA
VENTA DE EQUIPOS VIALES: para la construcción, movimiento de suelo, energía, forestal, agro, petróleo y logística

BISCAYNE MÁS DE 50 AÑOS - PRESENTES EN TODO EL PAÍS
Con una trayectoria de más de 50 años en el mercado de maquinaria vial, y una moderna Casa Central con talleres de ensamblado, Pre Entrega y Reparación de Equipos en la localidad de Garín, Biscayne brinda Garantía, Servicio Post-Venta y Repuestos con el respaldo de un servicio integral confiable, de calidad y con proyección comercial a largo plazo.
Conozca sus diez líneas de productos: Cargadoras, Motoniveladoras, Compactadores, Retroexcavadoras, Pala Y Retro, Mini Palas, Terminadoras, Topadoras, Autoelevadores y Plataformas de elevación";;;Liangong;835;2025;;Biscayne;https://www.mercadolibre.com.ar/perfil/Biscayne;;;;;;;;;;
MLA1650088797;https://articulo.mercadolibre.com.ar/MLA-1650088797;ok;;;Pala Cargadora Iyc Vial 922 De 1m3 Ind Arg Financ 12 / 18 - US$ 33.000;"NUEVA PALA CARGADORA FRONTAL IYC VIAL INDUSTRIA NACIONAL
Modelo: C 922 de 1m3 4X4
Equipos nuevos, confiables, durables y el mejor precio y financiación.
Mejor valor de contado de Argentina!

VALOR PUBLICADO POR MONTODE LA CUOTA 100% FINANCIADA EN CUOTAS FIJAS EN PESOS CON CHEQUES

Datos Técnicos:
PESO OPERATIVO: 5.500 Kgs.
CAPACIDAD DE LEVANTE: 1.800 Kgs.
MOTOR: CUMMINS / 100 HP con Turbo
CAPACIDAD DE BALDE: 1 m3
TRANSMISIÓN: Axial Full PowerShift
RODADO: 16/70-20
Dirección Hidráulica articulada
Tercer vía hidráulica
Entrega Inmediata.


Consulte financiaciónes, tenemos un plan a su medida.


INDUSTRIAL Y COMERCIAL SRL";;;iyc vial;c 922;2025;;Iyc Srl;https://www.mercadolibre.com.ar/perfil/Iyc Srl;;;;;;;;;;
MLA1473939081;https://articulo.mercadolibre.com.ar/MLA-1473939081;ok;;;Tractor Cabina 4x4 80hp Chery Tipo Jhon Deere - Financiado - US$ 28.100;"FINANCIACIÓN PROPIA - 30% DE ANTICIPO Y 10 CHEQUES !!! ENTREGA INMEDIATA!!!

Características Técnicas Principales:

• Peso Operativo: 3200 Kg. 
• Capacidad de levante 610 mm: 1450Kg.
• Potencia nominal del motor: 80HP.
• Válvulas de control remoto: 2 de Doble acción
• Toma de Fuerza: 540/1000 RPM
• Suspensión de 3 Puntos: Categoría 2


Motor:

• Modelo: Tecnología Perkins II. 
• Potencia: 80 HP @ 2.300 r.p.m.
• Tipo de Motor: De cuatro tiempos y 4 (tres) cilindros en línea.
• Tipo de Inyección: Bomba mecánica y lineal de inyección directa. 

Transmisión:

• Marca: CHERY 
• Tipo: Caja semi-sincronizada (con Inversor)
• Tracción 4x4. 
• Embrague Doble en Seco. 
• Marchas de Avance: Doce (12).
• Marchas de Retroceso: Doce (12).

Sistema de Freno:

• De Servicio: A Disco.
• Cantidad de Discos: Uno (1) por rueda.
• De Estacionamiento: De accionamiento manual y mecánico.

Accesorios y Misceláneas:

• Caja con Herramientas.
• Manual para el Operador y Mantenimiento.
• Manual completo con despiece del equipo.";;;Chery;RK754;2024;;American Agro;https://www.mercadolibre.com.ar/perfil/American Agro;;;;;;;;;;
MLA2005096902;https://articulo.mercadolibre.com.ar/MLA-2005096902;ok;;;Tractor Chery C/ Pala 45hp  4x4 - Tipo Jhon Deere Financiado - US$ 26.400;"MODELO Chery RD404 Agrícola
Financiación propia!! 50% contado y 6 cheques sin interés!!!!!
DOBLE TRACCIÓN (4X4)
MOTOR Diésel 4 cilindros, 4 tiempos, inyección directa. Refrigerado por agua, tecnología Perkins.
 
 
ASPIRACION Natural
POTENCIA (HP) 45
Desplazamiento, cm3 1833
PTO (HP) 38
Velocidad de rotación (RPM) 2350
Capacidad tanque de comb. L 29
SISTEMA DE TRANSMISION 
Número de marchas 8 de avance + 2 de retroceso
Min/max KM/h Avance 1,71-26/Retroceso 2,05-10,2
Mecanismo de dirección Hidráulica
Embrague Doble embrague-Seco
Bloqueo de diferencial Mecánico
FRENOS 
Freno principal Disco Seco
Accionamiento Mecánico
Freno de estacionamiento SI
TOMA DE FUERZA (PTO) 
PTO, Rpm 540/1000 RPM
Nro de estrías/ Diametro 6 estrìas 35 mm
Barra de Tiro 
Barra de Tiro Oscilante
SISTEMA HIDRÁULICO 
Tipo de bomba Engranaje (centro Abierto)
Bomba L/min 35
Valvulas de control remoto 1
Suspensión de 3 puntos Cat 1
Capacidad de levante a 610mm en kg 615
DIMENSION 
Longitud total, mm 3312
Latitud total mm 1524
Altitud mm 2556
Distancia e ejes mm 1708
Trocha delantera 1215/1050
Trocha Trasera 960/1460
min distancia al suelo mm 290
minimo radio de giro mm 2900
Peso, kg 1435
LLANTAS 
AG/ Delantera/trasera 6.5-16/9.5-24";;;Chery;RK404 Agricola;2024;;American Agro;https://www.mercadolibre.com.ar/perfil/American Agro;;;;;;;;;;
MLA2005096470;https://articulo.mercadolibre.com.ar/MLA-2005096470;ok;;;Tractor Viñatero  Frutero 4x4 Tipo J Deere - Financiado - US$ 18.100;"Características Técnicas Principales:

• Peso Operativo:                  1700 Kg.  
• Capacidad de levante 610 mm:      615 Kg.
• Potencia nominal del motor:          45 HP.
• Válvulas de control remoto:              2 de Doble acción
• Toma de Fuerza:                      540/1000 RPM
• Suspensión de 3 Puntos:                Categoría 1
• Neumáticos:                   6 x 12/9.5-20
 Motor:

• Marca:     498BT de tecnología Perkins II.  
• Potencia:        43 HP 2.300 r.p.m.
• Tipo de Motor:       De cuatro tiempos y 4 (tres) cilindros en línea.
• Tipo de Inyección:   Bomba mecánica y lineal de inyección directa. 

Transmisión:

Marca:              ZOOMLION   
• Mecanismo de Direccion          Hidraulica
• Tipo:          Caja semi-sincronizada (con Inversor)
• Tracción                       4x4.   
• Embrague                     Doble en Seco.    
• Marchas de Avance:     Dieciséis (8).             
• Marchas de Retroceso:        Dieciséis (2).
Sistema de Freno:
• De Servicio:        A Disco.
• Cantidad de Discos:   Uno (1) por rueda.
• De Estacionamiento:   De accionamiento manual y mecánico.








Dimensiones Generales:

• Largo Total:   3.100 MM.
• Ancho Total:   1.400 MM.  
• Altitud    1.755 MM.";;;Chery Bylion;RD404 Viñatero;2021;;American Agro;https://www.mercadolibre.com.ar/perfil/American Agro;;;;;;;;;;
MLA1605223521;https://articulo.mercadolibre.com.ar/MLA-1605223521;ok;;;Autoelevador Todo Terreno Tractor Elevador Ford 4600 - US$ 19.500;"Motor:

Tipo: 3 cilindros, 3.3 litros (3,294 cm²)
Opciones de combustible: Diésel o gasolina
Potencia: Hasta 60 hp (44.7 kW) a 2,200 rpm
Diámetro y carrera del cilindro: 112.0 mm (4.41 pulgadas)

Transmisión:
Tipo: Engranaje con embrague de disco seco
Velocidades: 8 adelante, 2 atrás
Toma de fuerza (PTO): Independiente, 540 rpm
Sistema hidráulico: Centro abierto
Capacidad de elevación trasera: 3080 lbs (1397 kg)
Frenos: Frenos de disco húmedos mecánicos
Dirección: Dirección asistida

Dimensiones:
Distancia entre ejes: 84.5 pulgadas (214.6 cm)
Peso: 2700kg";;;Ford;4600;1981;;Demaquinas;https://www.mercadolibre.com.ar/perfil/Demaquinas;;;;;;;;;;
MLA2571583268;https://articulo.mercadolibre.com.ar/MLA-2571583268;ok;;;Tractor Roland H040 Serie E - US$ 15.081;"Motor 4 tiempos, inyección directa, diesel
Doble tracción
Dimensiones generales: 2750 x 1220 x 2040
Peso: 1410 kg (sin contrapeso)
Caja de transmisión: 8 de avance + 2 retroceso
Embrague seco, simple efecto
Frenos en seco
Dirección hidráulica
Velocidad máxima: 29km/h
Elevador 3 puntos de alta presión, 1060kg en punto de enganche";;;Roland H;RH040 E;2025;;Roland H;https://www.mercadolibre.com.ar/perfil/Roland H;;;;;;;;;;
MLA2436513086;https://articulo.mercadolibre.com.ar/MLA-2436513086;ok;;;Pala Cargadora Frontal Para Tractores Hanomag 500 - $ 6.000.000;"PALA CARGADORA FRONTAL CON PARALELOGRAMO COMPENSADOR
El balde se mantiene en posición horizontal al levantar.

PARA TRACTORES HANOMAG LINEA 500 

MODELO GS-610

ESTRUCTURA (BRAZOS)
Estructura reforzada tipo doble C, realizada en perfiles de chapa espesor 3/16"" plegados y soldados. El plegado interno de los perfiles C, aumenta la resistencia de los brazos otorgándole mayor rigidez al sistema.

BALDE DE CARGA
Capacidad aprox. 1/2m3, ancho 1,50m, totalmente reforzado. Cuchilla inferior balde y refuerzos inferiores para evitar desgastes. Además tiene un sobrevuelo para abulonar y dar mas capacidad para carga liviana.

Pernos y Bujes de Acero SAE 1045.

Refuerzos en chapa de espesores 1/4” | 5/16"" y 3/8"".

Sistema de Hidráulico: compuesto por 4 cilindros.
 - Cilindros de 2,5”, con Vástagos reforzados de 38,1mm. Para Levante Brazos.
 - Cilindros de 2,5”, con Vástagos reforzados de 38,1mm. Para el Movimiento Balde de Carga.

Mangueras Hidráulicas de 3/8 "" R2, accesorios hidráulicos y acoples rápidos hasta control remoto.

Altura de levante máximo aprox. 3,20 metros. 

SISTEMA DE ACOPLE RÁPIDO, para la incorporación de otros accesorios, como el Pinche para Rollos, Accesorio Porta Pallet, Accesorio para carga de Big-Bag, entre otros.

Pala de fácil manejo para el operario, y gran versatilidad en usos varios, fabricada con refuerzos internos.

Opcional:
 - Accesorio Pinche para Rollos.

Forma de pago:
 - CONTADO.
 - Financiación con CHEQUES a plazos 0/30/60 días.
 - Consultar otras formas de pago.";;;GESER;GS-610;2025;;Geser Metalúrgica;https://www.mercadolibre.com.ar/perfil/Geser Metalúrgica;;;;;;;;;;
MLA2580981758;https://articulo.mercadolibre.com.ar/MLA-2580981758;ok;;;Pala Cargadora Volvo L60f No Caterpillar 924 938 Nqnmaq - $ 49.900.000;"Pala cargadora Volvo L60F 2008 7.000 mil horas en excelentes condiciones muy buen estado para salir a trabajar hoy mismo.

Balde de 2.5M3

Patentada maquina a toda prueba o revisión.

Valor $49.900.000
Iva a conversar.";;;Volvo;L60F;2008;;Nqnvial Ventas;https://www.mercadolibre.com.ar/perfil/Nqnvial Ventas;;;;;;;;;;
MLA2269893580;https://articulo.mercadolibre.com.ar/MLA-2269893580;ok;;;Pala Cargadora John Deere 644b Balde 2m3 13000kg 160hp Turbo - US$ 35.000;"Pala cargadora JD 644b en excelente estado. 100% operativa trabajando actualmente. Service al dia, bomba inyectora y transmision hechos a nuevo.
Se hace factura y envíos al país

Especificaciones:
Balde:
Capacidad Max: 1.91 m3
Ancho: 2660 mm

Dimensiones:
Largo con Balde en piso: 6042mm
Altura Tope de cabina: 3240mm

Motor:
N° de Cilindros: 6
Gross Power: 160 HP
Aspiracion: Turbocharged
Desplazamiento 8.8L

Operativo
Peso operativo: 12746 kg

Capacidad de
Combustible: 212 L
Hidraulico: 66.3 L
Aceite de Motor: 20.9 L
Transmisión: 37 L

Transmisión: Power Shift Planetario
4 Cambios hacia delante
2 Cambios de reversa
Max Velocidad delante: 41.5 km/h
Max Velocidad reversa: 16.4 km/h";;;John Deere;644b;1990;;Demaquinas;https://www.mercadolibre.com.ar/perfil/Demaquinas;;;;;;;;;;
MLA2276425620;https://articulo.mercadolibre.com.ar/MLA-2276425620;ok;;;Tractor New Holland Tt3.50 - US$ 1.000;"Tractor New Holland TT3.50

OSCAR POURTAU SA - Concesionario Oficial NEW HOLLAND
Agrometal, Yomel, Maizco, Stihl Y Michelín.

Venta de Maquinaria Agrícola Nueva y Usada.
Servicios y REPUESTOS. Posventa.
Agricultura de Precisión (PLM).

Buenos Aires --> Brandsen // Necochea // Balcarce // Tandil // Tres Arroyos";;;New Holland;TT3.50;2025;;Oscar Pourtau;https://www.mercadolibre.com.ar/perfil/Oscar Pourtau;;;;;;;;;;
MLA2149475562;https://articulo.mercadolibre.com.ar/MLA-2149475562;ok;;;Tractor Sinomach S-4040 - 40 Hp - 4x4 - Agrícola - Anticipo! - US$ 7.700;"» TRACTOR SINOMACH S-4040

+ Potencia 40 HP.
+ Tracción 4x4
+ Rodado Agrícola
+ Doble salida hidráulica
+ Levante 3 puntos
+ Toma de fuerza 540/1000 RPM.
+ Barra antivuelco y techo
+ Peso operativo 1.570 KG.

» FORMA DE PAGO:
El Valor Publicado Corresponde al Anticipo + IVA (10,5%)
SALDO EN CUOTAS EN PESOS!
DOLAR OFICIAL TIPO VENDEDOR BANCO NACIÓN
Promoción Válida Hasta Agotar Stock.

Su Consulta No Molesta, Estamos para Ayudarlo!

» CANNING VIAL

Con más de 10 años de experiencia en la venta de equipos Viales, Agrícolas y de Logística, en CANNING VIAL brindamos soluciones inteligentes para satisfacer las necesidades de nuestros clientes.

Comercializamos y Representamos a marcas lideres:
# Equipos Viales LONKING
# Hidrogrúas HYVA
# Tractores SINOMACH
# Plataformas DINGLI
# Implementos Nacionales BELLMAQ, MAURO, OMAR MARTIN, YOMEL, GROSSPAL

# Garantía
# Servicio Post Venta
# Repuestos";;;SINOMACH;S-4040;2025;;Canning Vial;https://www.mercadolibre.com.ar/perfil/Canning Vial;;;;;;;;;;
MLA2137502740;https://articulo.mercadolibre.com.ar/MLA-2137502740;ok;;;Tractor Lovol Tx1204 120hp 4x4 - US$ 58.500;"Tractor nuevo diésel 120 hp motor Weichai
Con regulador de potencia
Tracción 4x4
Con inversor de marchas
Sistema de tres puntos y salidas hidráulicas 
Cabina con aire acondicionado y excelente insonorización
Apertura de ambas puertas y ventana trasera
Asiento regulable con suspensión. 
Robusto, compacto, confortable y eficiente
. 
PRECIO PUBLICADO SIN IVA
Distribución en todo el país a través de nuestra red comercial
Asistencia postventa 
Producto con garantía de fábrica
TBDL distribuidor oficial en Argentina";;;Lovol;TX1204;2025;;Turbodisel;https://www.mercadolibre.com.ar/perfil/Turbodisel;;;;;;;;;;
MLA2005120786;https://articulo.mercadolibre.com.ar/MLA-2005120786;ok;;;Tractor Roland H 070hp Turbo Cabinado Con Ruedas Agricolas - US$ 25.561;"CARACTERÍSTICAS: 
 
Motor 4 cilindros, inyección directa, diesel, turbo
Doble tracción
Dimensiones generales: 3660x1640x2580
Peso: 2070kg 
Caja de transmisión: 8 de avance + 8 de retroceso
Embrague seco, doble efecto, no independiente
Frenos: en seco
Dirección hidráulica
Velocidad máxima: 29km/h
Elevador 3 puntos de alta presión, 1500kg en punto de enganche
Doble salida hidráulica, 28 L/min
Sistema economizador de combustible


-.-.-.-.-.-.-.-.-.-.-.-.-.-.-.-.-

> IMPORTANTE: 
 
*EL PRECIO PUBLICADO ES FINAL, INCLUYE EL IVA DEL 10,5%
*LOS PRECIOS ESTÁN EXPRESADOS EN DÓLARES ESTADOUNIDENSES
*TIPO DE CAMBIO A DÓLAR OFICIAL VENTA BNA 
*PRECIO EN FÁBRICA (NO INCLUYE FLETE A CONCESIONARIO NI OTROS TRASLADOS)  
*FOTOS A MODO ILUSTRATIVO
*EL PRECIO PUBLICADO TIENE DESCUENTO QUE CORRESPONDE AL PAGO DE CONTADO
*CONSULTA POR FINANCIACIONES DISPONIBLES Y ENTREGA INMEDIATA EN CONCESIONARIOS";;;Roland H;RH070 T;2025;;Roland H;https://www.mercadolibre.com.ar/perfil/Roland H;;;;;;;;;;
MLA2098415220;https://articulo.mercadolibre.com.ar/MLA-2098415220;ok;;;Pala Iron 930 1m3 - US$ 29.500;Pala frontal 1 m3;;;Pala Iron 930 S 1m3;cxmg;2024;;Info Maquinas1910;https://www.mercadolibre.com.ar/perfil/Info Maquinas1910;;;;;;;;;;
MLA1491047809;https://articulo.mercadolibre.com.ar/MLA-1491047809;ok;;;"Arenadora De Césped - Capacidad 300kg Para Tractor - Maq&amp;maq - US$ 2.614";"ARENADORA DE CÉSPED YF-A300

> CARACTERÍSTICAS:

Capacidad de tolva 300 KG
 
SISTEMA DE CRIQUET para el traslado de la máquina sin que accione el sistema (cilindro).
Trabaja por gravedad y se utiliza para la difusión de arena y/o tierra fina.
ANCHURA DE ESPARCIDO AJUSTABLE Y REGULABLE.
Ideal para el mantenimiento de campos deportivos, chacras y jardines.

-.-.-.-.-.-.-.-

> IMPORTANTE: 

-EL PRECIO PUBLICADO ES FINAL, INCLUYE EL IVA DEL 10,5%

-LOS PRECIOS ESTÁN EXPRESADOS EN DÓLARES ESTADOUNIDENSES

-TIPO DE CAMBIO A DÓLAR OFICIAL VENTA BNA 

-PRECIO EN FÁBRICA (NO INCLUYE FLETE A CONCESIONARIO NI OTROS TRASLADOS)  

-FOTOS A MODO ILUSTRATIVO

-EL PRECIO PUBLICADO TIENE DESCUENTO QUE CORRESPONDE AL PAGO DE CONTADO

-CONSULTA POR FINANCIACIONES DISPONIBLES Y ENTREGA INMEDIATA EN CONCESIONARIOS";;;Maq&Maq;YF-A300;2024;;Roland H;https://www.mercadolibre.com.ar/perfil/Roland H;;;;;;;;;;
MLA1491123073;https://articulo.mercadolibre.com.ar/MLA-1491123073;ok;;;"Recolector De Césped Para Cuatriciclos, Mini Tractor Maq&amp;maq - US$ 2.616";"RECOLECTOR DE CÉSPED YF - R1500 PROMAX

 > CARACTERÍSTICAS:

(Depósito: 0.82 M3. Ancho de Trabajo: 1.45 mts)
 
ESTRUCTURA ROBUSTA: puede ser impulsado por cualquier vehículo chico.
SISTEMA DE RECOLECCIÓN: Se acciona con la tracción de sus ruedas, por medio de un mecanismo con crique que hace girar los cepillos. Este a su vez, evita que el sistema gire al retroceder.
SISTEMA DE VACIADO DEL RECOLECTOR REMOTO
Implemento ideal para el mantenimiento de campos deportivos, chacras y grandes jardines.
 
-.-.-.-.-

> IMPORTANTE:

-EL PRECIO PUBLICADO ES FINAL, INCLUYE EL IVA DEL 10,5%

-LOS PRECIOS ESTÁN EXPRESADOS EN DÓLARES ESTADOUNIDENSES

-TIPO DE CAMBIO A DÓLAR OFICIAL VENTA BNA 

-PRECIO EN FÁBRICA (NO INCLUYE FLETE A CONCESIONARIO NI OTROS TRASLADOS)  

-FOTOS A MODO ILUSTRATIVO

-EL PRECIO PUBLICADO TIENE DESCUENTO QUE CORRESPONDE AL PAGO DE CONTADO

-CONSULTA POR FINANCIACIONES DISPONIBLES Y ENTREGA INMEDIATA EN CONCESIONARIOS";;;Maq&Maq;YF- PROMAX;2024;;Roland H;https://www.mercadolibre.com.ar/perfil/Roland H;;;;;;;;;;
MLA2060340880;https://articulo.mercadolibre.com.ar/MLA-2060340880;ok;;;"Sembradora Lineal Maq&amp;maq  - US$ 1.050";"PARA H001, CUATRICICLO, MINITRACTOR Y TRACTOR

SEMBRADORA LINEAL / DESPARRAMADORA CAUCHO YF-SL1000

> CARACTERÍSTICAS: 

Capacidad de tolva 150 KG
 
ESPARCIDOR VERSÁTIL: Trabaja por gravedad y se utiliza para la difusión de semilla, caucho o fertilizante granulado y/o tierra muy fina.
Ideal para el mantenimiento de canchas sintéticas, campos deportivos, chacras y grandes jardines.
ANCHURA DE ESPARCIDO REGULABLE.
 
-.-.-.-.-.-.-

> IMPORTANTE: 

-EL PRECIO PUBLICADO ES FINAL, INCLUYE EL IVA DEL 10,5%

-LOS PRECIOS ESTÁN EXPRESADOS EN DÓLARES ESTADOUNIDENSES

-TIPO DE CAMBIO A DÓLAR OFICIAL VENTA BNA 

-PRECIO EN FÁBRICA (NO INCLUYE FLETE A CONCESIONARIO NI OTROS TRASLADOS)  

-FOTOS A MODO ILUSTRATIVO

-EL PRECIO PUBLICADO TIENE DESCUENTO QUE CORRESPONDE AL PAGO DE CONTADO

-CONSULTA POR FINANCIACIONES DISPONIBLES Y ENTREGA INMEDIATA EN CONCESIONARIOS";;;Maq&Maq;YF-SL1000;2024;;Roland H;https://www.mercadolibre.com.ar/perfil/Roland H;;;;;;;;;;
MLA1491008743;https://articulo.mercadolibre.com.ar/MLA-1491008743;ok;;;"Pulverizadora De Arrastre 210 Litros Maq&amp;maq - US$ 2.895";"PARA H001, CUATRICICLO, MINITRACTOR Y TRACTOR de BAJA POTENCIA

PULVERIZADORA DE ARRASTRE YF-P210LTS (Capacidad Tanque: 210LTS Ancho Trabajo: 4.30MT)

> CARACTERÍSTICAS: 
 
TANQUE DE POLIETILENO con protección UV.
EQUIPAMIENTO: Posee una BOMBA 12V, una cuba para la succión total del caldo preparado, un SISTEMA PARA FILTRADO Y MEZCLADO CONTINUO del producto, posee una VÁLVULA REGULADORA DE PRESIÓN y un COMANDO DE ENCENDIDO/APAGADO A DISTANCIA. BOTALÓN PLEGABLE en 2 tramos, con regulación horizontal y vertical. Ideal para tratamientos de herbicidas, insecticidas, fungicidas, fertilizaciones foliares.

-.-.-.-.-.-
 
> IMPORTANTE: 

-EL PRECIO PUBLICADO ES FINAL, INCLUYE EL IVA DEL 10,5%

-LOS PRECIOS ESTÁN EXPRESADOS EN DÓLARES ESTADOUNIDENSES

-TIPO DE CAMBIO A DÓLAR OFICIAL VENTA BNA 

-PRECIO EN FÁBRICA (NO INCLUYE FLETE A CONCESIONARIO NI OTROS TRASLADOS)  

-FOTOS A MODO ILUSTRATIVO

-EL PRECIO PUBLICADO TIENE DESCUENTO QUE CORRESPONDE AL PAGO DE CONTADO

-CONSULTA POR FINANCIACIONES DISPONIBLES Y ENTREGA INMEDIATA EN CONCESIONARIOS";;;Maq&Maq;YF-P210LTS;2024;;Roland H;https://www.mercadolibre.com.ar/perfil/Roland H;;;;;;;;;;
MLA1495375749;https://articulo.mercadolibre.com.ar/MLA-1495375749;ok;;;Tractor Cortacesped Cub Cadet Giro Cero Ultima Zt 1  - $ 16.500.000;"Motor OHV V-Twin OHV de 24 HP/725 cc Kohler serie 7000, el motor OHV ofrece potencia de alto rendimiento y un funcionamiento excepcionalmente suave y silencioso
Las transmisiones hidrostáticas duales permiten velocidades de avance rápidas y sin esfuerzo de 12KM/h (6KM/h en reversa) que dejan su césped con un acabado de calidad profesional
54 pulgadas Plataforma fabricada con AeroForce que ofrece un corte característico con menos grumos y rezagados, recortes más finos y mayor uniformidad

MOTOR KHOLER SERIE 7000 24hp 752cc.
Capacidad del tanque de combustible: 3.5 galones EE. UU. (13,25 litros)
Capacidad de aceite del motor: 1,89 litros
Radio de giro: 0°
Transmisión: Hydro-Gear EZT 2200
Velocidad de avance: 7 MPH / 11,3 km/h
Velocidad inversa: 3,5 MPH / 5,6 km/h
Sistema de manejo: Hidrostático
Compromiso de cubierta (PTO): Eléctrico
Ancho de corte de la plataforma: 54"" (3 cuchillas).
Anti-Scalping: 3 ruedas de calibre
Faro(s): Doble LED
Serie: Serie Ultima™ ZT
Tipo de asiento: Respaldo alto de 20""

EL TRACTOR SE ENTREGA EN MARCHA LISTO PARA USAR
CONTAMOS CON SERVICIO TECNICO, GARANTIA Y TODOS LOS REPUESTOS!
CONSULTAR POR ENVIO GRATIS!

 
INDUSTRIAS ITALGROUP SA.";;;Cub Cadet;ULTIMA ZT 1;2023;;Italgroupsa;https://www.mercadolibre.com.ar/perfil/Italgroupsa;;;;;;;;;;
MLA2034234102;https://articulo.mercadolibre.com.ar/MLA-2034234102;ok;;;Tractor Toro Z Master 2000 - $ 38.000.000;"ULTIMO EN STOCK ENTREGA INMEDIATA! 

TRACTOR TORO Z-MASTER 2000
Motor TORO V-TWIN 24.5HP (708 cc) - IC Refrigerado por aire - Bicilíndrico - OHV
(Válvulas a la cabeza) - Filtro de aire de papel para servicio pesado - Carburador de
doble boca.
Descarga lateral y Recycler® (opcional).
Plataforma Turbo Force de carcasa profunda (Fabricada no estampada)
Ancho de corte: 60"" con 3 cuchillas.
Altura de corte: 3,8 cm - 12,7 cm (15 posiciones).
Ruedas copiadoras de nivel (3).
Transmisión: Hidrostática Hydro-Gear Commercial ZT-3400 independiente por rueda.
Cubiertas delanteras y traseras de 4 Telas - Traseras con dibujo de alta tracción en
césped.
Robusto protector posterior y gancho de remolque.
Asiento de lujo ajustable, con suspensión, apoyabrazos y cinturón de seguridad.
Barra antivuelco.
Horómetro con leds de alerta de diferentes funciones del equipo.";;;Toro;Z MASTER 2000;2023;;Italgroupsa;https://www.mercadolibre.com.ar/perfil/Italgroupsa;;;;;;;;;;
MLA2447617402;https://articulo.mercadolibre.com.ar/MLA-2447617402;ok;;;Pala Frontal Para Tractores Menores 45hp Hanomag, John Deere - $ 4.950.000;"PALA CARGADORA FRONTAL COMUN 

PARA TRACTORES HASTA 45 HP (HANOMAG, JOHN DEERE, MASSEY FERGUSON, FIAT, DEUTZ, NEW HOLLAND, CHERY, APACHE, ENTRE OTRAS MARCAS)

MODELO GS-500

ESTRUCTURA (BRAZOS)
Estructura reforzada tipo doble C, realizada en perfiles de chapa espesor 3/16"" plegados y soldados. El plegado interno de los perfiles C, aumenta la resistencia de los brazos otorgándole mayor rigidez al sistema. 

BALDE DE CARGA
Capacidad 1/3, ancho 1,30m, totalmente reforzado. Cuchilla inferior balde y refuerzos inferiores para evitar desgastes. Además tiene un sobrevuelo para abulonar y dr mas capacidad para carga liviana.

Pernos y Bujes de Acero SAE 1045. 

Refuerzos en chapa de espesores 1/4” | 5/16"" y 3/8"". 
 
Sistema de Hidráulico: compuesto por 4 cilindros. 
- Cilindros de 2”, con Vástagos reforzados de 32mm. Para Levante brazos. 
- Cilindros de 2”, con Vástagos reforzados de 32mm. Para el Movimiento balde. 

Mangueras hidráulicas de 3/8 "" R2, accesorios hidráulicos y acoples rápidos hasta control remoto. 
 
Altura de levante máximo aprox. 3,20 metros. 

SISTEMA DE ACOPLE RÁPIDO, para la incorporación de otros accesorios, como el Pinche para Rollos, Accesorio Porta Pallet, Accesorio para carga de Big-Bag, entre otros. 
 
Pala de fácil manejo para el operario, y gran versatilidad en usos varios, fabricada con refuerzos internos. 

Opcional:

MODELO GS-510

Con SISTEMA DE PARALELOGRAMO COMPENSADOR (El balde se mantiene en posición horizontal al levantar)
Consultar diferencia de precios.

Forma de pago:
- CONTADO.
- Financiación con CHEQUES a plazos 0/30/60 días.
- Consultar otras formas de pago.";;;GESER;GS-500;2025;;Geser Metalúrgica;https://www.mercadolibre.com.ar/perfil/Geser Metalúrgica;;;;;;;;;;
MLA2754171724;https://articulo.mercadolibre.com.ar/MLA-2754171724;ok;;;Tractor Cortacesped Cub-cadet Enduro Lt 50 - $ 9.900.000;"NO INCLUYE RECOLECTOR DE CESPED, CONSULTAR PRECIO! 

SUPER OFERTA! PRECIO DE CONTADO! POCAS UNIDADES!

El Cub Cadet XT1 LT50 FAB está propulsado por un motor bicilíndrico MTD de 24 hp.
Diseño de plataforma AeroForce™ de triple hoja, calibre 11, fabricada en 50 pulgadas, que optimiza el flujo de aire y maximiza la succión para reducir la formación de grumos durante la descarga y mejora el rendimiento del embolsado al mismo tiempo que brinda el impecable Cub Cadet Signature Cut™.
El sistema de dirección optimizado para un manejo receptivo le da a un radio de giro de 16 pulgadas una sensación de giro cero.
Plataforma de corte de 50"" con 3 cuchillas
Caja Hidrostatica HydreGear
Velocidad de trabajo 9km/h
Capacidad del tanque de combustible 11.36 lts
Neumáticos traseros 20"" x 8""-8""
Neumáticos delanteros 15"" x 6""-6""
Contador de horas
Faro(s) delantero(s) LED doble
Número de modelo 13AQA1TLA10

NO INCLUYE RECOLECTOR DE CESPED, CONSULTAR PRECIO! 


SOMOS CONCESIONARIO OFICIAL DE CUB-CADET
CONTAMOS CON SERVICIO TECNICO GARANTIZADO";;;Cub Cadet;LT 50;2022;;Italgroupsa;https://www.mercadolibre.com.ar/perfil/Italgroupsa;;;;;;;;;;
MLA2011709530;https://articulo.mercadolibre.com.ar/MLA-2011709530;ok;;;Pala Cargadora Taurus Ctx 936 A Serie Il - 2 Mts3 - 125hp - US$ 53.900;"Precio lanzamiento!!! Entrega en 90 días.


CARACTERÍSTICAS GENERALES
Ideal para grandes movimientos de tierra, canteras. Incluye: Aire Acondicionado, Joystick y Cámara de Retroceso.

-CAPACIDAD1,7 m3 Rockero
-CAPACIDAD DE CARGA: 3.000 kg
-ALTURA MAXIMA DE DESCARGA: 4.150 mm
-MOTOR: WEICHAI
-POTENCIA DEL MOTOR: 125 hp
-NEUMATICOS: 17.5-25
-DISTANCIA DEL SUELO: 440 mm
-VELOCIDAD MAXIMA: 35 km/h
-DIMENSIONES: 6890x2430x3070 mm
-PESO OPERATIVO: 10.000 kg";;;Taurus;CTX 936 A Serie II;2024;;Grupo Taurus;https://www.mercadolibre.com.ar/perfil/Grupo Taurus;;;;;;;;;;
MLA1517056209;https://articulo.mercadolibre.com.ar/MLA-1517056209;ok;;;Comedero Autoconsumo Feedlot Creep Feeding Vacuno 3 Ton - US$ 3.036;"FORMA DE PAGO 12 VALORES (0 a 330 días) IVA incluido.

CARACTERÍSTICAS:
Comedero CC-24 rectangular de 2.40 m de largo y altura 1.90 m (base estándar, modificando estas tiene la posibilidad de diferentes alturas), lo que hace un volumen de 3,9 m3, que para un peso especifico de 750 kg/m3 da una capacidad de 3 ton (maíz), aleros salientes 0.33 m de ambos lados.
Estructura construida completamente en chapa galvanizada y abulonada con bulones.
Base construida totalmente con chapa galvanizada calibre 18, abulonada, cono interno 45°. bocas de consumo de largo 2.40 m con regulación de salida de material, patines reforzados con enganches.

Beneficios del sistema:
-Mayor peso al destete, los animales ganan más peso antes del destete.
-Facilita el destete precoz, permitiendo cubrir el déficit de nutrientes.
-Disminuye el estrés del ternero post destete, la transición a la alimentación solida es más fácil porque el ternero se ha adaptado a comer concentrado.
-Mejora la eficiencia productiva del rodeo, el ternero reduce el número de mamadas diarias y la competencia por pasto de calidad con su madre.
-Mejor desarrollo digestivo, el sistema digestivo se adapta a alimentación solida lo que prepara al ternero para la siguiente etapa de engorde.

-Consultar por financiación de fábrica.
-Consultar por versión con bandejas de acero inoxidable.
-Importante descuento por pago contado.";;;FADESI;CC-24;2025;;Fadesisrl;https://www.mercadolibre.com.ar/perfil/Fadesisrl;;;;;;;;;;
MLA2290546772;https://articulo.mercadolibre.com.ar/MLA-2290546772;ok;;;Comedero Vacuno Autoconsumo Feedlot Creep Feeding 1.8t  - US$ 1.345,58;"FORMA DE PAGO 12 VALORES (0 a 330 días) IVA incluido.

Comedero CC-20 de 1.96 m de largo y ltura 1.70 m, lo que hace un volumen de 2.4 m3 que para u peso específico de 750 kg/m3 da una capacidad de 1.8 ton (maíz).
Estructura construida en chapa galvanizada calibre 18, completamente abulonada.
Bocas de consumo con regulación de salida de material, patines de arrasatre reforzados con enganches. 

Beneficios del sistema:
-Mayor peso al destete, los animales ganan más peso antes del destete.
-Facilita el destete precoz, permitiendo cubrir el deficit de nutrientes.
-Disminuye el estrés del ternero post destete, la transición a la alimentación solida es más facil porque el ternero se ha adaptado a comer concentrado.
-Mejora la eficiencia reproductiva del rodeo, el ternero reduce el número de mamadas diarias y la competencia por pasto de calidad con su madre.
-Mejor desarrollo digestivo, el sistema digestivo se adapta a la alimentación sólida lo que prepara al ternero para la siguiente etapa de engorde.

-Consultar por financiación de fábrica.
-Consultar por versión con bandejas de acero inoxidable.
-Importante descuento por pago contado";;;FADESI SRL;CC-20;2025;;Fadesisrl;https://www.mercadolibre.com.ar/perfil/Fadesisrl;;;;;;;;;;
MLA1564703127;https://articulo.mercadolibre.com.ar/MLA-1564703127;ok;;;Pinche Para Rollos O Porta Rollos Para Tractores - $ 6.500.000;"ELEVADOR CARGADOR DE ROLLOS CON PARALELOGRAMO COMPENSADOR
El Acceosorio PiNCHE PARA ROLLOS O PORTA ROLLOS se mantiene en posición horizontal al levantar.

Para todo tipo de tractores: JOHN DEERE, MASSEY FERGUSON, FIAT, DEUTZ, AGCO ALLIS, APACHE, NEW HOLLAND, PAUNY, HANOMAG, VALTRA, FIATAGRI, DEUTZ, DEUTZ FAHR (modelos varios)

MODELO GS-750R

ESTRUCTURA (BRAZOS)
Estructura reforzada tipo doble C, realizada en perfiles de chapa espesor 3/16"" plegados y soldados. El plegado interno de los perfiles C, aumenta la resistencia de los brazos otorgándole mayor rigidez al sistema.

PINCHE PARA ROLLOS
Accesorio Pinche para Rollos de 3 Púas macizas reforzado.

Pernos y Bujes de Acero SAE 1045.

Refuerzos en chapa de espesores 1/4” | 5/16"" y 3/8"".

Sistema de Hidráulico: compuesto por 4 cilindros.
- Cilindros de 2 1/2”, con Vástagos reforzados de 38,mm. Para Levante Brazos.
- Cilindros de 2 1/2”, con Vástagos reforzados de 38mm. Para el Movimiento Pinche para Rollos.

Mangueras Hidráulicas de 3/8 "" R2, accesorios hidráulicos y acoples rápidos hasta control remoto.

Altura de levante máximo aprox. 3,90 metros.

SISTEMA DE ACOPLE RÁPIDO, para la incorporación de otros accesorios, como el Balde de Carga, Accesorio Porta Pallet, Accesorio para carga de Big-Bag, entre otros.

Pala de fácil manejo para el operario, y gran versatilidad en usos varios, fabricada con refuerzos internos.

Opcional:
- Balde de Carga.
- Accesorio Porta Pallet.
- Accesorio Cargador de Big-Bag

Forma de pago:
- CONTADO.
- Financiación con CHEQUES a plazos 0/30/60 días.
- Consultar otras formas de pago.";;;GESER;GS-750R;2025;;Geser Metalúrgica;https://www.mercadolibre.com.ar/perfil/Geser Metalúrgica;;;;;;;;;;
MLA1564677393;https://articulo.mercadolibre.com.ar/MLA-1564677393;ok;;;Pala Cargadora Frontal Para Tractor John Deere - Oferta - $ 6.580.000;"PALA CARGADORA FRONTAL CON PARALELOGRAMO COMPENSADOR
El balde se mantiene en posición horizontal al levantar.

Para Tractor JOHN DEERE modelos varios

MODELO GS-750

ESTRUCTURA (BRAZOS)
Estructura reforzada tipo doble C, realizada en perfiles de chapa espesor 3/16"" plegados y soldados. El plegado interno de los perfiles C, aumenta la resistencia de los brazos otorgándole mayor rigidez al sistema.

BALDE DE CARGA
Capacidad aprox. 3/4m3, ancho 1,50m, totalmente reforzado. Cuchilla inferior balde y refuerzos inferiores para evitar desgastes. Además tiene un sobrevuelo para abulonar y dar mas capacidad para carga liviana.

Pernos y Bujes de Acero SAE 1045.

Refuerzos en chapa de espesores 1/4” | 5/16"" y 3/8"".

Sistema de Hidráulico: compuesto por 4 cilindros.
- Cilindros de 2 1/2”, con Vástagos reforzados de 38mm. Para Levante Brazos.
- Cilindros de 2 1/2”, con Vástagos reforzados de 32mm. Para el Movimiento Balde de Carga.

Mangueras Hidráulicas de 3/8 "" R2, accesorios hidráulicos y acoples rápidos hasta control remoto.

Altura de levante máximo aprox. 3,80 metros.

SISTEMA DE ACOPLE RÁPIDO, para la incorporación de otros accesorios, como el Pinche para Rollos, Accesorio Porta Pallet, Accesorio para carga de Big-Bag, entre otros.

Pala de fácil manejo para el operario, y gran versatilidad en usos varios, fabricada con refuerzos internos.

Opcional:
- Accesorio Pinche para Rollos.
- Accesorio Porta Pallet.
- Accesorio Cargador de Big-Bag

Forma de pago:
- CONTADO.
- Financiación con CHEQUES a plazos 0/30/60 días.
- Consultar otras formas de pago.";;;Geser;GS-750;2025;;Geser Metalúrgica;https://www.mercadolibre.com.ar/perfil/Geser Metalúrgica;;;;;;;;;;
MLA1598280387;https://articulo.mercadolibre.com.ar/MLA-1598280387;ok;;;Pala Y Retro M42 Liangong Motor Deutz  4x2 95 Hp - US$ 6.804;"Pala y Retro Liangong M42
- Potente motor Original DEUTZ de 95 hp.
- Transmisión de 8 velocidades.
- Tracción 4x2.
- Frenos húmedos de bajo mantenimiento, con accionamiento individual en ruedas traseras.
- Cabina ROPS/FOPS, moderna con Amplia visibilidad.
- Vidrios ""French Green"" anti UV.
- Butaca ergonométrica ajustable.
- Parabrisa desmontable con guías.

EL PRECIO PUBLICADO CORRESPONDE A ANTICIPO EN DOLARES AMERICANOS. TIPO DE CAMBIO PESO – DÓLAR DEL DÍA DE LA VENTA DEL EQUIPO. LOS PRECIOS NO INCLUYEN IVA, FLETE, SEGURO, PATENTAMIENTO. 
PROMOCIÓN VÁLIDA HASTA AGOTAR STOCK.
LAS IMÁGENES SON DE CARÁCTER ILUSTRATIVO AL PRODUCTO PROMOCIONADO

SU CONSULTA NO MOLESTA . UN ASESOR COMERCIAL SE PONDRÁ EN CONTACTO CON USTED

CASA MATRIZ: Garín (Escobar)
SUCURSALES EN: QUILMES, LA PLATA Y CÓRDOBA Y DISTRIBUIDORES OFICIALES EN TODO EL PAÍS

PLANES DE FINANCIACIÓN A MEDIDA
REPUESTOS - GARANTÍA - POST VENTA
VENTA DE EQUIPOS VIALES: para la construcción, movimiento de suelo, energía, forestal, agro, petróleo y logística

BISCAYNE MÁS DE 50 AÑOS - PRESENTES EN TODO EL PAÍS
Con una trayectoria de más de 50 años en el mercado de maquinaria vial, y una moderna Casa Central con talleres de ensamblado, Pre Entrega y Reparación de Equipos en la localidad de Garín, Biscayne brinda Garantía, Servicio Post-Venta y Repuestos con el respaldo de un servicio integral confiable, de calidad y con proyección comercial a largo plazo.
Conozca sus diez líneas de productos: Cargadoras, Motoniveladoras, Compactadores, Retroexcavadoras, Pala Y Retro, Mini Palas, Terminadoras, Topadoras, Autoelevadores y Plataformas de elevación";;;LIANGONG;M42;2025;;Biscayne;https://www.mercadolibre.com.ar/perfil/Biscayne;;;;;;;;;;
MLA1515586551;https://articulo.mercadolibre.com.ar/MLA-1515586551;ok;;;Tractor Kubota B2401 Japones 24hp Parquero 4x4 - US$ 17.460;"AMG VIAL

Somos una empresa con más de 35 años de experiencia, dedicada a la comercialización de Maquinaria Vial, Agrícola y de Logística. Representamos marcas líderes en cada una de las líneas en las que trabajamos como KUBOTA en Tractores, HYVA en Hidrogruas, y LONKING en Maquinas Viales.

Brindamos un servicio integral de Garantía, Post-Venta y Repuestos. ¡Los invitamos a conocer nuestra línea completa de equipos!!!

» TRACTOR KUBOTA B2320

Tractor de origen japonés ensamblado en Argentina. Ideal para uso en invernaderos, productores de frutas y hortalizas.
Sencillez operacional, bajo costo de mantenimiento y durabilidad son sus principales atributos.

CARACTERÍSTICAS:

• Motor Kubota diesel
• 3 Cilindros
• 24 (HP) de potencia
• Tracción 4x4
• Transmisión 9 avance & 3 retroceso
• Toma de fuerza 540 & 960 RPM
• 3 puntos con capacidad de 630 kg
• 2 Válvulas de control remoto (opcional)
• Dirección asistida
• Ancho min 1.115 (mm)
• Radio de giro 2,10 (mts)
• Opcional RUEDAS AGRÍCOLAS

» GARANTÍA: 24 meses o 1500 horas !!!
+ SERVICIO TÉCNICO en todo el País
+ Contamos con stock permanente de REPUESTOS.

» FORMA DE PAGO:
Consultar por financiación sin interés.

» CONTACTO ¦ UBICACIÓN
Su Consulta No Molesta. Déjenos un teléfono de contacto, y un asesor comercial se pondrá en contacto.

* Ubicación: General Rodriguez y Monte Grande, Esteban Echeverría.";;;Kubota;B2401 Turf;2025;1500;Servicios Amg Vial;https://www.mercadolibre.com.ar/perfil/Servicios Amg Vial;;;;;;;;;;
MLA1515483021;https://articulo.mercadolibre.com.ar/MLA-1515483021;ok;;;Pala Cargadora Lonking Cdm856 3m3 220hp Deutz Valor Anticipo - US$ 45.200;"Somos una empresa con más de 35 años de experiencia, dedicada a la comercialización de Maquinaria Vial, Agrícola y de Logística. Representamos marcas líderes en cada una de las líneas en las que trabajamos como KUBOTA en Tractores, HYVA en Hidrogruas, y LONKING en Maquinas Viales. 

Brindamos un servicio integral de Garantía, Post-Venta y Repuestos. ¡Los invitamos a conocer nuestra línea completa de equipos!!! 

» PALA CARGADORA CDM853 

Este modelo ofrece, capacidad de levante de 5.000 kg con motor Deutz y una potencia de 220 HP.

CARACTERÍSTICAS:

• Motor DEUTZ de 220 Hp. 
• Balde de 3m3. 
• Operación del Balde por Joystick Hidráulico. 
• Posicionador del balde Automático. 
• Capacidad de levante de 5000kg. 
• Corte de Balde (Fin de Recorrido). 
• Circuito de Frenos Independientes. 
• Freno de Estacionamiento Neumático. 
• Neumático de alta TRACCION. 
• Cabina Vidriada ROPS FOPS con Visión Panorámica. 
• Aire Acondicionado Frío/Calor. 
• Peso Operativo 16.000KG.

» GARANTÍA: 1000 Horas o 1 Año !!!
+ SERVICIO TÉCNICO en todo el País 
+ Contamos con stock permanente de REPUESTOS.

» FORMA DE PAGO: 
El Valor Publicado Corresponde al ANTICIPO EN DOLARES AMERICANOS. DOLAR OFICIAL!! SALDO EN CUOTAS FIJAS EN PESOS!!!. Promoción Válida Hasta Agotar Stock.

» CONTACTO ¦ UBICACIÓN
Su Consulta No Molesta. Déjenos un teléfono de contacto, y un asesor comercial se pondrá en contacto. 

* Ubicación: General Rodriguez y Monte Grande, Esteban Echeverría.
Somos IMPORTADORES OFICIALES de LONKING, en ARGENTINA.";;;Lonking;CDM856;2025;1000;Servicios Amg Vial;https://www.mercadolibre.com.ar/perfil/Servicios Amg Vial;;;;;;;;;;
MLA2260382136;https://articulo.mercadolibre.com.ar/MLA-2260382136;ok;;;Pala Cargadora Lonking Cdm932 1 M3 80 Hp Precio Por Anticipo - US$ 14.600;"AMG VIAL 

Somos una empresa con más de 35 años de experiencia, dedicada a la comercialización de Maquinaria Vial, Agrícola y de Logística. Representamos marcas líderes en cada una de las líneas en las que trabajamos como KUBOTA en Tractores, HYVA en Hidrogruas, y LONKING en Maquinas Viales. 

Brindamos un servicio integral de Garantía, Post-Venta y Repuestos. ¡Los invitamos a conocer nuestra línea completa de equipos!!! 

» PALA CARGADORA LONKING CDM932 

Con mayor envergadura y con 5.500 Kgs de peso operativo, motor de 80 HP y una capacidad de carga de 1 M3, esta cargadora es la indicada para tareas de limpieza auxiliar o carga de granel para diferentes usos.

CARACTERÍSTICAS:

• Motor Original Quanchi 80HP.
• Transmisión hidráulica y convertidor de par
• Balde de 1 M3.
• Capacidad de levante de 1600 KG.
• Cabina Vidriada con Visión Panorámica
• Aire Acondicionado 
• Peso Operativo 5.500 KG.

» GARANTÍA: 1000 Horas o 1 Año !!!
+ SERVICIO TÉCNICO en todo el País 
+ Contamos con stock permanente de REPUESTOS.

» FORMA DE PAGO: 
El Valor Publicado Corresponde al ANTICIPO EN DOLARES AMERICANOS. DOLAR OFICIAL !!. SALDO EN CUOTAS FIJAS EN PESOS!!!. Promoción Válida Hasta Agotar Stock.

» CONTACTO ¦ UBICACIÓN
Su Consulta No Molesta. Déjenos un teléfono de contacto, y un asesor comercial se pondrá en contacto. 

* Ubicación: General Rodriguez y Monte Grande, Esteban Echeverría.
Somos IMPORTADORES OFICIALES de LONKING, en ARGENTINA.";;;Lonking;CDM932;2025;1000;Servicios Amg Vial;https://www.mercadolibre.com.ar/perfil/Servicios Amg Vial;;;;;;;;;;
MLA1475795479;https://articulo.mercadolibre.com.ar/MLA-1475795479;ok;;;Pala Cargadora Taurus Ctx930 1.3 Metros - Motor 125hp - US$ 42.900;"Modelo CTX930
Capacidad del balde: 1,3 m3
Capacidad de carga: 2.000 Kg
Altura máxima de descarga: 4.250 mm
Motor: Yuchai 
Potencia del motor: 114
Opcional Motor: Cummins Turbo 100 HP (USD 49.600)
Neumáticos: 16/70-24
Distancia del suelo: 430 mm
Velocidad máxima: 32 Km/h
Dimensiones: 5950x2150x2850 mm
Peso operativo: 6.000 Kg.

#GrupoTaurus | #InnovacionConstante";;;Taurus;CTX930;2025;;Grupo Taurus;https://www.mercadolibre.com.ar/perfil/Grupo Taurus;;;;;;;;;;
MLA2765514758;https://articulo.mercadolibre.com.ar/MLA-2765514758;ok;;;Pala Cargadora Komatsu Wa 200 2m - Año 2008 - US$ 58.000;"Pala Cargadora 2m WA 200 KOMATSU
Año: 2008.
Km/ hs: 9189.
El precio está expresado en USD (DOLARES AMERICANOS) y es + IVA.";;;Komatsu;WA 200;2008;9189;Biscayne;https://www.mercadolibre.com.ar/perfil/Biscayne;;;;;;;;;;
MLA1514185199;https://articulo.mercadolibre.com.ar/MLA-1514185199;ok;;;Cargadora Frontal John Deere 544k - US$ 93.600;"Cargadora Frontal John Deere 544k

¡VALOR EXPRESADO EN DOLAR OFICIAL!

Descripción:
Año: 2013
Horas de uso: 14.226 hs.
DETALLES PINT CONTRAPESO/BUEN ESTADO PINTURA GRAL, CUBIERTAS BUENAS , INTERIOR COMPLETO(REP ASIENTO), REPARADA COMPLETA.

Fabricante del motor: John Deere 
Modelo del motor: E 6068H 
Potencia neta: 167 hp (124,5 kW) a 1.900 rpm 
Cilindrada: 6,8 L 
Par máximo: 672,5 Nm a 1.600 rpm 
Número de cilindros: 6 
Aspiroación: Turboalimentado con intercooler 
Peso operativo: 12.911 kg 
Capacidad del cucharón: 2,3 m³ 
Ancho del cucharón: 2,54 m 
Neumáticos estándar: 20.5 R25 
Altura máxima de volcado: 2,76 m 
Radio de giro exterior: 5,0 m 
Velocidad máxima: 40 km/h 
Longitud de transporte: 7,43 m 
Ancho de transporte: 2,55 m 
Altura de transporte: 3,24 m 
Capacidad del sistema hidráulico: 91 L (24 gal) 
Capacidad del tanque de combustible: 325 L

UBICACIÓN: Rosario, Santa Fe, Argentina.

¿QUIENES SOMOS?

Maquin-ar es el primer sitio web en Argentina especializado en la compra y venta de maquinaria. Somos una empresa comprometida con facilitar la gestión comercial de maquinaria en diversos sectores de la actividad económica, ofreciendo un espacio seguro, confiable y eficiente para comprar y vender equipos usados.

¿QUE NOS DIFERENCIA?

Maquin-ar se destaca por su alcance y atención al cliente en todo el país. Contamos con:

Cobertura nacional: Comercialización en 24 provincias de Argentina.
Atención personalizada: Disponible las 24 horas, los 7 días de la semana.
Red de talleres: Más de 150 talleres zonales distribuidos en todo el país.
Financiación exclusiva: Línea de financiación bancaria para equipos usados.
Certificación de equipos: Todos los equipos tienen posibilidad de ser certificados a través de Worklift.
Gestores especializados: Un equipo de 50 gestores comerciales con amplia experiencia en el negocio de compra-venta de maquinaria usada.

Con Maquin-ar, garantizamos un proceso de compra y venta ágil, seguro y con el respaldo de expertos en el sector.";;;John Deere;544k;2013;14226;Maquinar;https://www.mercadolibre.com.ar/perfil/Maquinar;;;;;;;;;;
MLA2275456156;https://articulo.mercadolibre.com.ar/MLA-2275456156;ok;;;Tractor New Holland T7.205 Usado - US$ 1.000;"Tractor New Holland T7.205

Año 2017

9000 hs 

 DUAL

 FINANCIACIÓN

DEJANOS TU COSULTA Y UN ASESOR COMERCIAL SE CONTACTA A LA BREVEDAD.


Concesionario OFICIAL NEW HOLLAND

Brandsen-Balcarce- Necochea-Tandil-Tres Arroyos";;;New Holland;T7.205;2017;9000;Oscar Pourtau;https://www.mercadolibre.com.ar/perfil/Oscar Pourtau;;;;;;;;;;
MLA1485999697;https://articulo.mercadolibre.com.ar/MLA-1485999697;ok;;;Pala Cargadora Shantui L55 3m3 Motor Weichai 220 Hp - US$ 89.900;"Hannover Maquinarias es una empresa dedicada a la importación directa y representación oficial en Argentina de equipamiento pesados marca LONKING, JAC, SHANTUI, EVERUN, LUNA ALG. Conformado por profesionales de distintas áreas, abocados a brindar a nuestros clientes un asesoramiento completo y detallado a la hora de seleccionar el equipo correcto que cubra la amplia gama de usos y necesidades que se presenten.

Un equipo de personas esta preparado para brindarte una gran experiencia desde un primer contacto hasta en nuestro servicio integral de Garantía, Post-Venta y Repuestos.

Pala Cargadora SHANTUI L55
- Motor DEUTZ WEICHAI/WP6G220E22, de 220 Hp.
- Balde de 3 m3.
- Operación del Balde por Joystick Hidráulico.
- Posicionador del balde Automático.
- Capacidad de levante de 5000kg.
- Corte de Balde (Fin de Recorrido).
- Circuito de Frenos Independientes.
- Freno de Estacionamiento Neumático.
- Rodado L3 de alta TRACCION.
- Cabina Vidriada ROPS FOPS con Visión Panorámica.
- Aire Acondicionado Frío/Calor. Radio, MP3.
- Peso Operativo 16.800KG.

Financiación a medida – Tomamos tu máquina usada como parte de pago.

HANNOVER MAQUINARIAS – Representante de SHANTUI en Argentina.

Shantui Construction Machinery Co., Ltd. se fundó en 1993 .Shantui es una empresa estatal que cotiza en bolsa y filial de Shandong Heavy Industry Group. Shantui se encuentra entre los 50 principales fabricantes mundiales de maquinaria de construcción y entre las 500 principales empresas manufactureras de China.

Venta de máquinas NUEVAS

Venta de máquinas USADAS reacondicionadas.

Repuestos / Servicio Técnico / Mantenimiento

Realizamos el servicio de postventa y reparación de tu máquina.

Estamos para atenderte los 365 días del año las 24hs!";;;SHANTUI;L55;2025;24;Hannovermaquinarias;https://www.mercadolibre.com.ar/perfil/Hannovermaquinarias;;;;;;;;;;
MLA1473940025;https://articulo.mercadolibre.com.ar/MLA-1473940025;ok;;;Tractor Roland H 50hp Doble Tracción Con Ruedas Agricolas - US$ 21.070;"Descripción:
- Motor 4 cilindros, inyección directa, diesel
- Doble tracción
- Dimensiones generales: 3660x1380x2540
- Peso: 2023 kg (sin contrapeso)
- Caja de transmisión: 8 de avance + 8 retroceso (ver con marcos)
- Embrague seco, doble efecto, no independiente
- Frenos en seco
- Dirección hidráulica
- Velocidad máxima: 29km/h
- Elevador 3 puntos de alta presión, 1500kg en punto de enganche
- Doble salida hidráulica, 28 L/min


-.-.-.-.-.-.-.-.-.-.-.-.-.-.-.-.-.-.-.-

> IMPORTANTE: 

*EL PRECIO PUBLICADO ES FINAL, INCLUYE EL IVA DEL 10,5%

*LOS PRECIOS ESTÁN EXPRESADOS EN DÓLARES ESTADOUNIDENSES

*TIPO DE CAMBIO A DÓLAR OFICIAL VENTA BNA 

*PRECIO EN FÁBRICA (NO INCLUYE FLETE A CONCESIONARIO NI OTROS TRASLADOS)  

*FOTOS A MODO ILUSTRATIVO

*EL PRECIO PUBLICADO TIENE DESCUENTO QUE CORRESPONDE AL PAGO DE CONTADO

*CONSULTA POR FINANCIACIONES DISPONIBLES Y ENTREGA INMEDIATA EN CONCESIONARIOS";;;Roland H;RH050;2025;;Roland H;https://www.mercadolibre.com.ar/perfil/Roland H;;;;;;;;;;
MLA2796045294;https://articulo.mercadolibre.com.ar/MLA-2796045294;ok;;;Pala Cargadora Crybsa C80 Balde 1 Metro - US$ 33.500;"DOLAR OFICIAL BNA.

Características Principales:
 
•	Capacidad de balde: 1 metro
•	Motor Diesel 4 tiempos. 93 hp.
•	Capacidad de carga 1.800 kg
•	Cuchilla anti desgaste y uñas.
•	Aire acondicionado y calefacción.
•	Cámara de retroceso
•	Comandos joystick.
•	4 x 4
•	Articulada 
•	Tercer vía hidráulica.
•	Luces de trabajo LED.
•	Sonido marcha atrás.
•	Estéreo.
 
Garantía de un año o 2.000 hs de uso.";;;CRYBSA;C80;2025;2000;American Vial;https://www.mercadolibre.com.ar/perfil/American Vial;;;;;;;;;;
MLA1537482411;https://articulo.mercadolibre.com.ar/MLA-1537482411;ok;;;Tractor Cortacesped John Deere S140 - US$ 7.000;"Accesible, fácil de mantener y de uso intuitivo
Los tractores de jardín Serie S son fáciles de operar gracias a su transmisión hidrostática, tienen mayor durabilidad y brindan mayor confort.
Caracteristicas :

Motor Briggs & Stratton naftero de 22 hp bicilindrico, que entrega suficiente potencia y torque para todos los usos y condiciones.
Tren delantero de fundicion.
Encendido electrónico para arranques rápidos
Transmisión hidrostática y automática con control de velocidad y cambios de dirección mediante dos pedales.
Frenos de discos
Plataforma de corte de 1220 mm (48”) de ancho efectivo de trabajo, con corte regulable de 25 mm a 102 mm
Sistema de corte Edge™ con 3 cuchillas de excelente calidad de corte.
Plataforma del operador diseñada para una confortable operacion.
Luces de trabajo de gran luminosidad que mantienen la visibilidad durante trabajos nocturnos.
Opcionales :

Sistema de recoleccion.
Sistema de Mulching (trituracion).
Kit de Mantenimiento.";;;John Deere;S140;2025;;Charito Srl;https://www.mercadolibre.com.ar/perfil/Charito Srl;;;;;;;;;;
MLA1516351967;https://articulo.mercadolibre.com.ar/MLA-1516351967;ok;;;Tractor Agricola Deutz Ax100 Operativo Envios A Todo El Pais - US$ 25.000;"Motor: F5L913
Ciclo: Diesel 4 tiempos
Cilindrada (cc): 5106
N° de cilindros: 5 en línea
Diámetro x carrera (mm): 102 x 125
Potencia (CV DIN / KW): 93
Régimen (r.p.m): 2150
Par Motor (mKg DIN): 32
Relación de compresión: 17,7 a 1
Sistema de combustible: inyección directa
Bomba inyectora: lineal Bosch
Lubricación: circulación forzada con radiador de aceite incorporado.
Filtro de aire: seco con cartucho cambiable y pre separador centrífugo.
Filtro de gasoil: doble, primario elemento filtrante de fieltro tubular y secundario de tipo estrella de papel celulosa.
Enfriamiento: por aire mediante turboventilador axial accionado por dos correas en V.
Tracción: 4x2 trasera
Embrague: LUK a diafragma doble de 330mm / 295mm.
Caja de velocidades: 8 + 2 M.A. con alta y baja.
Velocidades (aprox) baja: 3,7 / 7,4 / 8,7 / 17,3 M.A.: 4,2
Velocidades (aprox) alta: 6,1 / 12,2 / 14,3 / 28,5 M.A.: 6,8
Árbol toma de potencia: diámetro (según DIN 9611) 1 3/8''. Revoluciones (RPM): 605.
Frenos: de accionamiento mecánico, de tambor sobre árbol intermedio
Equipo hidráulico: levante normal con control remoto. Opcional: K35 categoría II, adicional al control remoto.
Dirección: hidrostática.
Rodado delantero: 7,50x20'' con 1,9 bar de presión de inflado.
Rodado trasero: 18,4x24'' (Opcional 23,1x30'') con 1,1 bar de presión de inflado.
Sistema eléctrico: 12V. Batería: 2x6V 180Ah. Alternador: 12V 28A. Arranque: 12V 3kW (4CV).

CAPACIDADES
Tanque de combustible (litros): 145
Motor aceite total/aceite en cárter (litros): 13,5/12
Aceite de transmisión (litros): 60
Aceite en circuito hidráulico control remoto/K35 (litros): 15/12
PESOS
En orden de servicio sin lastre y sin cabina (kg): 3066
Contrapesos de lastre (kg): 734
Agua en neumáticos (kg): 760
Total con lastre y cabina (kg): 4790
DIMENSIONES
Largo máximo (mm): 4185
Ancho máximo (mm): 2270
Altura máxima - al silenciador - (mm): 2570
Distancia entre ejes (mm): 2411
Trocha delantera variable min/max (mm): 1400/2034
Trocha trasera variable min/max (mm): 1450/1850";;;Deutz;AX100;1984;;Demaquinas;https://www.mercadolibre.com.ar/perfil/Demaquinas;;;;;;;;;;
MLA2005135396;https://articulo.mercadolibre.com.ar/MLA-2005135396;ok;;;Tractor Cortacésped Roland H 102 C/ Bolsa Recolectora - US$ 8.329;"CARACTERÍSTICAS: 

-Motor Briggs & Stratton bicilíndrico 4 tiempos, nafta
- Dirección Hidrostática con tracción trasera
-Potencia: 22HP
-Tracción simple
- Bloqueo diferencial
- Dimensiones: 2400mm largo x 1260 mm ancho x 1185 mm alto
- Peso: 276 kg
- Ancho de corte: 122cm
- Altura de corte: 2,5 cm a 8cm
- Tipo de ruedas: inflables – tipo parqueras
- Capacidad de bolsa recolectora: 320lts
- Pendiente máxima de trabajo: 12°
-Cortacésped autopropulsado con motor Briggs & Stratton / Intek 7220.


Descripción: 

23 HP de potencia transmitida mediante correas en V hacia el eje trasero con engranaje variable continuo y mediante un acoplamiento electromagnético a la plataforma de corte.

Plataforma de corte: Conjunto de dos cuchillas con un eje vertical de giro y un alcance de 102 cm de ancho, accionada por una correa de dos caras dentadas.

Colector de césped: El césped residual es conducido a través de un canal hacia el colector o dirigido al suelo con el deflector. En vez de hacer la recogida, el cortacésped puede hacer un montón bloqueando el canal de expulsión y usando dos cuchillas de trituración.



-.-.-.-.-.-.-.-.-.-.-.-.-.-.-.-.-.-

> IMPORTANTE: 

*EL PRECIO PUBLICADO ES FINAL, INCLUYE EL IVA DEL 10,5%

*LOS PRECIOS ESTÁN EXPRESADOS EN DÓLARES ESTADOUNIDENSES

*TIPO DE CAMBIO A DÓLAR OFICIAL VENTA BNA 

*PRECIO EN FÁBRICA (NO INCLUYE FLETE A CONCESIONARIO NI OTROS TRASLADOS)  

*FOTOS A MODO ILUSTRATIVO

*EL PRECIO PUBLICADO TIENE DESCUENTO QUE CORRESPONDE AL PAGO DE CONTADO

*CONSULTA POR FINANCIACIONES DISPONIBLES Y ENTREGA INMEDIATA EN CONCESIONARIOS";;;Roland H;RH 102;2025;;Roland H;https://www.mercadolibre.com.ar/perfil/Roland H;;;;;;;;;;
MLA2199597256;https://articulo.mercadolibre.com.ar/MLA-2199597256;ok;;;Cargadora Frontal Case - 821e - US$ 168.000;"Cargadora Frontal Case - 821E

 ¡VALOR EXPRESADO EN DOLAR BILLETE!

Descripción:
Año: 2023
Horas de uso: 2.374 hs.
Motor Case de 220hp.
17.000 kg. de peso operativo.
Balde de 3 metros.

UBICACIÓN: Resistencia, Chaco, Argentina.

¿QUIENES SOMOS?

Maquin-ar es el primer sitio web en Argentina especializado en la compra y venta de maquinaria. Somos una empresa comprometida con facilitar la gestión comercial de maquinaria en diversos sectores de la actividad económica, ofreciendo un espacio seguro, confiable y eficiente para comprar y vender equipos usados.

¿QUE NOS DIFERENCIA?

Maquin-ar se destaca por su alcance y atención al cliente en todo el país. Contamos con:

Cobertura nacional: Comercialización en 24 provincias de Argentina.
Atención personalizada: Disponible las 24 horas, los 7 días de la semana.
Red de talleres: Más de 150 talleres zonales distribuidos en todo el país.
Financiación exclusiva: Línea de financiación bancaria para equipos usados.
Certificación de equipos: Todos los equipos tienen posibilidad de ser certificados a través de Worklift.
Gestores especializados: Un equipo de 50 gestores comerciales con amplia experiencia en el negocio de compra-venta de maquinaria usada.

Con Maquin-ar, garantizamos un proceso de compra y venta ágil, seguro y con el respaldo de expertos en el sector.";;;Case;821E;2023;2374;Maquinar;https://www.mercadolibre.com.ar/perfil/Maquinar;;;;;;;;;;
MLA2005130614;https://articulo.mercadolibre.com.ar/MLA-2005130614;ok;;;Tractor Chery 90hp 4x4 Nacional Con Cabina Full - Financiado - US$ 33.900;"FINANCIACIÓN PROPIA - 50% DE ANTICIPO Y 6 CHEQUES SIN INTERÉS!!! ENTREGA INMEDIATA!!!

Características Técnicas Principales:

• Peso Operativo:    3100 Kg. Con Contrapesos 
• Capacidad de levante 610 mm:  1450 Kg.
• Potencia nominal del motor:  90 HP.
• Válvulas de control remoto:   2 de Doble acción
• Toma de Fuerza:     540/1000 RPM
• Suspensión de 3 Puntos:    Categoría 2


Motor:

• Modelo: Tecnología Perkins II. 
• Potencia: 90 HP @ 2.300 r.p.m.
• Tipo de Motor: De cuatro tiempos y 4 (tres) cilindros en línea.
• Tipo de Inyección: Bomba mecánica y lineal de inyección directa. 

Transmisión:

• Marca:   CHERY
• Tipo:   Caja semis-sincronizada (con Inversor)
• Tracción       4x4. 
• Embrague      Doble en Seco. 
• Marchas de Avance:  Doce (12).
• Marchas de Retroceso:   Doce (12).

Sistema de Freno:

• De Servicio:   A Disco.
• Cantidad de Discos: Uno (1) por rueda.
• De Estacionamiento: De accionamiento manual y mecánico.";;;Chery;RK904C;2025;;American Agro;https://www.mercadolibre.com.ar/perfil/American Agro;;;;;;;;;;
MLA2290534332;https://articulo.mercadolibre.com.ar/MLA-2290534332;ok;;;Silo Autoportante Alimento Balanceado 11 Tn  - US$ 3.068;"FORMA DE PAGO: 5 VALORES (0-30-60-90-120 días) IVA INCLUIDO
 
 Silo F4-2 Autoportante, cono 60°
 
-Silo aéreo F4-2 con un diámetro de 2,47 m por dos hileras de altura lo que hace un volumen de 13.7 m3 que para un peso específico de 800 kg/m3 da una capacidad de 11 Ton (trigo) o 9 toneladas alimento balanceado, altura a la boca de llenado 5,40 m.
Cuenta con una puerta de entrada hombre en la primera hilera.-
-Base construida con seis patas plegadas en chapa galvanizada, cono de chapa galvanizada calibre 20 con un ángulo de 60°, abulonado a la base con bulones galvanizados.
-Escaleras exterior y superior galvanizadas y modulares para su fácil montaje, la exterior a partir de los tres metros de altura se le incluye un cubre hombre a fin de cumplir con los requisitos de las A.R.T.-Sistema de apertura y cierre de la tapa de llenado comandada desde nivel de piso. 
-También cuenta con un bolsero que se puede colocar donde desee el propietario como accesorio que viene incluido.";;;Fadesi;F4-2 60°;2025;;Fadesisrl;https://www.mercadolibre.com.ar/perfil/Fadesisrl;;;;;;;;;;
MLA2005109628;https://articulo.mercadolibre.com.ar/MLA-2005109628;ok;;;Tractor Chery Pala Incluida 4x4 Tipo John Deere - US$ 24.200;"Características Técnicas Principales:

• Peso Operativo:                  2.100 Kg.  
• Capacidad de levante 610 mm:      833Kg.
• Potencia nominal del motor:          50HP.
• Válvulas de control remoto:              2 de Doble acción
• Toma de Fuerza:                       540/1000 RPM
• Suspensión de 3 Puntos:                Categoría 2
• Neumáticos:                   8.3 x 20/12.4-28
 

Motor:

• Marca:     498BT de tecnología Perkins II.  
• Potencia:        50 HP @ 2.300 r.p.m.
• Tipo de Motor:       De cuatro tiempos y 4 (tres) cilindros en línea.
• Tipo de Inyección:   Bomba mecánica y lineal de inyección directa. 

Transmisión:

• Marca:     ZOOMLION   
• Tipo:     Caja semi-sincronizada (con Inversor)
• Tracción                  4x4.   
• Embrague                Doble en Seco.    
• Marchas de Avance:  Dieciséis (16).
• Marchas de Retroceso:  Dieciséis (16).

Sistema de Freno:

• De Servicio:        A Disco.
• Cantidad de Discos:   Uno (1) por rueda.
• De Estacionamiento:   De accionamiento manual y mecánico.

Dimensiones Generales:

• Largo Total:   3.900 MM.
• Ancho Total:   1.680 MM.  
• Altitud    2.120 MM.

Accesorios y Misceláneas:

• Caja con Herramientas.
• Manual para el Operador y Mantenimiento.
• Manual completo con despiece del equipo.
• Engrasador.";;;Chery Bylion;RK504;2021;;American Agro;https://www.mercadolibre.com.ar/perfil/American Agro;;;;;;;;;;
MLA2765436970;https://articulo.mercadolibre.com.ar/MLA-2765436970;ok;;;Retropala - Pala Y Retroexcavadora Hyundai H 490c Año 2006 - US$ 60.000;"RETROPALA - PALA Y RETROEXCAVADORA HYUNDAI H 490C
Año: 2006
Km/ hs: 9064.
El precio está expresado en USD (DOLARES AMERICANOS) y es + IVA.";;;Hyundai;H 490C;2006;9064;Biscayne;https://www.mercadolibre.com.ar/perfil/Biscayne;;;;;;;;;;
MLA2429111562;https://articulo.mercadolibre.com.ar/MLA-2429111562;ok;;;Cortacesped Radio Cero John Deere Eztrak Z530m - US$ 15.350;"No se trata de lo rápido que podes cortar. Es lo bien que corta el césped rápido™. Corte bien rápido con la plataforma de corte Accel Deep™ de triple cuchilla John Deere de 54 pulgadas (137 cm.), diseñada para procesar césped alto a velocidades más rápidas. El motor Kawasaki V-Twin de 24 HP con la marca John Deere tiene mucha potencia y torque para que la Z530M maneje condiciones difíciles de triturado, corte y embolsado. Cómodo asiento de 20 pulgadas cortado y cosido con apoyabrazos y suspensión ComfortGlide ™, portavasos, compartimentos de almacenamiento laterales y debajo del asiento, elevador de pies, controles codificados por colores para una fácil identificación y luz de advertencia de bajo nivel de combustible visible a la luz del día. El Z530M está equipado con una estructura protectora contra vuelcos Roll-Gard plegable (ROPS) y cinturón de seguridad retráctil. El elevador de pies y el manillar premium vienen de serie en la Z530M.
Caracteristicas:
Construido por John Deere en Greeneville, Tennessee: experimente la comodidad de un John Deere
El motor Kawasaki V-Twin de 24 HP con la marca John Deere tiene mucha potencia y torque para que la Z530M maneje condiciones difíciles de triturado, corte y ensacado, más adecuado para un terreno plano con obstáculos, más de dos acres
Corte bien rápido con la plataforma de corte Accel Deep ™ de 54 pulgadas y triple hoja diseñada para procesar césped alto a velocidades más rápidas
Transmisión hidrostática doble Tuff Torq® con ejes de 1 pulgada para mayor potencia y durabilidad, velocidad máxima de 8 mph: dirección con palancas de control de movimiento, efectiva sobre pistas largas y niveladas de tierra o alrededor de árboles, arbustos y parterres
Cómodo asiento de 20 pulgadas cortado y cosido con apoyabrazos y suspensión ComfortGlide ™, portavasos, compartimentos de almacenamiento laterales y debajo del asiento, elevador de pies, controles codificados por colores para una fácil identificación y luz de advertencia de bajo nivel de combustible visible a la luz del día
El Z530M está equipado con una estructura de protección contra vuelcos (ROPS) plegable Roll-Gard y un cinturón de seguridad retráctil; las alfombrillas de goma, el elevador de pies y los manillares premium vienen de serie en el Z530M.";;;John Deere;Z530M;2025;;Charito Srl;https://www.mercadolibre.com.ar/perfil/Charito Srl;;;;;;;;;;
MLA1536096073;https://articulo.mercadolibre.com.ar/MLA-1536096073;ok;;;Tractor Massey Ferguson 4283 - US$ 65.000;"Tractor Massey Ferguson 4283

¡VALOR EXPRESADO EN DOLAR OFICIAL!

Descripción:
Año: 2021
Horas de uso: 300 hs.
Massey Ferguson 4283 detalla sus características principales, incluyendo el motor Perkins de 4 cilindros y 92 HP, transmisión mecánica con 12x4 velocidades, y un sistema hidráulico con una bomba de 42 l/min y capacidad de elevación de 2,100 kg. 

El tractor también cuenta con dirección hidrostática, toma de fuerza independiente, y frenos de discos en baño de aceite. 

Motor: Motor Perkins de 4 cilindros. Cilindrada: 4.1 litros. Potencia: 92 HP (63.4 kW). Torque máximo: 305 Nm a 1,500 rpm. Transmisión: Transmisión (12x4). Transmisión sincronizada de 12 velocidades hacia adelante y 4 hacia atrás con marchas ultralenta.


UBICACIÓN: Junín, Prov. de Buenos Aires, Argentina.



¿QUIENES SOMOS?

Maquin-ar es el primer sitio web en Argentina especializado en la compra y venta de maquinaria. Somos una empresa comprometida con facilitar la gestión comercial de maquinaria en diversos sectores de la actividad económica, ofreciendo un espacio seguro, confiable y eficiente para comprar y vender equipos usados.

¿QUE NOS DIFERENCIA?

Maquin-ar se destaca por su alcance y atención al cliente en todo el país. Contamos con:

Cobertura nacional: Comercialización en 24 provincias de Argentina.
Atención personalizada: Disponible las 24 horas, los 7 días de la semana.
Red de talleres: Más de 150 talleres zonales distribuidos en todo el país.
Financiación exclusiva: Línea de financiación bancaria para equipos usados.
Certificación de equipos: Todos los equipos tienen posibilidad de ser certificados a través de Worklift.
Gestores especializados: Un equipo de 50 gestores comerciales con amplia experiencia en el negocio de compra-venta de maquinaria usada.

Con Maquin-ar, garantizamos un proceso de compra y venta ágil, seguro y con el respaldo de expertos en el sector.";;;Massey Ferguson;4283;2021;300;Maquinar;https://www.mercadolibre.com.ar/perfil/Maquinar;;;;;;;;;;
MLA2276425684;https://articulo.mercadolibre.com.ar/MLA-2276425684;ok;;;Tractor New Holland T7.195 Usado - US$ 1.000;"Tractor New Holland T7.195

Año 2017
SEMI POWERSHIFT
PATON

FINANCIACIÓN

DEJANOS TU COSULTA Y UN ASESOR COMERCIAL SE CONTACTA A LA BREVEDAD.


Concesionario OFICIAL NEW HOLLAND

Brandsen-Balcarce- Necochea-Tandil-Tres Arroyos";;;New Holland;T7.195;2017;;Oscar Pourtau;https://www.mercadolibre.com.ar/perfil/Oscar Pourtau;;;;;;;;;;
MLA2137357720;https://articulo.mercadolibre.com.ar/MLA-2137357720;ok;;;Tractor Lovol 754nb 75hp 4x4 Frutero - US$ 24.500;"Tractor nuevo diésel 75 hp, 4x4. 
Robusto, compacto y eficiente. 
Asiento regulable con suspensión. 
Opcional cabinado
Con inversor de marchas
Sistema de tres puntos y salidas hidráulicas
Tenemos también su versión de 75hp agrícola 
.
PRECIO PUBLICADO SIN IVA
Distribución en todo el país a través de nuestra red comercial
Asistencia postventa. 
Producto con garantía de fábrica. 
TBDL distribuidor oficial en Argentina.";;;Lovol;TH754;2025;;Turbodisel;https://www.mercadolibre.com.ar/perfil/Turbodisel;;;;;;;;;;
MLA2276425820;https://articulo.mercadolibre.com.ar/MLA-2276425820;ok;;;New Holland Linea T7 240 - 245- 260 Full Powershift - US$ 1.000;"New Holland LINEA T7 240 - 245- 260 Full Powershift

Los tractores T7 son robustos y resistentes, ideales para todo tipo de propiedades y productores que buscan ahorrar y una máquina agrícola robusta y duradera. Estos modelos garantizan una excelente rentabilidad y un rendimiento excepcional.

¡Consultá ahora por financiación exclusiva!

 Financiación en pesos con todos los bancos
 Financiación en dólares
 Convenio exclusivo con Banco Santander
 Tomamos tu usada como parte de pago
 Postventa garantizada + Repuestos originales
 Soporte en Agricultura de Precisión (PLM)

También trabajamos con las marcas:
Ascanelli, Yomel, Maizco, Stihl y Michelín


OSCAR POURTAU S.A. – Concesionario Oficial NEW HOLLAND
Más de 68 años de experiencia en el sector.
Brandsen, Necochea, Balcarce, Tandil y Tres Arroyos.";;;New Holland;T7;2025;;Oscar Pourtau;https://www.mercadolibre.com.ar/perfil/Oscar Pourtau;;;;;;;;;;
MLA2099663606;https://articulo.mercadolibre.com.ar/MLA-2099663606;ok;;;Acoplado Tolva 6tn. Semillera - $ 12.345.678;"- Chapa N° 16 plegada.
- Parantes plegado 1/8 cada 60 cm.
- Chasis principal 3/16 hasta 12 tn, más grandes chasis 1/4.
- Refuerzo del chasis 1/8.
- Rodado 22,5
-6Tn.
-El sin fin, la lona y la división son accesorios.";;;MAQUINARIAS IBARROLA;6TN. SEMILLERA;2025;;Maquinarias Ibarrola;https://www.mercadolibre.com.ar/perfil/Maquinarias Ibarrola;;;;;;;;;;
MLA2028502198;https://articulo.mercadolibre.com.ar/MLA-2028502198;ok;;;Acoplado Tolva Semillera Para 6/7 Tn. (to1003) - $ 8.459.245;"Acoplado tolva cerealera / semillera para trabajar con distintos tipos de semillas. ¡De fabricación nacional! Somos tendencia en Acoplados, Tráilers y Remolques.


 Capacidad de carga: 6/7 Tn (9 m3).
 Aro giratorio 660 mm.
 Dos ejes de 2.5” con rodamientos genéricos (opcional SKF, consulte).
 Elásticos de suspensión de 63 x 8 x 10 hojas.
 Un solo pulmón.
 Llanta simple reforzadas disco redondo de 12.8 mm. de espesor rodado 22.5”  o Sándwich 
 900 x 20"".
 Salida con bandeja regulable en altura con cricket a resorte.
 Lanza móvil con enganche ojal fijo para perno de 1"" con rotula templada anti desgaste 
 pivotante con lubricador.
 Escalera de acceso.
 Paragolpe trasero.
 Longitudinal para lona.
 Pintado con esmalte sintetico con base de antioxido (color a eleccion).
 CODIGO: TO1003

Hopper Trailers to 6/7 tons.
""Las fotos son a modo ilustrativo""
""El precio de este producto NO incluye Opcionales""";;;Rubiolo;TO1003;2025;;Acoplados Rubiolo;https://www.mercadolibre.com.ar/perfil/Acoplados Rubiolo;;;;;;;;;;
MLA1474149347;https://articulo.mercadolibre.com.ar/MLA-1474149347;ok;;;Cargadora Cat 980g - 5m3 - US$ 94.500;"Cargadora Cat 980g - 5m3

¡VALOR EXPRESADO EN DOLAR BILLETE!

UBICACIÓN: PLOTTIER, NEUQUÉN, ARGENTINA.

¿Quiénes somos?

Maquin-ar es el primer sitio web en Argentina especializado en la compra y venta de maquinaria. Somos una empresa comprometida con facilitar la gestión comercial de maquinaria en diversos sectores de la actividad económica, ofreciendo un espacio seguro, confiable y eficiente para comprar y vender equipos usados.

¿Qué nos diferencia?

Maquin-ar se destaca por su alcance y atención al cliente en todo el país. Contamos con:

Cobertura nacional: Comercialización en 24 provincias de Argentina.
Atención personalizada: Disponible las 24 horas, los 7 días de la semana.
Red de talleres: Más de 150 talleres zonales distribuidos en todo el país.
Financiación exclusiva: Línea de financiación bancaria para equipos usados.
Certificación de equipos: Todos los equipos tienen posibilidad de ser certificados a través de Worklift.
Gestores especializados: Un equipo de 50 gestores comerciales con amplia experiencia en el negocio de compra-venta de maquinaria usada.

Con Maquin-ar, garantizamos un proceso de compra y venta ágil, seguro y con el respaldo de expertos en el sector.";;;CAT;980g;2017;24;Maquinar;https://www.mercadolibre.com.ar/perfil/Maquinar;;;;;;;;;;
MLA2290470578;https://articulo.mercadolibre.com.ar/MLA-2290470578;ok;;;Silo Comedero Autoconsumo Redondo Para Ganado 7.3tn - US$ 3.850;"FORMA DE PAGO 12 VALORES (0 a 330 días) IVA incluido.

Silo Comedero C4-2 capacidad 7.3 t, 16 bocas.
 
-Diámetro de 2,47 m por dos hileras de altura lo que hace un volumen de 9.7 m3 que para un peso específico de 750 kg/m3 da una capacidad de 7,3 Ton (maiz), .
- Altura de la boca de llenado de 3,0 m.
-Cilindro construidos en chapas galvanizadas, abulonadas con bulones de con arandelas y sellador todo galvanizado.
Cuenta con una puerta de entrada hombre para efectuar trabajos de limpieza o mantenimiento.
-16 bocas de consumo con tapas de cierre estancas a la lluvia, patines de arrastre reforzados con enganches.


-Consultar por financiación de fábrica.
-Consultar por versión con bandejas de acero inoxidable.
-Importante descuento por pago contado.";;;FADESI SRL;C4-2;2025;;Fadesisrl;https://www.mercadolibre.com.ar/perfil/Fadesisrl;;;;;;;;;;
MLA2779044956;https://articulo.mercadolibre.com.ar/MLA-2779044956;ok;;;Minicargadora New Holland L318 Okm - US$ 58.000;"NUEVE EJES ARGENTINA SRL – 0 Km Oficiales - Usados Todas las Marcas.

Empresa familiar con 20 años de experiencia en la comercialización de unidades para el transporte de carga y maquinaria pesada.
Representante Oficial de:
IVECO
RANDON
LAMBERT
FURSAN
INDUSTRIAS STHAL
NEW HOLLAND


MINICARGADORA NEW HOLLAND L318

CONTAMOS CON IMPLEMENTOS PARA MINICARGADORAS

CONTAMOS CON ACUERDOS ESPECIALES CON BANCO ICBC, SANTANDER Y BANCO NACION.

 ANTICIPO DE CONTADO, SALDO A FINANCIAR, CON CHEQUES";;;New Holland;L318;2025;;9 Ejes;https://www.mercadolibre.com.ar/perfil/9 Ejes;;;;;;;;;;
MLA1623125441;https://articulo.mercadolibre.com.ar/MLA-1623125441;ok;;;Pala Cargadora Xcmg Lw321f (excelente Estado) 1.8mts - US$ 27.890;"pala cargadora xcmg
Único dueño/ titular del rodado, al día
.
¡Vende gsm!
25 años en el mercado industrial
.
Su consulta no molesta, escribidnos para más info.";;;pala cargadora;pala cargadora usada;2007;;Industriasfase;https://www.mercadolibre.com.ar/perfil/Industriasfase;;;;;;;;;;
MLA2638162514;https://articulo.mercadolibre.com.ar/MLA-2638162514;ok;;;Pala Cargadora Liangong 863 - 235 Hp - Balde 4.2m3 - US$ 11.990;"863 LIANGONG
Motor WEICHAI WD10G240E21, de 235 Hp.
Balde de 4.2m3.
Operación del Balde por Joystick Hidráulico.
Posicionador del balde Automático.
Capacidad de levante de 6500 kg.
Corte de Balde (Fin de Recorrido).
Circuito de Frenos Independientes.
Freno de Estacionamiento Neumático.
Neumático de alta TRACCION.
Cabina Vidriada ROPS FOPS 
con Visión Panorámica.
Aire Acondicionado Frío/Calor.
Peso Operativo 22.000 kg.
MP3.

EL PRECIO PUBLICADO CORRESPONDE A ANTICIPO EN DOLARES AMERICANOS. TIPO DE CAMBIO PESO – DÓLAR DEL DÍA DE LA VENTA DEL EQUIPO. LOS PRECIOS NO INCLUYEN IVA, FLETE, SEGURO, PATENTAMIENTO.
PROMOCIÓN VÁLIDA HASTA AGOTAR STOCK.
LAS IMÁGENES SON DE CARÁCTER ILUSTRATIVO AL PRODUCTO PROMOCIONADO

SU CONSULTA NO MOLESTA . UN ASESOR COMERCIAL SE PONDRÁ EN CONTACTO CON USTED
CASA MATRIZ: Garín (Escobar)
SUCURSALES Y DISTRIBUIDORES OFICIALES EN TODO EL PAÍS

- CONSULTE LA LÍNEA COMPLETA DE CARGADORAS LIANGONG

PLANES DE FINANCIACIÓN A MEDIDA
REPUESTOS - GARANTÍA - POST VENTA
VENTA DE EQUIPOS VIALES: para la construcción, movimiento de suelo, energía, forestal, agro, petróleo y logística

BISCAYNE MÁS DE 50 AÑOS - PRESENTES EN TODO EL PAÍS
Con una trayectoria de más de 50 años en el mercado de maquinaria vial, y una moderna Casa Central con talleres de ensamblado, Pre Entrega y Reparación de Equipos en la localidad de Garín, Biscayne brinda Garantía, Servicio Post-Venta y Repuestos con el respaldo de un servicio integral confiable, de calidad y con proyección comercial a largo plazo.
Conozca sus diez líneas de productos: Cargadoras, Motoniveladoras, Compactadores, Retroexcavadoras, Pala Y Retro, Mini Palas, Terminadoras, Topadoras, Autoelevadores y Plataformas de elevación";;;Liangong;863 LIANGONG;2026;;Biscayne;https://www.mercadolibre.com.ar/perfil/Biscayne;;;;;;;;;;
MLA1592260017;https://articulo.mercadolibre.com.ar/MLA-1592260017;ok;;;Segadora De Discos Lavrale 2,45 Ancho De Corte - US$ 10.615;"ANCHO DE CORTE 2,45 
Discos de corte de alta velocidad con cuchillas retractiles (2 unid por cada disco)
Cuenta con sistema hidráulico de elevación en la barra de corte para el traslado en rutas o caminos.
Sistema de seguridad contra impactos
Lona cobertora (opcional)
Realiza un corte perfecto, distribuyendo el material de forma uniforme y facilitando el secado.

SE FACTURA A O B";;;LAVRALE;S245;2025;;Alser Anca;https://www.mercadolibre.com.ar/perfil/Alser Anca;;;;;;;;;;
MLA1568784141;https://articulo.mercadolibre.com.ar/MLA-1568784141;ok;;;Retropala Gehl 4x4 - 950hs Año 2023 C/gtía - US$ 65.000;"SOMOS IMPOVIAL SRL
Alquiler y venta de maquinaria vial y pesada

Retropala GEHL 4x4 modelo x-920 año 2022 con 950 horas

3 meses de garantía

Puede verse en Francisco Alvarez, Acc oeste km 44. entre Moreno y Gral Rodriguez. Bs As.

SOMOS IMPOVIAL SRL
Alquiler y venta de maquinaria vial y pesada";;;GEHL;X-920;2023;3;Impovialsrlimpovialsrl;https://www.mercadolibre.com.ar/perfil/Impovialsrlimpovialsrl;;;;;;;;;;
MLA1550557155;https://articulo.mercadolibre.com.ar/MLA-1550557155;ok;;;Tractor Chery 160hp - US$ 78.000;"¡VALOR EXPRESADO EN DOLAR OFICIAL!

Descripción:
Año: 2023. 
Horas de uso: 0 hs. (igual a nuevo)
Unidad 0 km, con motor de 160 HP que asegura gran potencia y eficiencia para trabajos agrícolas intensivos. 
Su diseño robusto y confiable lo convierte en una excelente opción para labores de campo, garantizando rendimiento y durabilidad desde el primer día. 
Disponible para entrega inmediata, ideal para productores que buscan incorporar un equipo nuevo y sin uso.


UBICACIÓN: Resistencia, Chaco, Argentina.


¿QUIENES SOMOS?

Maquin-ar es el primer sitio web en Argentina especializado en la compra y venta de maquinaria. Somos una empresa comprometida con facilitar la gestión comercial de maquinaria en diversos sectores de la actividad económica, ofreciendo un espacio seguro, confiable y eficiente para comprar y vender equipos usados.

¿QUE NOS DIFERENCIA?

Maquin-ar se destaca por su alcance y atención al cliente en todo el país. Contamos con:

Cobertura nacional: Comercialización en 24 provincias de Argentina.
Atención personalizada: Disponible las 24 horas, los 7 días de la semana.
Red de talleres: Más de 150 talleres zonales distribuidos en todo el país.
Financiación exclusiva: Línea de financiación bancaria para equipos usados.
Certificación de equipos: Todos los equipos tienen posibilidad de ser certificados a través de Worklift.
Gestores especializados: Un equipo de 50 gestores comerciales con amplia experiencia en el negocio de compra-venta de maquinaria usada.

Con Maquin-ar, garantizamos un proceso de compra y venta ágil, seguro y con el respaldo de expertos en el sector.";;;Chery;160hp;2023;0;Maquinar;https://www.mercadolibre.com.ar/perfil/Maquinar;;;;;;;;;;
MLA2416041226;https://articulo.mercadolibre.com.ar/MLA-2416041226;ok;;;Tractor Cortacesped Giro Cero 20hp 122 Cm - US$ 7.960;"Estos tipos de tractores (giro cero) son lo mas rápido y maniobrable a nivel mundial, Una opción potente, precisa y duradera para quienes buscan transformar el cuidado del jardín en una tarea fácil y profesional.

* Ancho de corte 122cm.
* Motor bicilíndrico 20hp Briggs & Stratton.
* Arranque eléctrico.
* Transmisión hidrostática variable. 
* Velocidad variable.
* Plataforma flotante.
* Altura de corte 4 a 12cm, ocho posiciones
* Cantidad de cuchillas - 3
* Peso aprox: 385kg
* Dimensiones 1,95 x 1,20 x 1

El Cortacésped Pro Z Beast es una herramienta potente y eficiente, ideal para lograr excelentes rendimientos en jardines grandes o complejos deportivos con comodidad y rapidez.

CARACTERISTICAS DESTACADAS:
Motor Briggs & Stratton bicilindrico de 20 HP: Potente y confiable.

Tecnología de Giro Cero: Maniobrabilidad superior, excelente estabilidad y tracción, ideal para espacios reducidos.

Ancho de corte de 122cm: Gran cobertura en menos tiempo.

Construcción robusta: Alta durabilidad y resistencia.

Sistema de suspensión avanzado: Conducción cómoda y menos fatiga.

Equipamiento de confort y seguridad: Barra antivuelco, cinturón de seguridad, portavasos y asiento ergonómico.

Ventajas clave:
- Acabado profesional rápido y eficiente.
- Ideal para terrenos amplios y complejos.
- Requiere poco mantenimiento.
- Duradero y diseñado para uso intensivo.";;;Z-BEAST;giro cero;2025;;Alser Anca;https://www.mercadolibre.com.ar/perfil/Alser Anca;;;;;;;;;;
MLA1548102833;https://articulo.mercadolibre.com.ar/MLA-1548102833;ok;;;Dron Aplicador De Liquido Y Solido + Base Rtk - US$ 19.500;"DRON APLICADOR DE SOLIDO Y LIQUIDO MARCA TOPXGUN
CAPACIDAD DE 50 LTS O 60 KG REALES
DPOSITO DE SOLIDOS 70 LTS CON DOSIFICADOR DE DOBLE RODILLO INCLUIDO 
ANTENA RTK PARA MAYOR PRECISIÓN INCLUIDA
CARGADOR DE BATERIA Y 6 BATERIAS DE 20.000 mAh
HELICES Y ESTRUCTURA EN FIBRA DE CARBONO PARA MAYOR DURABILIDAD
RADARES DE PROXIMIDAD
CONTROL REMOTO CON PANTALLA DE 7 PULGADAS Y CALIBRACIÓN DEL BRILLO
4 ASPERSORES CON REGULACIÓN DEL TAMAÑO DE GOTA

PRECIO SN IVA

RECIBIMOS TU COMIONETA COMO PARTE DE PAGO (CONSULTAR CONDICIONES)
FINANCIACIÓN CON 12 CHEQUES";;;TOPXGUN;FP600;2025;;Sefarsa;https://www.mercadolibre.com.ar/perfil/Sefarsa;;;;;;;;;;
MLA1538232199;https://articulo.mercadolibre.com.ar/MLA-1538232199;ok;;;Tractor Cortacesped John Deere S100 - US$ 5.800;"Accesible, fácil de mantener y de uso intuitivo
Los tractores de jardín Serie S son fáciles de operar gracias a su transmisión hidrostática, tienen mayor durabilidad y brindan mayor confort.

Caracteristicas :
Motor Briggs & Stratton naftero de 17,5 hp monocilindrico, que entrega suficiente potencia y torque para todos los usos y condiciones.
Tren delantero de fundicion.
Encendido electrónico para arranques rápidos
Transmisión hidrostática y automática con control de velocidad y cambios de dirección mediante dos pedales.
Frenos de discos
Plataforma de corte de 1067 mm (42”) de ancho efectivo de trabajo, con corte regulable de 25 mm a 102 mm
Sistema de corte Edge™ con 2 cuchillas de excelente calidad de corte.
Plataforma del operador diseñada para una confortable operacion.
Luces de trabajo de gran luminosidad que mantienen la visibilidad durante trabajos nocturnos.

Opcionales :
Sistema de recoleccion.
Sistema de Mulching (trituracion).
Kit de Mantenimiento.";;;John Deere;S100;2025;;Charito Srl;https://www.mercadolibre.com.ar/perfil/Charito Srl;;;;;;;;;;
MLA2357196486;https://articulo.mercadolibre.com.ar/MLA-2357196486;ok;;;Tractor John Deere Modelo S100 17.5hp - US$ 5.700;"Tractor JOHN DEERE modelo S100 17.5hp: Potencia y Comodidad en Tu Jardín
Descubre el Tractor de Jardín JOHN DEERE S100, una máquina diseñada para transformar tu experiencia de jardinería. Con un motor de 17.5 hp, este tractor combina potencia y eficiencia, asegurando que el mantenimiento de tu espacio verde sea más fácil que nunca.

Rendimiento Excepcional
El sistema de corte Edge™ es una de las características más destacadas de este modelo. Proporciona un rendimiento excepcional en el corte, garantizando un acabado impecable en cada pase. Ya sea que necesites cortar césped alto o mantener un jardín bien cuidado, el S100 es la herramienta ideal.

Comodidad en Cada Movimiento
La comodidad es clave en el diseño del puesto de conducción. Este tractor ha sido elaborado pensando en el usuario, asegurando facilidad de manejo durante largas jornadas de trabajo. Además, el fácil accionamiento para subir y bajar la plataforma permite ajustar la altura de corte sin complicaciones, adaptándose a tus necesidades específicas.

Detalles Técnicos
Motor: 17.5 hp
Sistema de Corte: Edge™
Accionamiento: Fácil para subir y bajar la plataforma
Diseño de Conducción: Comodidad y facilidad de manejo
Con el Tractor JOHN DEERE modelo S100, cada tarea de jardinería se convierte en un placer. Máxima potencia, rendimiento y comodidad, todo en un solo producto. ¡Haz de tu jardín un lugar espectacular!";;;Jhon Deere;S100;2026;;Casa Neumann;https://www.mercadolibre.com.ar/perfil/Casa Neumann;;;;;;;;;;
MLA2357220998;https://articulo.mercadolibre.com.ar/MLA-2357220998;ok;;;Tractor John Deere X350 - US$ 8.395;"El Tractor John Deere X350 es la solución ideal para quienes buscan un equipo robusto, eficiente y fácil de manejar para el mantenimiento de su jardín. Equipado con un motor iTorque de 21.5 hp, bicilíndrico en V de 726 cc, este tractor ofrece un rendimiento superior con un funcionamiento suave y confiable, incluso en espacios reducidos.

Características principales
Transmisión hidrostática que garantiza una conducción cómoda y sin esfuerzo.
Plataforma Accel Deep™ de 122 cm (48”), diseñada para un corte limpio y preciso, adaptable a distintas condiciones de césped.
Panel de instrumentos digital, moderno y ergonómico, que facilita el control y la monitorización de las funciones del tractor.
Dirección de bajo esfuerzo mediante sistema de piñón y cremallera, ideal para maniobras precisas.
Bastidor reforzado de acero soldado, que asegura una estructura resistente y duradera.
Opciones de MulchControl™ para un corte y reciclaje eficiente del césped.
Ventajas adicionales
Este tractor no solo se destaca por su potencia y calidad de corte, sino también por su facilidad de mantenimiento gracias a un cofre de apertura sencilla. Además, su compatibilidad con la aplicación MowerPlus™ permite un seguimiento óptimo del estado del tractor y consejos para el cuidado del césped.

Con una garantía estándar de 4 años o 300 horas, el John Deere X350 representa una inversión confiable para mantener tu jardín impecable durante años.

Si buscas un tractor de jardín que combine tecnología avanzada, durabilidad y comodidad, el John Deere X350 es tu mejor elección.

¿Dónde comprar? Consulta en nuestra tienda online y aprovecha la posibilidad de descargar el folleto con toda la información técnica.

¡Mantén tu césped siempre perfecto con el Tractor John Deere X350!";;;John Deere;X350;2026;300;Casa Neumann;https://www.mercadolibre.com.ar/perfil/Casa Neumann;;;;;;;;;;
MLA1533116549;https://articulo.mercadolibre.com.ar/MLA-1533116549;ok;;;Radio Cero Husqvarna Z560x - US$ 30.906;"Llego la bestia!!!! No para de cortar a gran velocidad, este radio zero con diseño industrial representa el último desarrollo centrado en la productividad, la durabilidad y la calidad de corte. Proporciona un confort extremo, alta velocidad y tracción superior traducida en una excepcional eficiencia de corte. Recomendado para aquellos que buscan profesionalidad y productividad al extremo. La fuerza industrial en todo el diseño garantiza una vida útil larga y duradera en aplicaciones de corte comercial. La consideración cuidadosa del diseño proporciona una facilidad de servicio sin precedentes y verlo cortar genera admiración!!!

 
Especificaciones técnicas
Potencia máxima de motor (HP) 28,9 HP
Cilindrada 999 c.c.
Motor Kawasaki
Tipo de motor FX921V-HS04
Cantidad de cilindros Bicilíndrico
Capacidad de tanque de combustible (L) 45 L
Transmisión Hidrostática
Modelo de transmisión Hydro-Gear ZT 5400
Altura de corte mínimo 2,54 cm
Altura de corte máxima 12,7 cm
Posiciones de altura 16
Velocidades Automática
Velocidad de desplazamiento 19 Km/h
Cantidad de cuchillas 3
Accionamiento de cuchillas Eléctrico
Ancho de Plataforma 60 ""
Sistema de elevación de plataforma Manual (pedal)
Tipo de uso Profesional
Origen USA";;;Husqvarna;Z560X;2026;04;Casa Neumann;https://www.mercadolibre.com.ar/perfil/Casa Neumann;;;;;;;;;;
MLA1533137763;https://articulo.mercadolibre.com.ar/MLA-1533137763;ok;;;Mini Tractor Cortacésped John Deere S140 22hp - US$ 7.000;"Mini Tractor Cortacésped John Deere S140 22hp: Potencia y Comodidad en tu Jardín
Transforma el mantenimiento de tu césped con el Mini Tractor Cortacésped John Deere S140, diseñado para ofrecerte la combinación perfecta de potencia y confort. Equipado con un motor bicilíndrico en V de 22 hp (16,4 kW), este tractor proporciona un rendimiento excepcional en cada corte, permitiéndote disfrutar de un césped impecable con facilidad.

Características Destacadas:
Plataforma de Corte Edge™ de 48 pulgadas: Optimiza el proceso de corte, asegurando un acabado uniforme y preciso en tu jardín.
Transmisión hidrostática con pedales de lado a lado: Facilita el manejo, permitiendo una conducción suave y controlada en cualquier terreno.
Estación del operador amplia y cómoda: Diseñada para brindarte la mejor experiencia, con un asiento con respaldo abierto de 15 pulgadas que garantiza confort durante largas jornadas de trabajo.
Parachoques delantero estándar: Aumenta la durabilidad del tractor y protege tu inversión.
Especificaciones Técnicas:
Potencia: 22 hp (16,4 kW)
Motor: Bicilíndrico en V
Ancho de Corte: 48 pulgadas
Transmisión: Hidrostática
Estación del operador: Amplia y cómoda
Asiento: Respaldo abierto de 15 pulgadas
Con el Mini Tractor Cortacésped John Deere S140, el mantenimiento de tu jardín se convierte en una tarea sencilla y agradable. ¡No esperes más para mejorar tu experiencia de jardinería y adquiere el tuyo hoy mismo!";;;John Deere;S 140;2026;;Casa Neumann;https://www.mercadolibre.com.ar/perfil/Casa Neumann;;;;;;;;;;
MLA2223478342;https://articulo.mercadolibre.com.ar/MLA-2223478342;ok;;;Tractor Usado Radio Giro Cero Husqvarna Z254 - $ 8.000.000;"TRACTOR USADO CON SOLO 100 HS DE USO – EXCELENTE OPORTUNIDAD

El Tractor Husqvarna Z254 de radio cero combina diseño, potencia y rendimiento para transformar el mantenimiento del césped en una tarea eficiente y ágil. Diseñado para grandes superficies, es ideal para uso rural y usuarios exigentes.

Ventajas del producto:

Motor Kawasaki FR730V-HS14 bicilíndrico de 24 HP

Transmisión hidrostática Hydro-Gear EZT

Ancho de corte de 54 pulgadas

3 cuchillas con accionamiento eléctrico

6 posiciones de altura de corte (3,81 a 10,16 cm)

Tanque de combustible de 13,2 litros

Velocidad máxima de 10,5 km/h

Plataforma con sistema de elevación manual

Fabricado en Estados Unidos

Se cambio el motor (100 Hs de uso), estructura con mas hora de uso, pero listo para trabajar.

CIMECO SAS – Venta y reparación de herramientas y equipos. Servicio técnico. Envíos a todo el país. Atención mayorista y minorista. Servicio postventa garantizado.";;;Husqvarna;Z254;2022;14;Cimeco Sas;https://www.mercadolibre.com.ar/perfil/Cimeco Sas;;;;;;;;;;
MLA2192903424;https://articulo.mercadolibre.com.ar/MLA-2192903424;ok;;;Descompactador De Suelos Acepla - $ 14.630.000;"Modelos desde 4, 6, 8, 10 timones

CARACTERÍSTICAS:
- A 55 cm
- Cuchillas rastrojeras con y sin resortes
- Timones de 3/4 y 1"" con rejas abulonadas
- Rolo sellador con regulación de profundidad de trabajo
- Levante delantero y trasero hidráulico, en llantas 17"" o 15.5 AF (alta flotación, dependiendo del modelo) 
- Color a elección

PRECIO DE LISTA CON IVA INCLUIDO, CONSULTAR POR FORMAS DE FINANCIACIÓN Y BONIFICACIONES

El precio publicado corresponde al modelo de 4 timones";;;Acepla;Descompactador suelos;2025;;Acepla;https://www.mercadolibre.com.ar/perfil/Acepla;;;;;;;;;;
MLA2192903060;https://articulo.mercadolibre.com.ar/MLA-2192903060;ok;;;Rolo Culminación De Labranza Transportable Hidráulico Acepla - $ 16.250.000;"Modelos de 3 cuerpos (nuevo modelo con cajas)

CARACTERÍSTICAS:
- Rabasto regulable
- Con 2 hileras de peines (opcional 3 hileras) y rolos de 60 cm montado sobre cajas con doble rodamientos
- Anchos de trabajo desde 5 mts hasta 8 mts
- Transporte con llantas reforzadas 16"" (4)
- Color a elección

PRECIO DE LISTA CON IVA INCLUIDO, CONSULTAR POR FORMAS DE FINANCIACIÓN Y BONIFICACIONES

El precio publicado corresponde al modelo de 5 metros";;;ACEPLA;Rolo 3 cuerpos;2025;;Acepla;https://www.mercadolibre.com.ar/perfil/Acepla;;;;;;;;;;
MLA1507060233;https://articulo.mercadolibre.com.ar/MLA-1507060233;ok;;;Tractor Lovol Te254 25hp 4x4 3 Puntas - US$ 12.500;"Tractor nuevo diésel 25 hp 
Tracción 4x4
Con inversor de marchas
Sistema de tres puntos y salidas hidráulicas 
Asiento regulable con suspensión. 
Robusto, compacto, confortable y eficiente
. 
PRECIO PUBLICADO SIN IVA
Distribución en todo el país a través de nuestra red comercial
Asistencia postventa 
Producto con garantía de fábrica
TBDL distribuidor oficial en Argentina";;;Lovol;TE254;2025;;Turbodisel;https://www.mercadolibre.com.ar/perfil/Turbodisel;;;;;;;;;;
MLA1507124649;https://articulo.mercadolibre.com.ar/MLA-1507124649;ok;;;Pala Cargadora Lovol Fl955k 217hp Motor Weichai Balde De 3m - US$ 98.000;"Pala cargadora nueva 217 hp motor Weichai
3m de balde
Con joystick
Ejes y articulaciones reforzadas
Cabina con aire acondicionado y excelente insonorización
Asiento regulable con suspensión. 
Robusta, compacta, confortable y eficiente
.
PRECIO PUBLICADO SIN IVA
Distribución en todo el país a través de nuestra red comercial
Asistencia postventa 
Producto con garantía de fábrica
TBDL distribuidor oficial en Argentina";;;Lovol;FL955k;2025;;Turbodisel;https://www.mercadolibre.com.ar/perfil/Turbodisel;;;;;;;;;;
MLA1507020621;https://articulo.mercadolibre.com.ar/MLA-1507020621;ok;;;Pala Cargadora Lovol Fl936h 124hp Motor Weichai Balde 2m - US$ 64.000;"Pala cargadora nueva diesel 124hp motor Weichai
Balde de 2m
Tracción 4x4 
Cabina con aire acondicionado y excelente insonorización
Asiento regulable con suspensión. 
Robusto, compacto, confortable y eficiente
Precio corresponde a la pala con motor Weichai sin acople rápido. Disponemos también de otras opciones con acople rápido y motor Cummins
. 
PRECIO PUBLICADO SIN IVA
Distribución en todo el país a través de nuestra red comercial
Asistencia postventa 
Producto con garantía de fábrica
TBDL distribuidor oficial en Argentina";;;Lovol;FL936H;2025;;Turbodisel;https://www.mercadolibre.com.ar/perfil/Turbodisel;;;;;;;;;;
MLA2057413988;https://articulo.mercadolibre.com.ar/MLA-2057413988;ok;;;Extractora De Silos De Forrajes - $ 111.111.111;"EXTRACTOR DE FORRAJES Y GRANOS EMBOLSADOS
FURCA BOLSA 3800
Conociendo la realidad dinámica de los productores de campo, que día a día requieren de soluciones más eficientes y con la gran experiencia obtenida con el extractor FURCA BOLSA, fraga presenta el FURCA BOLSA 3800: el extractor de forrajes embolsados más moderno del mercado argentino.
Esta máquina fue diseñada especialmente para extracción de bolsas de 9 pies, ya que su ancho le permite trabajar todo el frente de la misma, sin tener que desplazar el equipo lateralmente. Su pala se encuentra provista de dientes para el caso de silos de alfalfa y bajando unas compuertas que posee queda en condiciones para trabajar en silos de maíz, sorgo o grano húmedo.
El forraje extraído es orientado por la fresa hacia un sinfín ubicado al ras del piso que lo recibe y lo entrega a un ventilador, el cual se encarga de elevar el material a los carros forrajeros o mixer por medio de un tubo de descarga. Para facilitar el trabajo del operador, la tolva posee giro hidráulico y movimiento eléctrico del orientador superior. Su velocidad de carga es sumamente eficiente ya que es capaz de cargar 1500 kg por minuto de trabajo.
Constructivamente consta de una pala con doble movimiento hidráulico, la cual se encarga de extraer el forraje de la bolsa. El material picado queda contenido entre las placas laterales y es desplazado hasta un sinfín que se encuentra a nivel de piso. El mismo transporta el forraje al ventilador, el cual lo impulsa por el tubo de descarga hacia los carros o mixer. Dicho tubo posee giro hidráulico y cuenta con un deflector de accionamiento eléctrico permitiendo una carga ordenada y equitativa.
Otra gran característica del equipo es evitar los problemas de rotura de embrague de los tractores, ya que en el proceso de trabajo del mismo no se producen empujes con el tractor contra el material a extraer. Cabe destacar además que no acarrea los típicos problemas de días de lluvia gracias a los pocos movimientos que se deben hacer con el equipo.
Sistema de acople al tractor: De arrastre Opcionales: Prolongación de tubo de descarga
Accionamiento: Toma potencia del tractor
Levante de máquina: Hidráulico
Revoluciones requeridas: 540 RPM
Giro de tubo de descarga: Hidráulico
Potencia requerida: 60 HP
Movimiento del deflector: Eléctrico
Ancho de trabajo: 415 cm.
Rodados:Dos (2) de 14""
Movimiento de pala extractora: Por dos hidráulicos";;;Fraga;EXTRACTORA DE SILOS DE FORRAJES;2025;;Maquinarias Ibarrola;https://www.mercadolibre.com.ar/perfil/Maquinarias Ibarrola;;;;;;;;;;
MLA1487317545;https://articulo.mercadolibre.com.ar/MLA-1487317545;ok;;;Tractor Pauny Brioso,cummins 215 Hp, Hid 315 Litros  2500rpm - US$ 156.000;Encontrá más productos en Mercado Libre;;;Pauny;Brioso;2025;;Cignoli Hnos;https://www.mercadolibre.com.ar/perfil/Cignoli Hnos;;;;;;;;;;
MLA1476263997;https://articulo.mercadolibre.com.ar/MLA-1476263997;ok;;;Pala Cargadora Caterpillar 988f - US$ 100.000;"FICHA TECNICA DEL EQUIPO

AÑO: 1995
POTENCIA: 430 HP
PESO OPERATIVO: 49 TONELADAS
BALDE: 10 MT3, CON OPCION DE VOLVERLO AL ORIGINAL DE 7 MTS

Riwel S.A. es una empresa con más de 40 años en este rubro, contamos con la experiencia necesaria para brindarte el mejor asesoramiento y una gran variedad de equipos, como:

-Retropalas
-Pala Cargadoras
-Motoniveladoras
-Excavadoras
-Topadoras
-Compactadores
-Rodillos
-Camiones
-Minicargadoras
-Autoelevadores

Nuestra empresa te brindara la mejor atención según tu necesidad. Te esperamos!";;;CAT;988F;1995;;Riwel;https://www.mercadolibre.com.ar/perfil/Riwel;;;;;;;;;;
MLA1473968997;https://articulo.mercadolibre.com.ar/MLA-1473968997;ok;;;Tractor Cortacésped Roland H 122 C/ Bolsa Recolectora - US$ 9.109;"CARACTERÍSTICAS: 

-Motor Briggs & Stratton bicilíndrico 4 tiempos, nafta
-Dirección Hidrostática con tracción trasera
-Potencia: 22HP
-Tracción simple
-Bloqueo diferencial
-Dimensiones: 2400mm largo x 1260 mm ancho x 1185 mm alto
-Peso: 276 kg
-Ancho de corte: 122cm
-Altura de corte: 2,5 cm a 8cm
-Tipo de ruedas: inflables – tipo parqueras
-Capacidad de bolsa recolectora: 320lts
-Pendiente máxima de trabajo: 12°
 

DESCRIPCIÓN: 

Cortacésped autopropulsado con motor Briggs & Stratton / Intek 7220.
23 HP de potencia transmitida mediante correas en V hacia el eje trasero con engranaje variable continuo y mediante un acoplamiento electromagnético a la plataforma de corte.

Plataforma de corte: Conjunto de dos cuchillas con un eje vertical de giro y un alcance de 102 cm de ancho, accionada por una correa de dos caras dentadas.

Colector de césped: El césped residual es conducido a través de un canal hacia el colector o dirigido al suelo con el deflector. En vez de hacer la recogida, el cortacésped puede hacer un montón bloqueando el canal de expulsión y usando dos cuchillas de trituración.



-.-.-.-.-.-.-.-.-.-.-.-.-.-.-.-

> IMPORTANTE: 

*EL PRECIO PUBLICADO ES FINAL, INCLUYE EL IVA DEL 10,5%

*LOS PRECIOS ESTÁN EXPRESADOS EN DÓLARES ESTADOUNIDENSES

*TIPO DE CAMBIO A DÓLAR OFICIAL VENTA BNA 

*PRECIO EN FÁBRICA (NO INCLUYE FLETE A CONCESIONARIO NI OTROS TRASLADOS)  

*FOTOS A MODO ILUSTRATIVO

*EL PRECIO PUBLICADO TIENE DESCUENTO QUE CORRESPONDE AL PAGO DE CONTADO

*CONSULTA POR FINANCIACIONES DISPONIBLES Y ENTREGA INMEDIATA EN CONCESIONARIOS";;;Roland H;RH122;2025;;Roland H;https://www.mercadolibre.com.ar/perfil/Roland H;;;;;;;;;;
MLA2198781754;https://articulo.mercadolibre.com.ar/MLA-2198781754;ok;;;Pala Cargadora Michigan - M95 - US$ 115.800;"Pala cargadora Michigan M95

¡VALOR EXPRESADO EN DOLAR BILLETE!

Descripción:
Cargadora frontal Michigan M95

Año: 2023
Horas de uso: 5
Motor Weichai de 220hp.
Balde de 3 metros.
Capacidad de levante de 5.000kg
Peso operativo 17 toneladas.
Capacidad de carga 5.000kg.


UBICACIÓN: RESISTENCIA, CHACO

¿Quiénes somos?

Maquin-ar es el primer sitio web en Argentina especializado en la compra y venta de maquinaria. Somos una empresa comprometida con facilitar la gestión comercial de maquinaria en diversos sectores de la actividad económica, ofreciendo un espacio seguro, confiable y eficiente para comprar y vender equipos usados.

¿Qué nos diferencia?

Maquin-ar se destaca por su alcance y atención al cliente en todo el país. Contamos con:

Cobertura nacional: Comercialización en 24 provincias de Argentina.
Atención personalizada: Disponible las 24 horas, los 7 días de la semana.
Red de talleres: Más de 150 talleres zonales distribuidos en todo el país.
Financiación exclusiva: Línea de financiación bancaria para equipos usados.
Certificación de equipos: Todos los equipos tienen posibilidad de ser certificados a través de Worklift.
Gestores especializados: Un equipo de 50 gestores comerciales con amplia experiencia en el negocio de compra-venta de maquinaria usada.

Con Maquin-ar, garantizamos un proceso de compra y venta ágil, seguro y con el respaldo de expertos en el sector.";;;Michigan;M95;2023;5;Maquinar;https://www.mercadolibre.com.ar/perfil/Maquinar;;;;;;;;;;
MLA1650129205;https://articulo.mercadolibre.com.ar/MLA-1650129205;ok;;;Hoyadora Para Tractor C/3 Puntos Incluye Broca 330x1400 Mm. - $ 2.290.970;"Hoyadora Para 3 puntos de Tractor . Nacional

El precio incluye Broca de 330x1400mm
El precio NO incluye IVA 10.5%

Caja reductora eje de salida 40mm
Engranajes Cromo Niquel
Entrada Estriada Z6
Cárdan blindado con Zafe
Broca de 330x1400mm (Cuchillas intercambiables)
Cigueña de Acero. Tubo 6mm de espesor
Lista para colocar al 3 puntos y Funcionar.

Despachos dede CABA al Interior del País
Retiro en persona desde nuestra planta";;;Seery;L300;2024;;Martin Miguel;https://www.mercadolibre.com.ar/perfil/Martin Miguel;;;;;;;;;;
MLA2290495856;https://articulo.mercadolibre.com.ar/MLA-2290495856;ok;;;Silo Comedero Para Ganado 5.7 Tn - US$ 3.951,69;"Forma de pago 12 valores (0 a 330 días) IVA incluido.

-Silo C3-3 con un diametro de 1.86 m por tres hileras de altura lo que hace un volumen de 7.7 m3 que para un peso específico de 750 kg/m3 da una capacidad de 5.7 ton (maíz).
-Altura de la boca de llenado 3.85 m.
-Cilindro construido en chapa galvanizada, abulonado con buones y arandelas y sellador todo galvanizado.
-Cuenta con una puerta entrada hombre para efectuar trabajos de limpieza o mantenimiento.
-12 bocas de consumo con tapsdecerre estancas a la lluvia, patines de arrastre reforzados con enganches.


-Consultar por financiación de fábrica.
-Consultar por versión con bandeja de acero inoxidable.
-Importante descuento por pago contado.";;;FADESI SRL;C3-3;2025;;Fadesisrl;https://www.mercadolibre.com.ar/perfil/Fadesisrl;;;;;;;;;;
MLA2044815794;https://articulo.mercadolibre.com.ar/MLA-2044815794;ok;;;Tractor Pauny 250 Evo, Cummins 160 Hp, Cabina, Aire. - US$ 93.880;tractor Pauny 250 nuevo, o hs, con cabina y aire acondicionado, columna de direccion rebatible, motor cummins de 160 hp, 1 año de garantia;;;Pauny;250 EVO;2024;;Cignoli Hnos;https://www.mercadolibre.com.ar/perfil/Cignoli Hnos;;;;;;;;;;
MLA1526406417;https://articulo.mercadolibre.com.ar/MLA-1526406417;ok;;;Tracto Cortadora De Cesped Mod Tc800 Alser Anca 9 Hp - US$ 2.415;"SOMOS FABRICANTES !! 
ANTES DE CONFIRMAR, CONSULTAR DISPONIBILIDAD 

- Tres ruedas 400 x 8
- 80 cm de corte con cuchillas de acero oscilantes y reversibles.
- Altura de corte regulable 4 - 7 CM

SE FACTURA A O B
 
Las cortadoras de césped Alser-Anca, tienen grandes ventajas; ninguna de las ruedas de apoyo pisa el pasto antes de cortarlo, la rueda que tracciona esta debajo del conductor evitando que patine ante los desniveles del terreno, poseen un sencillo mecanismo de avance y retroceso, todo unificado en una palanca, para cambiar la marcha sin necesidad de apretar embrague o frenar, otorgándole máxima agilidad y respuesta inmediata. el peso bien distribuido las hace aptas para trabajos en terrenos con pendiente y sin problemas de vuelco. Un mínimo radio de giro le permite rodear arboles cortando y sin alejarse de los mismos. Otra ventaja del corte lateral es que la plataforma puede cortar debajo de arbustos o arboles bajos sin molestias al conductor. para el traslado o arranque del motor cuentan con embrague a las cuchillas y tienen protecciones de seguridad, sobre todo en sus movimientos giratorios. Muy bajo costo de mantenimiento.";;;Alser Anca;TC800;2025;;Alser Anca;https://www.mercadolibre.com.ar/perfil/Alser Anca;;;;;;;;;;
MLA2812870142;https://articulo.mercadolibre.com.ar/MLA-2812870142;ok;;;Cargadora Frontal Hew Holland 0 Km - US$ 114.000;"NUEVE EJES ARGENTINA SRL – 0 Km Oficiales - Usados Todas las Marcas.

Empresa familiar con 20 años de experiencia en la comercialización de unidades para el transporte de carga y maquinaria pesada.
Representante Oficial de:
IVECO
RANDON
LAMBERT
FURSAN
INDUSTRIAS STHAL
NEW HOLLAND


CARGADORAS FRONTALES NEW HOLLAND 

CONTAMOS CON ACUERDOS ESPECIALES CON BANCO ICBC, SANTANDER Y BANCO NACION.

MINIMO ANTICIPO DE CONTADO, SALDO A FINANCIAR, CON CHEQUES , SIN INTERESES.

- CONSULTAR POR FINANCIACIÓN..
- AÑO: 0km
- MARCA: NEW HOLAND.
- TODOS LOS MODELOS Y CONFIGURACIONES.
- CONSULTE TAMBIÉN POR UNIDADES USADAS.
- LAS IMÁGENES SON A MODO DEMOSTRATIVO.";;;New Holland;D12;2025;;9 Ejes;https://www.mercadolibre.com.ar/perfil/9 Ejes;;;;;;;;;;
MLA1511441977;https://articulo.mercadolibre.com.ar/MLA-1511441977;ok;;;Pala Cargadora Xcmg - Zl50gn - US$ 130.000;"Pala Cargadora XCMG - ZL50GN

 ¡VALOR EXPRESADO EN DOLAR OFICIAL!

Descripción:
Año: 2023.
Horas de uso: 12 hs.
Capacidad de balde 3M3.
Carga nominal 5000 KG. 
Altura de descarga 3090 mm. 
Distancia de descarga 4110 mm.
Modelo de motor WEICHAI WD10G22.
Potencia de motor 217 hp.
Peso de operación 17500 KG .
Neumáticos 23.5-25.

UBICACIÓN: Córdoba, Córdoba, Argentina.

¿QUIENES SOMOS?

Maquin-ar es el primer sitio web en Argentina especializado en la compra y venta de maquinaria. Somos una empresa comprometida con facilitar la gestión comercial de maquinaria en diversos sectores de la actividad económica, ofreciendo un espacio seguro, confiable y eficiente para comprar y vender equipos usados.

¿QUE NOS DIFERENCIA?

Maquin-ar se destaca por su alcance y atención al cliente en todo el país. Contamos con:

Cobertura nacional: Comercialización en 24 provincias de Argentina.
Atención personalizada: Disponible las 24 horas, los 7 días de la semana.
Red de talleres: Más de 150 talleres zonales distribuidos en todo el país.
Financiación exclusiva: Línea de financiación bancaria para equipos usados.
Certificación de equipos: Todos los equipos tienen posibilidad de ser certificados a través de Worklift.
Gestores especializados: Un equipo de 50 gestores comerciales con amplia experiencia en el negocio de compra-venta de maquinaria usada.

Con Maquin-ar, garantizamos un proceso de compra y venta ágil, seguro y con el respaldo de expertos en el sector.";;;Xcmg;ZL50GN;2023;12;Maquinar;https://www.mercadolibre.com.ar/perfil/Maquinar;;;;;;;;;;
MLA1487201739;https://articulo.mercadolibre.com.ar/MLA-1487201739;ok;;;Mixer Vertical 1478flex, Doble Descarga - $ 45.200.000;"Mixer MV 1478 Flex
Mixer 1478 Flex: mayor capacidad de carga y la posibilidad de descargar de ambos lados, haciendo que sean menos los recorridos con el equipo cargado y facilitando la tarea de descarga para el operador. Es abulonado, logrando el reemplazo parcial o total de sus partes e incorpora cuatro celdas de carga que permiten el pesaje de los productos, con el tractor desacoplado de la máquina. Como muestra de su innovación constante, incorpora un nuevo sin fin dual que hace que la mezcla se desarrolle en menor tiempo y que la descarga sea homogénea. Su mayor espesor prolonga la vida útil. Todo esto acompañado de un menor consumo de potencia que los modelos anteriores.";;;Montecor;1478 Flex;2025;;Cignoli Hnos;https://www.mercadolibre.com.ar/perfil/Cignoli Hnos;;;;;;;;;;
MLA2660276222;https://articulo.mercadolibre.com.ar/MLA-2660276222;ok;;;Sembradora De Hortalizas Y Cebolla - Nova Tecnica Agricultur - $ 1.111.111;"• SEMBRADORA DE HORTALIZAS Y CEBOLLA NEUMATICA 
* Sembradora 3 puntos
* Distancia de siembra variable
* Dosificación neumática 
*Caja de cambios a engranajes de fácil manejo.
* Abresurcos con paralelogramo
* Discos dobles de 15"" o monodisco
* Control de profundidad en ruedas tapadoras.
* Tolvas de semillas individuales para siembra neumática
 Configuraciones adaptables a los requerimientos del usuario";;;NOVA TECNICA;SEMBRADORAS HORTALIZAS (CEBOLLA, ZANAHORIA, ETC.);2025;;Novatecnicasas;https://www.mercadolibre.com.ar/perfil/Novatecnicasas;;;;;;;;;;
MLA1474132087;https://articulo.mercadolibre.com.ar/MLA-1474132087;ok;;;Tractor Agrícola Tipo Fiat Marca Chery 58hp 4x4 - Financiado - US$ 22.500;"Tractor 58 HP 4X4

MOTOR
TIPO Diesel 4 cilindros, 4 tiempos, inyección directa.
498BT. Refriegerado por agua
POTENCIA (HP) 50
Desplazamiento, cm3 3168
PTO (HP) 45
Velocidad de rotación (RPM) 2400
Capacidad tanque de comb. L 55

SISTEMA DE TRANSMISION
Número de marchas 12F/12R
Min/max KM/h Avance 2,35-33/Retroceso 2,06-27
Mecanismo de dirección Hidrostática con bomba independiente
Embrague Doble embrague-Seco
Bloqueo de diferencial Mecánico

FRENOS
Freno principal Disco seco
Accionamiento Mecánico
Freno de estacionamiento SI

TOMA DE FUERZA (PTO)
PTO, Rpm 540/1000
Nro de estrías/ Diámetro 6 estrías 35mm

SISTEMA HIDRÁULICO
Tipo de bomba Engranaje (Centro abierto)
Bomba L/min 33
Valvulas de control remoto 2 de doble acción
Suspensión de 3 puntos Cat 2
Capacidad de levante a 610mm en kg 833

DIMENSIÓN
Largo total, mm 3980
Ancho total mm 1680
Altitud mm 2130
Distancia e ejes mm 1980
min distancia al suelo mm 370
minimo radio de giro mm 4200
Peso, kg 2170
Llantas AG/ Delantera/trasera 8.3-20/12.4-28

1500 horas de GARANTIA!
OFRECE AMERICAN AGRO";;;Chery Bylion;Rk504;2021;1500;American Agro;https://www.mercadolibre.com.ar/perfil/American Agro;;;;;;;;;;
MLA1506323409;https://articulo.mercadolibre.com.ar/MLA-1506323409;ok;;;Lamina Niveladora De 3 Puntos - $ 11.111.111;"Lámina niveladora Lavrale

De 3 PUNTOS
Modelo de distintos anchos de labor. 
Ángulo de funcionamiento excelente;
Hoja reversible;
Estructura reforzada;
Inclinación vertical de 0 ° a 30 ° y horizontal de 0 ° a 45 °";;;LAVRALE;NIVELADORA;2025;;Maquinarias Ibarrola;https://www.mercadolibre.com.ar/perfil/Maquinarias Ibarrola;;;;;;;;;;
MLA1511518733;https://articulo.mercadolibre.com.ar/MLA-1511518733;ok;;;Pala Cargadora Caterpillar - 938h - US$ 105.000;"Pala Cargadora Caterpillar - 938H

 ¡VALOR EXPRESADO EN DOLAR OFICIAL!

Descripción:
Año: 2011
Peso: 15.1t.
Capacidad cuchara: 2.3m³.
Capacidad de la pala min.: 2.3m³
Capacidad de la pala max.: 3m³.
Rendimiento de motor: 134 kW.


UBICACIÓN: Don Torcuato, Provincia de Buenos Aires, Argentina.

¿QUIENES SOMOS?

Maquin-ar es el primer sitio web en Argentina especializado en la compra y venta de maquinaria. Somos una empresa comprometida con facilitar la gestión comercial de maquinaria en diversos sectores de la actividad económica, ofreciendo un espacio seguro, confiable y eficiente para comprar y vender equipos usados.

¿QUE NOS DIFERENCIA?

Maquin-ar se destaca por su alcance y atención al cliente en todo el país. Contamos con:

Cobertura nacional: Comercialización en 24 provincias de Argentina.
Atención personalizada: Disponible las 24 horas, los 7 días de la semana.
Red de talleres: Más de 150 talleres zonales distribuidos en todo el país.
Financiación exclusiva: Línea de financiación bancaria para equipos usados.
Certificación de equipos: Todos los equipos tienen posibilidad de ser certificados a través de Worklift.
Gestores especializados: Un equipo de 50 gestores comerciales con amplia experiencia en el negocio de compra-venta de maquinaria usada.

Con Maquin-ar, garantizamos un proceso de compra y venta ágil, seguro y con el respaldo de expertos en el sector.";;;CAT;938H;2011;24;Maquinar;https://www.mercadolibre.com.ar/perfil/Maquinar;;;;;;;;;;
MLA2210904924;https://articulo.mercadolibre.com.ar/MLA-2210904924;ok;;;Rastra De Tiro Excentrico Pesada - $ 30.400.000;"RASTRA DE TIRO EXCENTICO 28 discos de 28” - modelo SL-250
CARACTERISTICAS:
• Chasis de tubo conformado 160x120x8mm.
• Largueros de tubo conformado 160x120x8mm. conformado en tubo, para regulación con grampas
• Discos marca Ingersoll 28”, espesor 8mm.
• 10 Bancadas 32214, con lubricación por grasa 
• 4 ejes de disco de acero redondo 50mm. 
• Separadores de fundición de 250mm.
• Maza reforzada, punta de eje 63.5mm. 
• Llantas 8,25x22,5” para cubiertas radiales 285/70-22,5. (Cubiertas no incluidas, opcionales)
• Cilindro hidráulico 4” para levante y transporte.
• Lanza de tiro regulable con resorte y sistema desplazable. 
• Ancho de corte 3,50 mts.
• Peso aproximado 3600 kg. (130 kg por disco)
• Potencia mínima requerida 130-140HP (aproximadamente).";;;DOLZANI;TE 28X28-250;2025;;Luis Dolzani;https://www.mercadolibre.com.ar/perfil/Luis Dolzani;;;;;;;;;;
MLA1646997583;https://articulo.mercadolibre.com.ar/MLA-1646997583;ok;;;Tavol Tl504 - 50hp Asp - 4x4 - Frutero - Cab**iva Incluido** - US$ 21.490;"TAVOL	
	
Tractor TAVOL TL504	
	
MOTOR:	
Marca YTO - 4 Cilindros de 2,85 cc - 50HP - aspirado - filtro de aire seco - Inyeccion por bomba lineal 	
mecanica	
	
TRANSMISION:	
4WD - 8 marchas de avance y 2 de retroceso - engranaje constante	
	
	
EMBRAGUE Y TOMA DE FUERZA:	
Seco de doble efecto - TDF mecanica de 2 velocidades 540/760	
	
SISTEMA HIDRAULICO:	
Flujo de caudal 34Lts./Min. - 2 salidas dobles de circuito abierto	
	
NEUMATICOS:	
Delanteros 280/70R20 (radiales)	
Traseros 380/85R24 (radiales)	

COMPRESOR DE AIRE:
Compresor de aire para uso múltiples.

CABINA:
Cabina equipada con aire acondicionado (opcional), ventilador, calefacción, estéreo con entrada USB y bluetooth, parlantes, luces interiores y techo tipo solar.  Apertura de todos los cristales y puertas laterales con cerradura y llaves.

*******EL VALOR PUBLICADO ES IVA INCLUIDO******

*******FLETE GRATIS HASTA 400km.************

REPRESENTANTE OFICIAL TAVOL

SERVICIO POST VENTA

REPUESTOS ORIGINALES EN STOCK REAL

UNIDADES CON GARANTIA DE FABRICA

FINANCIACION:

-BNA CONECTA - TARJETAS PyME y AGRONACION

-CHEQUES

-FINANCIACION PROPIA CON PLANES A MEDIDA PARA CADA CLIENTE";;;TAVOL;TL 504 - CABINADO;2026;;Martinoagrimaquinarias;https://www.mercadolibre.com.ar/perfil/Martinoagrimaquinarias;;;;;;;;;;
MLA1564677363;https://articulo.mercadolibre.com.ar/MLA-1564677363;ok;;;Recolector De Pasturas Para  Cosechadoras John Deere Y Otras - $ 26.800.000;Recolector de pasturas a lonas partidas, ( o lona entera) , ancho de labor de 2,40 mts., a 3 mts de maximo, cero perdidas ideal para pasturas y recolección de semillas, cero perdidas.;;;GESER;GS 300;2023;;Geser Metalúrgica;https://www.mercadolibre.com.ar/perfil/Geser Metalúrgica;;;;;;;;;;
MLA2785780328;https://articulo.mercadolibre.com.ar/MLA-2785780328;ok;;;Tavol Tl904 - 90hp Turbo 4x4  - Cabinado **iva Incluido** - US$ 35.490;"Tractor TAVOL TL904	
	
MOTOR:	
Marca YTO - 4 Cilindros de 4,08 cc - 90HP - turbo alimentado - filtro de aire humedo - Inyeccion por 	
 bomba lineal mecanica	
	
TRANSMISION:	
4WD  -  12 marchas de avance y 12 de retroceso - C/inversor de marchas mecanico - engranaje constante   	
	
TOMA DE FUERZA	
2 velocidades (540/760) - accionamiento independiente mecanico	
	
SISTEMA HIDRAULICO:	
Flujo de caudal 48Lts./Min. -  2 salidas dobles de circuito abierto 	
	
NEUMATICOS:	
Delanteros 280/85R20 (radiales)	
Traseros 380/85R30 (radiales)	

CABINA:
Equipada con aire acondicionado, calefacción, ventilador, estéreo con bluetooth y entrada USB mas parlantes, todos los vidrios con apertura, puertas con cerradura y llave, techo tipo solar.

ACCESORIO:
Compresor de aire para usos múltiples.

******EL VALOR PUBLICADO ES CON IVA INCLUIDO*****

REPRESENTANTE OFICIAL TAVOL 

UNIDADES CON GARANTIA DE FABRICA

SERVICIO POST-VENTA

REPUESTOS ORIGINALES EN STOCK REAL

FINANCIACIONES:

BNA CONECTA / TARJETAS PyME y AGRONACION

FINANCIACION PROPIA CON PLANES A MEDIDA PARA CADA CLIENTE


******FLETE GRATIS HASTA 400km.******";;;TAVOL;TL904;2026;;Martinoagrimaquinarias;https://www.mercadolibre.com.ar/perfil/Martinoagrimaquinarias;;;;;;;;;;
MLA2177802626;https://articulo.mercadolibre.com.ar/MLA-2177802626;ok;;;Pala Cargadora Hyundai Hl730-7 Año 2006 9700kg Balde 1.8m3 - US$ 48.500;"Pala Cargadora Hyundai HL730-7
1500hrs segun horometro
Motor 4 cilindros cummins turbo (120hp)
Capacidad del balde: 1.8m3
Muy buen estado general de la maquina.
Vea video funcionando.";;;Hyundai;HL730-7;2006;;Demaquinas;https://www.mercadolibre.com.ar/perfil/Demaquinas;;;;;;;;;;
MLA1473676435;https://articulo.mercadolibre.com.ar/MLA-1473676435;ok;;;Retropala John Deere 310j - US$ 52.250;"Retropala John Deere 310J
Año 2010 - Americana
12,000 horas de uso
Motor rectificado a nuevo
Con garantía de 6 meses
Bomba hidráulica nueva
USD 55,000
¡Recibo vehículo como parte de pago!";;;John Deere;310J;2010;12000;Ghemgren;https://www.mercadolibre.com.ar/perfil/Ghemgren;;;;;;;;;;
MLA2785960626;https://articulo.mercadolibre.com.ar/MLA-2785960626;ok;;;Tavol Tl504 - 50hp Aspirado 4x4 - Frutero **iva Incluido** - US$ 17.990;"TAVOL 
 
Tractor TAVOL TL504 sin cabina 
 
MOTOR: 
Marca YTO - 4 Cilindros de 2,85 cc - 50HP - aspirado - filtro de aire seco - Inyeccion por bomba lineal 
mecanica 
 
TRANSMISION: 
4WD - 8 marchas de avance y 2 de retroceso - engranaje constante 
 
 
EMBRAGUE Y TOMA DE FUERZA: 
Seco de doble efecto - TDF mecanica de 2 velocidades 540/760 
 
SISTEMA HIDRAULICO: 
Flujo de caudal 34Lts./Min. - 2 salidas dobles de circuito abierto 
 
NEUMATICOS: 
Delanteros 280/70R20 (radiales) 
Traseros 380/85R24 (radiales) 

ACCESORIO:
Compresor de aire para usos múltiples.

*******EL VALOR PUBLICADO ES CON IVA INCLUIDO******

*******FLETE GRATIS HASTA 400km.**********

REPRESENTANTE OFICIAL TAVOL

UNIDADES CON GARANTIA DE FABRICA

SERVICIO POST VENTA

REPUESTOS ORIGINALES EN STOCK REAL

FINANCIACIONES:

BNA CONECTA - TARJETAS PyME y AGRONACION

CHEQUES

FINANCIACION PROPIA CON PLANES A MEDIDDA PARA CADA CLIENTE";;;TAVOL;TAVOL TL504;2026;;Martinoagrimaquinarias;https://www.mercadolibre.com.ar/perfil/Martinoagrimaquinarias;;;;;;;;;;
MLA2264610456;https://articulo.mercadolibre.com.ar/MLA-2264610456;ok;;;Cosechadora New Holland Cr 5.85plataforma 30 P, Piloto,dual - US$ 330.000;COSECHADORA 	NEW HOLLAND 	CR 5.85	PLATAFORMA 30 PIES SUPERFLEX 740 CF-30DD ,DUALES , 1930 HS MOTOR ,MONITOR ,PILOTO AUTOMATICO,2020;;;New Holland;CR5.85;2020;1930;Acoplados Cordoba;https://www.mercadolibre.com.ar/perfil/Acoplados Cordoba;;;;;;;;;;
MLA2424663832;https://articulo.mercadolibre.com.ar/MLA-2424663832;ok;;;Segadora De Tambor 1,70 Mts De Corte - US$ 7.100;"La segadora - cortadora de pastura ST170 se adapta muy bien para el uso con tractores pequeños (desde 25 HP). 
Su eficiente sistema de corte por discos y minicuchillas de alta velocidad hace que requiera poca potencia logrando un muy buen corte sin impactos, protegiendo el tallo y la planta para su rápido rebrote.
Este modelo de 1,70 mts de corte logra en promedio 1,3 hectáreas por hora dependiendo el terreno y el material a cortar .
Los discos en su parte inferior hacen de patín para evitar que las cuchillas toquen la tierra.
Cuenta con sistema soliviantado regulable 
Excelente copiado del terreno

SE FACTURA A O B";;;LAVRALE;ST170;2025;;Alser Anca;https://www.mercadolibre.com.ar/perfil/Alser Anca;;;;;;;;;;
MLA1514482187;https://articulo.mercadolibre.com.ar/MLA-1514482187;ok;;;Tractor Apache 35 Rx Nuevo Entrega Inmediata - US$ 23.500;"TRACTOR APCHE 35 RX Entrega inmediata!

- Motor marca SONALIKA, diesel, 4T, inyección directa, refrigerado por agua. 3 cilindros, aspiración natural.
- Potencia: 36,5 HP
- Tracción simple
- Embrague: doble etapa; en seco; diámetro 280 mm; cerámico.
- Transmisión de 8 marchas de avance + 2 marchas retroceso, de engrane constante.
- Dirección hidrostática con circuito hidráulico independiente.
- Sistema hidráulico de centro abierto, con bomba de engranajes (caudal 18 l/min – presión máx. 210 bar), con dos válvulas de control remoto de doble acción.
- Enganche hidráulico de 3 puntos, categoría II, con control de posición, esfuerzo y mixto. Capacidad de levante en las rótulas: 1600 kg.
- Toma de potencia trasera: 540 rpm // variable con avance. 6 estrías.
- Plataforma del operador abierta. Asiento con regulaciones horizontal y de peso.
- Con ROPS (estructura de protección contra vuelcos).
- Frenos a discos en baño de aceite. Con freno de estacionamiento independiente.
- Sistema eléctrico de 12 V.
- Opcional: Techo rígido.
- Neumáticos: Delanteros: 6.00 – 16 SL // Traseros: 13.6 – 28 R1


Tomamos su usado de parte de pago!

Consulte por financiación!

Precio publicado en efectivo +IVA del 10,5%";;;Apache;35 RX 2WD;2024;;Joseagustin20211123124105;https://www.mercadolibre.com.ar/perfil/Joseagustin20211123124105;;;;;;;;;;
MLA2614689426;https://articulo.mercadolibre.com.ar/MLA-2614689426;ok;;;Sembradora Super Walter W630 De 32 A 52 - US$ 95.023;"32 líneas a 52,5 cm
Sin fertilización
2 juegos de placas de maiz
1 juego de placas de soja
Monitor de siembra AGROTAX
Incluye una rueda de auxilio
Incluye manuales de usuario
MUY BUEN ESTADO GENERAL
PRECIO PUBLICADO SIN IVA";;;SUPER WALTER;W630;2016;;Sefarsa;https://www.mercadolibre.com.ar/perfil/Sefarsa;;;;;;;;;;
MLA2610509666;https://articulo.mercadolibre.com.ar/MLA-2610509666;ok;;;Casilla Rural Para 4 Personas De 7.50mts X 2.50mts  - $ 45.500.000;"CARACTERISTICAS:

MEDIDAS 7.50 mts. DE LARGO y 2.50 mts DE ANCHO
1 habitación con capacidad 4 camas, placard y cajoneras bajo cama
Comedor extendido 3.50 mts de largo personas, mesada en acero inoxidable, grifo con agua caliente / fria y alacena
Ducha con agua caliente y fría
Sector sanitario independiente, con inodoro y mochila de descarga calidad Ferrum, pileta lavamanos y tanque de aguas grises de 160 lts de capacidad
Baulera trasera de 500 mm de profundidad, con apertura tipo puerta libro, estanterias, alojamiento de termotanque y conexiones electricas
CHASIS / TREN RODANTE:

Carrocería reforzada apta para la máxima exigencia de cargas y traslado
Tren rodante con 3 ejes de sección maciza y 12 llantas duales 15"". SIN CUBIERTAS
CARROCERIA SOBRE ESTRUCTURA MODULAR

Paredes y techo con paneles de poliuretano Classwall 50 mm de espesor con caras aluminizadas
Sistema de techo con paneles, cámara de aire y 2do techo con cubierta aluminizada cincalum
Construcción modular con sujeción oculta que permite modificaciones posteriores
ABERTURAS

1 puerta de acceso principal  y 1 puerta de paso habitación / comedor. Todas de aluminio blanco con cerradura
Puerta mosquitera en ingreso principal
Puerta plegadiza inyectada en paso ducha – habitación
2 ventanillas de comedor, 4 ventanillas de habitación y 1 ventanilla de baño
Construidas en aluminio con vidrio templado anodizado, levaduras y con tela mosquitera
PISO y REVESTIMIENTO INTERIOR

Piso tricapa con fenolico 20mm tratado en ambas caras, manto anti condensación de espuma de polietileno 2mm y cubierta superior con piso flotante encastrable, tipo HDF ignífugo / lavable
Uniones y rincones con terminaciones vía zócalos en PVC
MOBILIARIO

Sector comedor con bajo y alacena
Sectores dormitorio con placares y cajoneras de melamina
INSTALACIONES DE AGUA y GAS

Cañerías de agua termo fusionadas H3
Cañerías de gas con sistema SI-GAS
Bombas 12V automática
Termotanque Coppens a gas
Llaves mono comando en comedor agua caliente y fría, doble llave en duchas. Calidad Peirano
Mesada en acero inoxidable calidad Johnson Acero
INSTALACION ELECTRICA

Instalación general a 12V
Alimentación con bomba 12V
Llave termica y disyuntor normalizados
Entrada general para 220V exterior 
Inversor de bomba 12V a 220V con llave selectora
Tomacorrientes 220V en toda la unidad, habitacion, sanitario y comedor
Extractor para campana de cocina
ESTETICA EXTERIOR

Unidades aisladas mediante sellador poliuretanico en todos los sectores
Chasis y carrocería pintados con base epoxi y bi capa sintético color standar WORKEDING
Toldo con enrollador y escurridor de agua
PRECIOS NO INCLUYEN IVA

OPCIONALES A ELECCION:

Cocina a gas 
Cubiertas nuevas
Heladera 220V o DUAL 
Kit Solar
Aire Acondicionado tipo SPLIT fr/cal. instalado";;;Grupo Worked;CS750A;2024;;Grupoworked;https://www.mercadolibre.com.ar/perfil/Grupoworked;;;;;;;;;;
MLA1541702763;https://articulo.mercadolibre.com.ar/MLA-1541702763;ok;;;Pala Cargadora Bronco Cg926a - Taurus Vial - 1 Metro - 85hp - US$ 25.900;Encontrá más productos en Mercado Libre;;;Taurus;Bronco CG926A;2025;;Grupo Taurus;https://www.mercadolibre.com.ar/perfil/Grupo Taurus;;;;;;;;;;
MLA1638136531;https://articulo.mercadolibre.com.ar/MLA-1638136531;ok;;;Tractor Agrale 5105 4x4 Perkins De 102 Cv 0 Km - US$ 83.318;Encontrá más productos en Mercado Libre;;;Agrale;5105;2022;;Norterodadossa;https://www.mercadolibre.com.ar/perfil/Norterodadossa;;;;;;;;;;
MLA2768250172;https://articulo.mercadolibre.com.ar/MLA-2768250172;ok;;;Tractor Agrale Bx 6180 4x4 Motor Perkins 7.0l De 152 Cv 0 Km - US$ 125.474;Encontrá más productos en Mercado Libre;;;Agrale;BX 6180. Perkins 7.0L;2022;;Norterodadossa;https://www.mercadolibre.com.ar/perfil/Norterodadossa;;;;;;;;;;
MLA2785690658;https://articulo.mercadolibre.com.ar/MLA-2785690658;ok;;;Tavol Tl704 - 70hp Turbo - 4x4 - Frutero - **iva Incluido** - US$ 22.490;"Tractor TAVOL TL704	
	
MOTOR:	
Marca YTO - 4 Cilindros de 3,30 cc - 70HP - turbo alimentado - filtro de aire humedo - Inyeccion por 	
bomba lineal mecanica	
	
TRANSMISION:	
4WD  -  8 marchas de avance y 8 de retroceso - C/inversor de marchas mecanico - engranaje constante   	
	
EMBRAGUE Y TOMA DE FUERZA:	
Seco de doble efecto - TDF mecanica de 2 velocidades 540/760	
	
SISTEMA HIDRAULICO:	
Flujo de caudal 38Lts./Min. - 2 salidas dobles de circuito abierto	
	
NEUMATICOS:	
Delanteros 280/70R20 (radiales)	
Traseros 380/85R24 (radiales)	

ACCESORIO:

Compresor de aire para usos multiples

*******EL PRECIO PUBLICADO ES IVA INCLUIDO****

******FLETE GRATIS HASTA 400km.**********

REPRESENTANTE OFICIAL TAVOL

UNIDADES CON GARANTIA DE FABRICA

SERVICIO POST VENTA

REPUESTOS ORIGINALES EN STOCK REAL

FINANCIACION:

BNA CONECTA - TARJETAS PyME y AGRONACION

CHEQUES

FINANCIACION PROPIA CON PLANES DE PAGO A MEDIDA PARA CADA CLIENTE";;;TAVOL;TL704 SIN CABINA;2026;;Martinoagrimaquinarias;https://www.mercadolibre.com.ar/perfil/Martinoagrimaquinarias;;;;;;;;;;
MLA1572063585;https://articulo.mercadolibre.com.ar/MLA-1572063585;ok;;;Zanjador De 3 Puntos - US$ 111.111;"Diseñada para trabajos exigentes de canalización y drenaje.
Robusta, eficiente y fácil de operar, la zanjadora garantiza cortes precisos y uniformes en todo tipo de suelo.
Ideal para instalación de cañerías, drenajes o riego.
Construcción reforzada
Mantenimiento sencillo
Alto rendimiento operativo

Consultanos para más detalles 
Tenemos equipos disponibles!";;;MAQUINARIAS IBARROLA;ZANJADOR DE 3 PUNTOS;2025;;Maquinarias Ibarrola;https://www.mercadolibre.com.ar/perfil/Maquinarias Ibarrola;;;;;;;;;;
MLA1508633239;https://articulo.mercadolibre.com.ar/MLA-1508633239;ok;;;Metalfor 7035 Año 2017 - US$ 145.197;"Motor DEUTZ 173 HP
Caja Automática Allison 2500
Piloto Automático Trimble c/9 cortes por sección autom.
Botalón 32 mts
Rodado 12/4/38
TROCHA: 2,62 m
PRECIO PUBLICADO SIN IVA";;;Metalfor;7035;2017;;Sefarsa;https://www.mercadolibre.com.ar/perfil/Sefarsa;;;;;;;;;;
MLA1607163975;https://articulo.mercadolibre.com.ar/MLA-1607163975;ok;;;Tolva Autodescargable Ascanelli Magnun 30 Tn Balanza Y Cub - $ 115.436.322;"TOLVA AUTODESCARGABLE ASCANELLI 
4 RUEDAS - CAPACIDAD 30 TN 

con 
BALANZA 
GOMAS ROMBO 23.1X30

FINANCIACION A MEDIDA
*CHEQUES
*CREDITOS BANCARIOS
*PLAN COSECHA

ACOPLADOS CORDOBA – AGROVIAL";;;Ascanelli;Magnum 30;2023;;Acoplados Cordoba;https://www.mercadolibre.com.ar/perfil/Acoplados Cordoba;;;;;;;;;;
MLA2223406194;https://articulo.mercadolibre.com.ar/MLA-2223406194;ok;;;Acoplado Tanque 1000 Para Combustible Cap 1000 Lts Con Bomba - US$ 2.900;ACOPLADO TANQUE 1000 PARA COMBUSTIBLE CAP 1000 LTS CON BOMBA ELECTRICA Y PICO SURTIDOR;;;Genérica;1000;2010;;Acoplados Cordoba;https://www.mercadolibre.com.ar/perfil/Acoplados Cordoba;;;;;;;;;;
MLA2053488822;https://articulo.mercadolibre.com.ar/MLA-2053488822;ok;;;Tractor Agrale 575 Súper 0km  - US$ 56.473;Encontrá más productos en Mercado Libre;;;Agrale;575 Súper;2024;;Norterodadossa;https://www.mercadolibre.com.ar/perfil/Norterodadossa;;;;;;;;;;
MLA2436411288;https://articulo.mercadolibre.com.ar/MLA-2436411288;ok;;;Pala Cargadora Xcmg Lw300kn 2m3 - US$ 68.000;"Pala Cargadora XCMG LW300KN 2M3 
______________________________________________
Especificaciones técnicas:

- Capacidad de Balde: 2 m³ 

- Carga nominal: 3.000 kg

- Peso operativo: 11.000 kg

- Motor: diésel Weichai Deutz

- Potencia: 125 HP a 2.300 rpm

- Transmisión Power Shift 2 x 1 

- Neumáticos: 17.5 – 25

- Cabina cerrada panorámica, mayor confort y visibilidad

- Equipo de aire acondicionado incluido

- Comandos hidráulicos accionados por joystick

______________________________________________
» Valor publicado: USD 68.000 + IVA 10.5%

» Forma de pago: CONTADO (consultar por financiamiento)

» Hacemos Factura A

» Ofrecemos Envíos a todo el país y retiro gratis en sucursal en CABA.

» Días y horarios de atención: de lunes a viernes de 8:00 a 13:00 y de 14:00 a 17:00 h

¡Su consulta no molesta, estamos para atenderlo!";;;Xcmg;LW300KN;2024;;Reyma Arg Sa;https://www.mercadolibre.com.ar/perfil/Reyma Arg Sa;;;;;;;;;;
MLA1521407131;https://articulo.mercadolibre.com.ar/MLA-1521407131;ok;;;Palacargadora Lonking Cdn833 - US$ 38.000;La pala se encuentra operativa, lista para trabajar, con muy pocas horas.;;;Lonking;CDM833;2012;;Panamerican Vial;https://www.mercadolibre.com.ar/perfil/Panamerican Vial;;;;;;;;;;
MLA2264660670;https://articulo.mercadolibre.com.ar/MLA-2264660670;ok;;;Tractor New Holland Tm 150 Cabina ,d Traccion ,11350 Hs,2010 - US$ 57.750;TRACTOR 	NEW HOLLAND 	TM 150 	CABINA ,D TRACCION , 11350 HS, ROD 24.5X32,2010, DOBLE SALIDA HIDRAULICA;;;New Holland;TM 150;2010;11350;Acoplados Cordoba;https://www.mercadolibre.com.ar/perfil/Acoplados Cordoba;;;;;;;;;;
MLA2104658598;https://articulo.mercadolibre.com.ar/MLA-2104658598;ok;;;Tractor Cortacésped 42  Niwa Ctnw-42h - $ 6.751.000;"Tractor Cortacésped Niwa CTNW-42H | Motor Briggs & Stratton 16.5 HP | Plataforma 42,5” | Transmisión Hidrostática

El Niwa CTNW-42H es un minitractor cortacésped robusto y eficiente, ideal para grandes superficies y trabajos exigentes. Diseñado para ofrecer potencia, comodidad y maniobrabilidad, combina una construcción resistente con un excelente rendimiento de corte.

Características destacadas:

Motor Briggs & Stratton 31R7 de 500 cc, con potencia máxima de 16,5 HP, garantiza un funcionamiento confiable, suave y duradero.

Transmisión hidrostática para una conducción más cómoda, sin necesidad de cambios manuales.

Plataforma de corte de 42,5 pulgadas (108 cm) con 2 cuchillas que aseguran un corte uniforme y preciso.

Altura de corte regulable en 7 posiciones, desde 3 cm hasta 9 cm, para adaptarse a distintos tipos de césped y condiciones de terreno.

Velocidad de desplazamiento de hasta 8,8 km/h, ideal para cubrir grandes áreas en menos tiempo.

Tanque de combustible de 7,5 litros y capacidad de aceite de 1,4 litros para largas jornadas de trabajo sin interrupciones.

Ruedas delanteras de 15” (381 mm) y traseras de 18” (457,2 mm) que brindan excelente estabilidad y maniobrabilidad, incluso en terrenos irregulares.

Luces delanteras incluidas, ideal para trabajos en horarios de baja visibilidad.

No cuenta con recolector, lo que favorece una descarga lateral libre y continua. Es una excelente opción para usuarios exigentes que buscan eficiencia, comodidad y calidad de corte en cada pasada.

Representante oficial Niwa – CIMECO SAS
Venta y reparación de cortadoras de césped, tractores, motoguadañas, motosierras y grupos electrógenos. Ferretería industrial.
Ventas por mayor y menor. Envíos a todo el país. Servicio postventa garantizado.";;;Niwa;CTNW-42H;2025;;Cimeco Sas;https://www.mercadolibre.com.ar/perfil/Cimeco Sas;;;;;;;;;;
MLA2081646478;https://articulo.mercadolibre.com.ar/MLA-2081646478;ok;;;Tractor Rh050 4wd Con Ruedas Agricolas - US$ 18.109;"TRACOR H050 4WD CON RUEDAS AGRICOLAS 
(+ IVA 10,5)

CARACTERÍSTICAS:

Motor 4 cilindros, inyección directa, Diesel
Doble tracción
Dimensiones generales: 3660x1380x2540
Peso: 2023 kg (sin contrapeso)
Caja de transmisión: 8 de avance + 8 retroceso
Embrague seco, doble efecto, no independiente
Frenos en seco
Dirección hidráulica
Velocidad máxima: 29km/h
Elevador 3 puntos de alta presión, 1500kg en punto de enganche 
Doble salida hidráulica, 28 L/min

Precio publicado por pago de contado + IVA

ENTREGA INMEDIATA
EQUIPO GARANTIDO

(VALOR MÁS IVA)
CONSEJOS PARA UNA NEGOCIACIÓN SEGURA

* SIEMPRE CONOZCA EL LUGAR FÍSICO DONDE OPERA LA PARTE VENDEDORA.
* PIDA AL MENOS TRES REFERENCIAS COMERCIALES.
* SIEMPRE EXIJA FACTURA o FIRMA DE RECIBO DE VENTA BAJO ESCRIBANO.
* REVISE CON ATENCIÓN LOS NÚMEROS DE MOTOR CHASIS Y SERIAL.
* EXIJA QUE FIGUREN EN LA FACTURA o EN EL RECIBO DE VENTA.
* DESCONFIÉ CUANDO EL PRECIO NO ES COMPATIBLE CON EL ESTADO.
* EXISTEN BUENOS NEGOCIOS, LOS MILAGROS GENERALMENTE SON FALSOS.
* USTED ESTA COMPRANDO UNA HERRAMIENTA DE TRABAJO QUE SEA UNA SOLUCIÓN Y NO UN PROBLEMA.
* "" COMPRE EQUIPOS CON GARANTÍA ""
* ESTAMOS A SU DISPOCICION PARA CUALQUIER CONSULTA
PRECIO PUBLICADO PAGO CONTADO
Cotizacion dolar BNA tipo vendedor
EXCELENTE UNIDAD CON GARANTÍA DE 6 MESES o 500HS
CON SERVICE PROPIOS HASTA 1.000 HS";;;Roland H;H050;2025;500;Agrovialfernandez;https://www.mercadolibre.com.ar/perfil/Agrovialfernandez;;;;;;;;;;
MLA1481644023;https://articulo.mercadolibre.com.ar/MLA-1481644023;ok;;;Tolva Estatica Para 2 Tn. (to1020-e) Modelo Unico - $ 1.466.483;"ESTA UNIDAD ES ESPECIAL - UN MODELO UNICO. ANTES DE CONFIRMAR, LE RECOMENDAMOS QUE VIAJE A VER EL PRODUCTO O SOLICITE FOTOS PARA VER MAS DETALLES

Tolva estática apto para almacenar cereales. ¡De fabricación nacional! Somos tendencia en Acoplados, Tráilers y Remolques.


 Capacidad de carga: 2 Tn.
 Largo: 1.50 Mts.
 Ancho: 1.50 Mts.
 Alto: 2.30 Mts.
 Escalera de acceso. Un solo pulmon.
 Salida con bandeja regulable en altura con cricket a resorte. 
 Pintado con pintura sintetica, con base de anti oxido (opcional poliuretanica) .
 CODIGO: TO1020-E

""Las fotos son a modo ilustrativo""";;;RUBIOLO;TO1020-E;2025;;Acoplados Rubiolo;https://www.mercadolibre.com.ar/perfil/Acoplados Rubiolo;;;;;;;;;;
MLA1607112089;https://articulo.mercadolibre.com.ar/MLA-1607112089;ok;;;Tolva Semillas Y Fertilizantes 13 M3 Ombu S/cubiertas Financ - US$ 17.910;"PRECIO FINAL IVA INCLUIDO 

TOLVA PARA FERTILIZANTES Y SEMILLAS OMBU

CAPACIDAD 13 m3

NO INCLUYE CUBIERTAS 

DISPONIBLE CON ENTREGA INMEDIATA

OFERTA LIMITADA
FINANCIACION EN 10 VALORES IGUALES CONSECUTIVOS";;;Ombu;Tfso 13;2025;;Acoplados Cordoba;https://www.mercadolibre.com.ar/perfil/Acoplados Cordoba;;;;;;;;;;
MLA2010564538;https://articulo.mercadolibre.com.ar/MLA-2010564538;ok;;;Pala Cargadora Premium 958h Taurus - US$ 109.000;"CAPACIDAD - 3m3
CAPACIDAD DE CARGA - 5.000 kg
ALTURA MAXIMA DE DESCARGA - 3.175 mm
MOTOR - DEUTZ
POTENCIA DEL MOTOR - 217 hp
NEUMATICOS - 23.5-25
DISTANCIA DEL SUELO - 445 mm
VELOCIDADES - 2 adelante / 1 atrás
DIMENSIONES - 7930x3024x3480 mm
PESO OPERATIVO - 16.700 kg

EQUIPO GARANTIDO
CONSEJOS PARA UNA NEGOCIACIÓN SEGURA

* SIEMPRE CONOZCA EL LUGAR FÍSICO DONDE OPERA LA PARTE VENDEDORA.
* PIDA AL MENOS TRES REFERENCIAS COMERCIALES.
* SIEMPRE EXIJA FACTURA o FIRMA DE RECIBO DE VENTA BAJO ESCRIBANO.
* REVISE CON ATENCIÓN LOS NÚMEROS DE MOTOR CHASIS Y SERIAL.
* EXIJA QUE FIGUREN EN LA FACTURA o EN EL RECIBO DE VENTA.
* DESCONFIÉ CUANDO EL PRECIO NO ES COMPATIBLE CON EL ESTADO.
* EXISTEN BUENOS NEGOCIOS, LOS MILAGROS GENERALMENTE SON FALSOS.
* USTED ESTA COMPRANDO UNA HERRAMIENTA DE TRABAJO QUE SEA UNA SOLUCIÓN Y NO UN PROBLEMA.
* "" COMPRE EQUIPOS CON GARANTÍA ""
* ESTAMOS A SU DISPOCICION PARA CUALQUIER CONSULTA
PRECIO PUBLICADO PAGO CONTADO
Cotizacion dolar BNA tipo vendedor

EXCELENTE UNIDAD CON GARANTÍA DE 6 MESES o 500HS
CON SERVICE PROPIOS HASTA 1.000 HS";;;Taurus;958H;2025;500;Agrovialfernandez;https://www.mercadolibre.com.ar/perfil/Agrovialfernandez;;;;;;;;;;
MLA2239416500;https://articulo.mercadolibre.com.ar/MLA-2239416500;ok;;;Tractor John Deere 5600 Usado Con Tres Puntos - US$ 23.000;"Tractor John Deere 5600 Usado con levante de tres puntos!

75HP

Doble comando hidráulico.

Muy buen estado.

Listo para trabajar!

Tomamos usados en parte de pago

El precio publicado es en efectivo +iva

Consulte!";;;John Deere;5600;1997;;Joseagustin20211123124105;https://www.mercadolibre.com.ar/perfil/Joseagustin20211123124105;;;;;;;;;;
MLA2640124540;https://articulo.mercadolibre.com.ar/MLA-2640124540;ok;;;Agrometal, Mxy De 33 A 21 Cm Y Kit De Grano Grueso A 42 Cm. - US$ 55.000;sembradora de grano fino y grueso, marca Agrometal de 33 a 21 cm y 16 a 42, con rueda niveladora,monitor de siembra , doble tolva, excelente estado, lista para salir a trabajar.;;;Agrometal MXY 2, kit de grueso, monitor.;MXY 2, 33 a 21 cm, kit de grueso, monitor;2011;;Cignoli Hnos;https://www.mercadolibre.com.ar/perfil/Cignoli Hnos;;;;;;;;;;
MLA1587032759;https://articulo.mercadolibre.com.ar/MLA-1587032759;ok;;;Cargadora Lonking Cdm856 220hp - US$ 30.000;"""""""Somos VIALCONS

Una empresa con experiencia, dedicada a la comercialización de maquinaria vial y de logística. Representamos marcas líderes en cada una de las líneas en las que trabajamos.

Brindamos un servicio integral de asesoramiento, garantía, post-venta y repuestos.
¡Te invitamos a conocer nuestra línea completa de equipos!

»CARGADORA LONKING CDM 856
Motor Original Weichai ,
Potencia 220 HP.
Balde de 3 m3.
Capacidad de levante de 5.600 KG
Peso operativo 17.000 Kg.
Cabina vidriada con visión panorámica.
Operación del Balde por Joystick Hidráulico.

+ Contamos con stock permanente de REPUESTOS.

»Amplia FINANCIACIÓN: 
*VALOR PUBLICADO CORRESPONDE AL PRECIO ANTICIPO, + CUOTAS
*CONSULTE PRECIO DE CONTADO
*CONSULTE PLANES DE FINANCIACION CON CHEQUES Y CREDITOS BANCARIOS
- BNA Conecta: 12 / 24 / 36 cuotas en todos los equipos.

» CONTACTO ¦ UBICACIÓN
Nos encontramos en CÓRDOBA CAPITAL.
Contamos con asesoramiento personalizado: Deje su consulta y un teléfono de contacto.
Nuestro equipo de asesores lo contactará para despejar todas sus dudas técnicas y comerciales.

* Ubicación: Córdoba Capital / Juan B. Justo n°4820";;;Lonking;CDM856;2025;;Vialcons;https://www.mercadolibre.com.ar/perfil/Vialcons;;;;;;;;;;
MLA1541742003;https://articulo.mercadolibre.com.ar/MLA-1541742003;ok;;;Tractor Bronco 254 - 25 Hp - 4x4 - 3 Puntos - Taurus - US$ 10.900;"Tractor bronco 254

- 4x4
- Opcional rueda parquera
- Tres puntos
- Hidraulico
- Garantia oficial
- Posventa en todo el pais
- Accesorios disponibles";;;Bronco;254;2025;;Grupo Taurus;https://www.mercadolibre.com.ar/perfil/Grupo Taurus;;;;;;;;;;
MLA2269467872;https://articulo.mercadolibre.com.ar/MLA-2269467872;ok;;;Tolva Semillera Agross Acoplados 10 M3 D. Celda,chimango,in - US$ 8.400;TOLVA SEMILLERA 	AGROSS ACOPLADOS 	10 M3	DOBLE CELDA ,CHIMANGO ,INOCULADOR ,10 M3, 2011;;;AGROSS ACOPLADOS;10M3;2011;;Acoplados Cordoba;https://www.mercadolibre.com.ar/perfil/Acoplados Cordoba;;;;;;;;;;
MLA2269493246;https://articulo.mercadolibre.com.ar/MLA-2269493246;ok;;;Tolva Autodescargable Santa Rosa ,16 Tn,2 Ejes,lona,balanza - US$ 26.250;TOLVA AUTODESCARGABLE 	SANTA ROSA 	16 TN	CAPACIDAD 16 TN ,ROD TRASERO 23.1X30 DELANTERO 14/24 ,BALANZA ,LONA;;;Santa Rosa;16 TN -2 EJES;2010;;Acoplados Cordoba;https://www.mercadolibre.com.ar/perfil/Acoplados Cordoba;;;;;;;;;;
MLA2269389088;https://articulo.mercadolibre.com.ar/MLA-2269389088;ok;;;Tolva Autodescargable Ombucvr22 Cap 22 Tn  Lona  Balanza - US$ 39.900;TOLVA AUTODESCARGABLE 	OMBU	CVR 22 	CAP 22 TN/ 27500 LTS , LONA, RODADO ROMBO,BALANZA HOOK ,2022 ROD 23.1X30;;;Ombu;CVR22;2022;;Acoplados Cordoba;https://www.mercadolibre.com.ar/perfil/Acoplados Cordoba;;;;;;;;;;
MLA2269000984;https://articulo.mercadolibre.com.ar/MLA-2269000984;ok;;;Cabezal Maicero De Grande Dgt 13/52, 2017 P/ N. Holland - US$ 26.250;CABEZAL MAICERO  DE GRANDE  DGT 13 A 52, AÑO 2017 , CAPOT PLASTICO ,ACOPLE NEW HOLLAND;;;DE GRANDE;DGT;2017;;Acoplados Cordoba;https://www.mercadolibre.com.ar/perfil/Acoplados Cordoba;;;;;;;;;;
MLA2213601440;https://articulo.mercadolibre.com.ar/MLA-2213601440;ok;;;Tractor Cortacesped Usado Poulan Pro Pp155g42 15,5 Hp 42  - $ 3.820.000;"MARCA: Poulan
MODELO: PP155G42
MOTOR: Zongshen 1P90F/P 15.5 HP
PLATAFORMA: 42 pulgadas
Services al día: cuchilla, eje, correas y filtros nuevos

Envío video en funcionamiento

Venta de nuevos y usados - Repuestos - Mantenimiento - Accesorios

No dude en consultarnos

CIMECO SAS - Venta y reparación de herramientas y equipos. Servicio técnico. Envíos a todo el país. Atención mayorista y minorista. Servicio postventa garantizado.";;;Poulan;PP155G42;2017;;Cimeco Sas;https://www.mercadolibre.com.ar/perfil/Cimeco Sas;;;;;;;;;;
MLA2141580588;https://articulo.mercadolibre.com.ar/MLA-2141580588;ok;;;Cortadora A Discos De Pasturas - Alfalfa 1,80 Mts - US$ 4.830;"MD1800 ALSER ANCA, Somos Fabricantes !

* Transmisión por correa plana 
* Sistema de corte de discos y minicuchillas 
* Acople de tres puntos clase I Y II
* Potencia minima 25 HP
* Velocidad de avance hasta 10 Km/H
* Rueda Niveladora con registro de altura 
* Sistema de soliviantado por resortes (se eleva fácilmente al encontrar desniveles) 
* Posición de transporte muy simple (tipo de punta)
* Toma de potencia 540 RPM
* 1,80 MTS de ancho de labor 
* Altura de corte minimo 3 cm - 15 máximo 

Nuestra segadora - cortadora de pastura ALSER ANCA se adapta muy bien para el uso con tractores pequeños (desde 25 HP). 
Su eficiente sistema de corte por discos y minicuchillas de alta velocidad hace que requiera poca potencia logrando un muy buen corte sin impactos, protegiendo el tallo y la planta para su rápido rebrote.
Este modelo de 1,80 mts de corte logra en promedio 1,5 hectáreas por hora dependiendo el terreno y el material a cortar .
La transmisión por correa plana la hace muy simple, segura y economica y de minimo mantenimiento. 
Posee una rueda niveladora con registro de altura,
Los discos en su parte inferior hacen de patín para evitar que las cuchillas toquen la tierra.
Cuenta con sistema soliviantado regulable 
Excelente copiado del terreno
Cuchillas de acero boro doble filo montadas en buje de acero
Para su traslado con un simple movimiento queda hacia atrás , tiro de punta. 

SE FACTURA A O B, CONSULTAR DEMORA";;;Alser Anca;MD1800;2025;;Alser Anca;https://www.mercadolibre.com.ar/perfil/Alser Anca;;;;;;;;;;
MLA2134218458;https://articulo.mercadolibre.com.ar/MLA-2134218458;ok;;;Pala Cargadora Bronco Cg926-a - US$ 25.900;"PalaCargadora BRONCO CG926-A 

CAPACIDAD 1,0 m3 
CAPACIDAD DE CARGA 1.600 kg
ALTURA MAXIMA DE DESCARGA 3.750 mm
POTENCIA DEL MOTOR 85 hp 
PESO OPERATIVO 4.500 kg

EQUIPO GARANTIDO
CONSEJOS PARA UNA NEGOCIACIÓN SEGURA

* SIEMPRE CONOZCA EL LUGAR FÍSICO DONDE OPERA LA PARTE VENDEDORA.
* PIDA AL MENOS TRES REFERENCIAS COMERCIALES.
* SIEMPRE EXIJA FACTURA o FIRMA DE RECIBO DE VENTA BAJO ESCRIBANO.
* REVISE CON ATENCIÓN LOS NÚMEROS DE MOTOR CHASIS Y SERIAL.
* EXIJA QUE FIGUREN EN LA FACTURA o EN EL RECIBO DE VENTA.
* DESCONFIÉ CUANDO EL PRECIO NO ES COMPATIBLE CON EL ESTADO.
* EXISTEN BUENOS NEGOCIOS, LOS MILAGROS GENERALMENTE SON FALSOS.
* USTED ESTA COMPRANDO UNA HERRAMIENTA DE TRABAJO QUE SEA UNA SOLUCIÓN Y NO UN PROBLEMA.
* "" COMPRE EQUIPOS CON GARANTÍA ""
* ESTAMOS A SU DISPOCICION PARA CUALQUIER CONSULTA
PRECIO PUBLICADO PAGO CONTADO
FINANCIACION DIRECTA 1% EN DOLRES SOBRE SALDO HASTA 8 MESES .

EXCELENTE UNIDAD CON GARANTÍA DE 6 MESES o 500HS
CON SERVICE PROPIOS HASTA 1.000 HS";;;Bronco;CG926A;2025;500;Agrovialfernandez;https://www.mercadolibre.com.ar/perfil/Agrovialfernandez;;;;;;;;;;
MLA2106852344;https://articulo.mercadolibre.com.ar/MLA-2106852344;ok;;;Fertilizadora Yomel Rsp 360 - US$ 2.800;"RSP 360
 -Fertilizadora para fertilizantes sólidos de enganche al 3 puntos del tractor. Distribuidor monodisco, centrífuga.
Tolva de chapa en una sola pieza, chasis de acero estampado resistente a deformaciones. El fondo de tolva es orientable y
permite regulación continua de alimentación del material. Posibilita el esparcido por distribuidor lateral. Sistema de apertura
manual. Ancho de labor 8/10 mts. Capacidad de carga 360 litros. Toma de fuerza para 540 RPM. Potencia requerida 40 HP.
Peso del equipo 54 kg";;;YOMEL;;2025;;Italgroupsa;https://www.mercadolibre.com.ar/perfil/Italgroupsa;;;;;;;;;;
MLA2103927914;https://articulo.mercadolibre.com.ar/MLA-2103927914;ok;;;Tractor Cortacesped Usado Murray 18hp 42   - $ 3.820.000;"Marca: Murray

Modelo: 18 HP 42""

Motor: OVH de 18 HP hidrostático

Transmisión: Automática

Ancho de corte: 42 pulgadas (aproximadamente 106,7 cm)

Altura de corte: Ajustable entre 1,25"" (3,18 cm) y 4"" (10,16 cm)

Radio de giro: 16 pulgadas (40,64 cm)

Capacidad del tanque de combustible: 5,3 litros

Services al dia (cuchillas, filtros, correa y eje nuevos)";;;Murray;18HP42;2005;;Cimeco Sas;https://www.mercadolibre.com.ar/perfil/Cimeco Sas;;;;;;;;;;
MLA2029901434;https://articulo.mercadolibre.com.ar/MLA-2029901434;ok;;;Mixer Vertical Ascanelli  Rs1600 Oferta 12 Cheques Mensual - $ 62.970.000;"DISPONIBLE 
PRECIO A CANCELAS 12 VALORES IGUALES CONSECUTIVOS 

ENTREGA INMEDIATA DISPONIBLE 

Mixer Vertical RS 1600.

Sistema de mezclado: Sinfín central con alas 5/8”, con nueve cuchillas intercambiables de acero al boro, una cuchilla barredora y dos contra-cuchillas forzadoras regulables.

Sistema de descarga: Acarreador a cadenas integral con regulación de tramo móvil en altura y velocidad de descarga mediante accionamiento hidráulico.

Velocidad de Sinfín: Transmisión directa: 35 rpm. Con caja reductora: 35 rpm-25 rpm";;;Ascanelli;RS 1600;2025;;Acoplados Cordoba;https://www.mercadolibre.com.ar/perfil/Acoplados Cordoba;;;;;;;;;;
MLA2591440696;https://articulo.mercadolibre.com.ar/MLA-2591440696;ok;;;Pala Cargadora Caterpillar 950 H - US$ 120.000;"FICHA TECNICA DEL EQUIPO

AÑO: 2011
MOTOR: CATERPILLAR
POTENCIA: 217 HP
PESO OPERATIVO: 18.164 KG




Riwel S.A. es una empresa con más de 40 años en este rubro, contamos con la experiencia necesaria para brindarte el mejor asesoramiento y una gran variedad de equipos, como:

-Retropalas
-Pala Cargadoras
-Motoniveladoras
-Excavadoras
-Topadoras
-Compactadores
-Rodillos
-Camiones
-Minicargadoras
-Autoelevadores

Nuestra empresa te brindara la mejor atención según tu necesidad. Te esperamos!";;;CAT;950 H;2011;;Riwel;https://www.mercadolibre.com.ar/perfil/Riwel;;;;;;;;;;
MLA2526673900;https://articulo.mercadolibre.com.ar/MLA-2526673900;ok;;;Pala Frontal - Crybsa C60 - Con Adaptador De Puas - Anticipo - US$ 16.000;"~ Pala Frontal con Adaptador de Púas para pallets
~ Crybsa C60
~ 4x4 
~ Año 1978
~ Usada
~ 754 hs


* EL PRECIO PUBLICADO CORRESPONDE A UN ANTICIPO A MODO INFORMATIVO


¡Encontrá tu próxima unidad en Rodados Integrales!
• Precio publicado: Anticipo informativo.
• Variedad: usados seleccionados, 0km (semirremolques tanques Indecar, maquinaria agrícola etc.).
• Gestoría: realizamos todos los trámites, sin complicaciones
• Garantía: Tranquilidad y seguridad en tu compra.
• Atención personalizada: Asesoramiento experto en cada paso.
Más de 30 años de experiencia en el rubro nos avalan. ¡Visitanos en Rosario – Santa Fe y disfruta de una experiencia de compra única!";;;Crybsa;C60;1978;754;Rodadosintegralessarodados;https://www.mercadolibre.com.ar/perfil/Rodadosintegralessarodados;;;;;;;;;;
MLA1487316751;https://articulo.mercadolibre.com.ar/MLA-1487316751;ok;;;Pauny 150 (50 Hp), 3 Puntos, Convertidor De Marchas. - US$ 25.900;Encontrá más productos en Mercado Libre;;;Pauny;150 A;2024;;Cignoli Hnos;https://www.mercadolibre.com.ar/perfil/Cignoli Hnos;;;;;;;;;;
MLA2666115054;https://articulo.mercadolibre.com.ar/MLA-2666115054;ok;;;Rastra Desencontrada Ombu Rop4900 56d/6mm Oferta Liquidacion - US$ 28.710;"RASTRA DE DISCOS DESENCONTRADA ALA REBATIBLE. OMBU - NUEVA 
MODELO ROP 4900
56 DISCOS 24"" x 6 mm de espesor 
CON 4 GOMAS 7.50 x 16""
Con 4 gomas nuevas 7.50 x 16. 
ENTREGA INMEDIATA
PRECIO IVA INCLUIDO

CONDICIONES DE PAGO:
12 CHEQUES MENSUALES IGUALES CONSECUTIVOS 

ULTIMA UNIDAD";;;Ombu;Rop 4900;2025;;Acoplados Cordoba;https://www.mercadolibre.com.ar/perfil/Acoplados Cordoba;;;;;;;;;;
MLA1480391857;https://articulo.mercadolibre.com.ar/MLA-1480391857;ok;;;Cortadora Helicoidal Ideal Para Canchas Golf-futbol-polo - $ 3.000.000;"70 cm de corte por cuerpo
5 cuchillas
Velocidad de corte 8 a 20 km/hora
Regulación de corte (mínimo 11mm) hasta 34mm
Rápido sistema de regulación "" Sin herramientas""
Fácil mantenimiento
Bajo consumo de potencia de arrastre
Se acoplan cuerpos impares 1=76 cm 
 3=210 cm 
 5=350 cm

Peso de cada cuerpo: 93 Kg

Un cuerpo puede ser arrastrado por un mini tractor o un cuatriciclo de baja potencia.
Tres cuerpos pueden ser tirados por un cuatriciclo de alta potencia como mínimo de 250 cc.

Estas cortadoras mejoran la calidad de corte y mantienen el césped siempre verde, es ideal para cortar en parques, campos deportivos, golf, polo, etc.
 ""EL VALOR ES POR CADA CUERPO """;;;IG;H700;2017;;Italgroupsa;https://www.mercadolibre.com.ar/perfil/Italgroupsa;;;;;;;;;;
MLA2039859666;https://articulo.mercadolibre.com.ar/MLA-2039859666;ok;;;Pala Cargadora Hyundai 740  Año 2009 - US$ 59.500;"Muy buen estado mecanico , hidraulico general , 
actualmente trabajando

5400 hs se puede probar en obrador
vendo permuto menor valor camion o camioneta
precio publicado contado dolar oficial mas iva
permuta por camion volcador o camioneta toyota";;;Hyundai;740;2009;5400;Maqvialcamiones Danielromero;https://www.mercadolibre.com.ar/perfil/Maqvialcamiones Danielromero;;;;;;;;;;
MLA1505559485;https://articulo.mercadolibre.com.ar/MLA-1505559485;ok;;;"Motocortadora De Césped, Malezas Y Arbustos Pro Motor B&amp;sa/m - US$ 3.631";"ANCHO DE CORTE: 70CM 
ALTURA DE CORTE: Regulación milimétrica de corte de 0 a 12 cm. 
SISTEMA DE DESACOPLE DE CUCHILLAS. 
SISTEMA DE CORTE: “Discorte” (Disco y Cuchillas de Acero 1045 al Boro) apto para Cortar Césped, Malezas y Arbustos. 
RENDIMIENTO: 4000 M2 de Terreno en 1 Hora y con 1 Lt de Combustible. ACELERADOR DE MOTOR MANUAL de 3 velocidades. 
SISTEMA DE SEGURIDAD HOMBRE AL AGUA que apaga el motor en caso de que el operario caiga o se baje del equipo. 
TRACCIÓN: En las dos Ruedas Delanteras. DIRECCIÓN: Trasera con Ruedas Duales.
FRENOS HIDRÁULICOS CON DOBLE DISCO
SISTEMA DE AMORTIGUACIÓN EN EL ASIENTO para la absorción de golpes e irregularidades del Terreno. APOYA PIE DERECHO regulable. 
RADIO DE GIRO EQUIVALENTE A 0º: La Dirección Trasera, sumada al Sistema Diferencial Autobloqueante, permite al equipo girar sobre su mismo Eje, dando lugar a una Gran Maniobrabilidad para cortar en espacios reducidos o alrededor de Árboles, Plantas u Objetos.

Cotizacion dolar BNA tipo vendedor
Precio contado -> 4.034 U$D + IVA
Motor B&S con arranque manual


Consultar por variantes en motor y/o arranque";;;Roland;H001 PRO;2025;;Agrovialfernandez;https://www.mercadolibre.com.ar/perfil/Agrovialfernandez;;;;;;;;;;
MLA1658488669;https://articulo.mercadolibre.com.ar/MLA-1658488669;ok;;;Pala Taurus Yx657 - 225 Hp - Cummins Ind Militar  - US$ 133.000;"Pala Taurus YX657
- 7 Velocidades (4 Marchas adelante / 3 atras)
-Transmisión ZF 4WG200 (4F/3R)
-Eje Meritor
-Luz de alerta
-Brazo Estandar
-Aire acondicionado
-Control de Joystick
-Valvula de 2da funcion
-Motor Cummins
-Altura de descarga 3175mm
-Balde 3m cubicos rockero
-Capacidad de carga 5000kg
-Motor 217hp 
-Rodado 23.5x25
Cotizacion dolar BNA tipo vendedor
Precio publicado por pago contado + IVA";;;Taurus;XY 657;2025;;Agrovialfernandez;https://www.mercadolibre.com.ar/perfil/Agrovialfernandez;;;;;;;;;;
MLA2788434232;https://articulo.mercadolibre.com.ar/MLA-2788434232;ok;;;938 G Buen Estado - $ 40.000.000;Encontrá más productos en Mercado Libre;;;CAT;938g;2002;;Juan Pablo;https://www.mercadolibre.com.ar/perfil/Juan Pablo;;;;;;;;;;
MLA1598117849;https://articulo.mercadolibre.com.ar/MLA-1598117849;ok;;;Tractor Hanomag 500/4ac 50hp 4wd Cabinado Con Aire Acond. - US$ 18.200;"TRACTOR HANOMAG 500/4AC
Caracteristicas Especiales:

Neumáticos: Delanteros 7.50–16 Traseros 13.6–24
Dirección: Hidráulica
Salida Hidráulica: 2 doble efecto
Fuerza de Levante: 683 Kg.
Tipo de Levante: 3 Puntos Categoría I
Velocidad Toma de Fuerza: 540/1000 rpm
Eje Toma de Fuerza: Tipo 1 ø35 - 6 estrías
Largo: 2950 mm
Ancho: 1540 mm
Alto: 1480 mm
Distancia entre Ejes: 1960 mm
Trocha Delantera: --
Trocha Trasera: --
Despeje del Suelo (desde base transmisión): 325 mm
Peso: 1580 Kg
Techo / arco anti-vuelco: Cabina
Lastre: Delantero y Trasero
Torque: --
Potencia Toma de Fuerza (KW/HP): --
Velocidades: 8 Adelante + 2 atrás - (Alta y baja)
Marcha 1: --
Marcha 2: --
Marcha 3: --
Marcha 4: --
Marcha 5: --
Reversa 1: --
Reversa 2: --
Motor Modelo: Laidong
Motor Tipo: Diesel - Refrigerado por Agua
Motor Cilindros: 4
Tipo de cámara de combustión: --
Motor carrera de pistones: --
Potencia nominal (KW/HP): 37.2 Kw / 50 Hp
Máximas revoluciones (rpm): 2400 rpm
Consumo nominal de Combustible: --
Aspiración nominal: --
Transmisión: Manual 4WD
Tipo Sistema Eléctrico: --
Sistema de Arranque: --
Tanque: 30 L
CONSULTAR DISPONIBILIDAD.
PRECIO + IVA (10,5)
SOMOS CONCESIONARIO OFICIAL HANOMAG.
OFRECEMOS 30 AÑOS DE TRAYECTORIA EN EL MERCADO.
COMENTANOS TU NECESIDAD Y LA SOLUCIONAMOS.
EL TRACTOR SE VA CON GARANTÍA, CONTAMOS CON SERVICIO TÉCNICO Y TODOS LOS REPUESTOS.
INDUSTRIAS ITAL GROUP SA.";;;Hanomag;500/4AC;2025;;Italgroupsa;https://www.mercadolibre.com.ar/perfil/Italgroupsa;;;;;;;;;;
MLA1573537485;https://articulo.mercadolibre.com.ar/MLA-1573537485;ok;;;Vendo Casilla Rural Usada - US$ 5.500;"Vendo Casilla Rural Usada 
¡CONSULTANOS!

*3 camas.

*Heladera.

*Ducha.

*Cajonera.

*Anafe.

*Talque de agua con bomba eléctrica.

-Financiación
-Canje por cereal
-Toma de usados

**El precio publicado es de contado. Consulte precio con financiación.- **
-----------------------------------------------------------------------------------------------------------------------

Somos COSECHAR S.A., una empresa que nace a partir del año 1996, producto de una nueva organización societaria de la familia fundadora.

La misma estuvo relacionada al negocio agrícola desde 1962.

Mas de 50 años junto a clientes y proveedores.

Es un grupo societario vinculado a diversas actividades relacionadas con el negocio agropecuario, entre las cuales se destacan:

*El acopio de cereales.
*La explotación Agrícola-Ganadera.
*La ventas de insumos y el transporte de cereales.

Además de constituirnos como concesionario oficial Crucianelli en la región, comercializamos así mismo diferentes marcas destacadas, entre otras: Jacto, Volvo Vial, SDLG y Allochis.";;;Nose;;1990;;Cosechar Sa;https://www.mercadolibre.com.ar/perfil/Cosechar Sa;;;;;;;;;;
MLA1571284339;https://articulo.mercadolibre.com.ar/MLA-1571284339;ok;;;Tractor Usado Zanello 460 Verde - US$ 42.000;"¡CONSULTANOS!

*Cummins.

*18.4x34 simple

-Financiación
-Canje por cereal
-Toma de usados

**El precio publicado es de contado. Consulte precio con financiación.- **
-----------------------------------------------------------------------------------------------------------------------

Somos COSECHAR S.A., una empresa que nace a partir del año 1996, producto de una nueva organización societaria de la familia fundadora.

La misma estuvo relacionada al negocio agrícola desde 1962.

Mas de 50 años junto a clientes y proveedores.

Es un grupo societario vinculado a diversas actividades relacionadas con el negocio agropecuario, entre las cuales se destacan:

*El acopio de cereales.
*La explotación Agrícola-Ganadera.
*La ventas de insumos y el transporte de cereales.

Además de constituirnos como concesionario oficial Crucianelli en la región, comercializamos así mismo diferentes marcas destacadas, entre otras: Jacto, Volvo Vial, SDLG y Allochis.";;;Zanello;460C;1994;;Cosechar Sa;https://www.mercadolibre.com.ar/perfil/Cosechar Sa;;;;;;;;;;
MLA2432907482;https://articulo.mercadolibre.com.ar/MLA-2432907482;ok;;;Pala Cargadora Komatsu Wa 200 Año 2017 - US$ 67.500;"Muy buen estado mecánico e hidráulico 4 cubiertas a 80% vida útil - 
vendo permuto menor valor camion volcador camioneta toyota";;;Komatsu;WA 200 -6;2017;;Maqvialcamiones Danielromero;https://www.mercadolibre.com.ar/perfil/Maqvialcamiones Danielromero;;;;;;;;;;
MLA2322331498;https://articulo.mercadolibre.com.ar/MLA-2322331498;ok;;;Massey Ferguson 4292 Ra Con Pala Omar Martin Sin Embrague - US$ 39.000;"En venta Massey Ferguson 4292 RA Con Pala- SIN EMBRAGUE!

- Año 2016

- Rodado 18.4x34

- Pala Omar Martin OM-600 Platinun

CONSULTA POR
-FINANCIACIÓN
-TOMA DE USADOS
-CANJE POR CEREAL

----------------------------------------------------------------------------------------------------------------------
COSECHAR S.A., nace como empresa a partir del año 1996, producto de una nueva organización societaria de la familia fundadora.

La misma estuvo relacionada al negocio agrícola desde 1962 y con la marca Massey Ferguson a partir de 1983.

Mas de 50 años junto a clientes y proveedores.

Es un grupo societario vinculado a diversas actividades relacionadas con el negocio agropecuario, entre las cuales se destacan:

-El acopio de cereales.
-La explotación agrícola-ganadera.
-La ventas de insumos y el transporte de cereales.

Además de constituirnos como concesionario oficial Crucianelli en la región, comercializamos así mismo diferentes marcas destacadas, entre otras: Jacto, Volvo Vial, SDLG y Allochis.";;;Massey Ferguson;4292 RA;2016;;Cosechar Sa;https://www.mercadolibre.com.ar/perfil/Cosechar Sa;;;;;;;;;;
MLA1511243865;https://articulo.mercadolibre.com.ar/MLA-1511243865;ok;;;Sembradora Neumatica 2/4 Surcos Gg 3p Opc Fertiliz./directa - $ 111.111;"*Chasis de enganche 3 puntos 
* Ancho de labor 2/4 surcos de grano grueso con rueda de mando
* Abresurcos con paralelogramo
*Raspadiscos
* Discos dobles plantadores de 15""
* Colita pisa grano
* Control de profundidad en ruedas tapadoras.
* Kit de siembra neumático con turbina hidráulica y  dosificadores  Matermacc con 2 jgos, de placas. (Se necesita tractor con centro cerrado y salida para motor hidráulico)  
* Tolva individual de semilla de 10 lts
*NO INCLUYE MARCADORES";;;NOVA TECNICA;GAUCHA GG NEUMATICA;2025;;Novatecnicasas;https://www.mercadolibre.com.ar/perfil/Novatecnicasas;;;;;;;;;;
MLA1482310033;https://articulo.mercadolibre.com.ar/MLA-1482310033;ok;;;Cabezal Maicero Ombu - Nuevo 18 Surcos A 52 Cm - Disponible  - US$ 68.510;"CABEZAL MAICERO OMBU - NUEVO 
DISPONIBLES 18 SURCOS
PRECIO IVA INCLUIDO


ACOPLADOS CORDOBA AGRO-VIAL
CONCESIONARIO OFICIAL
OMBU
ASCANELLI
BONANO
MANCINI
GRASS-CUTTER
AMERICAN AGRO
AUMEC";;;Ombu;CM 2020;2025;;Acoplados Cordoba;https://www.mercadolibre.com.ar/perfil/Acoplados Cordoba;;;;;;;;;;
MLA1475317427;https://articulo.mercadolibre.com.ar/MLA-1475317427;ok;;;Pala Cargadora Premium 938h Taurus C/3v. - US$ 84.900;"CAPACIDAD - 1,8 m3
CAPACIDAD DE CARGA - 3.000 kg
ALTURA MAXIMA DE DESCARGA - 3.900 mm
MOTOR - DEUTZ
POTENCIA DEL MOTOR - 123 hp
NEUMATICOS - 17.5-25
DISTANCIA DEL SUELO - 371 mm
VELOCIDADES - 2 adelante / 1 atrás
DIMENSIONES - 7008x2520x3277 mm
PESO OPERATIVO - 10.500 kg
Cotizacion dolar BNA, Tipo vendedor 
Consultar por precios CON ACOPLE

PRECIO PUBLICADO POR PAGO DE CONTADO + IVA

EL IVA EN MAQUINARIA VIAL CORRESPONDE AL 10,5%

EQUIPO GARANTIDO
CONSEJOS PARA UNA NEGOCIACIÓN SEGURA

* SIEMPRE CONOZCA EL LUGAR FÍSICO DONDE OPERA LA PARTE VENDEDORA.
* PIDA AL MENOS TRES REFERENCIAS COMERCIALES.
* SIEMPRE EXIJA FACTURA o FIRMA DE RECIBO DE VENTA BAJO ESCRIBANO.
* REVISE CON ATENCIÓN LOS NÚMEROS DE MOTOR CHASIS Y SERIAL.
* EXIJA QUE FIGUREN EN LA FACTURA o EN EL RECIBO DE VENTA.
* DESCONFIÉ CUANDO EL PRECIO NO ES COMPATIBLE CON EL ESTADO.
* EXISTEN BUENOS NEGOCIOS, LOS MILAGROS GENERALMENTE SON FALSOS.
* USTED ESTA COMPRANDO UNA HERRAMIENTA DE TRABAJO QUE SEA UNA SOLUCIÓN Y NO UN PROBLEMA.
* "" COMPRE EQUIPOS CON GARANTÍA ""
* ESTAMOS A SU DISPOCICION PARA CUALQUIER CONSULTA
EXCELENTE UNIDAD CON GARANTÍA DE 6 MESES o 500HS
CON SERVICE PROPIOS HASTA 1.000 HS";;;Taurus;938H;2025;500;Agrovialfernandez;https://www.mercadolibre.com.ar/perfil/Agrovialfernandez;;;;;;;;;;
MLA1487329829;https://articulo.mercadolibre.com.ar/MLA-1487329829;ok;;;Acoplado Gimetal Ac 14000, Doble Chasis - US$ 15.400;"Capacidad : 14 m3.
12 toneladas de semillas
14/16 toneladas de fertilizantes
Aro giratorio de acero a bolillas
Ejes macizos de 3” con elásticos.
Tolva con divisorios abulonados.
Llantas para cubiertas : 2,95x 22.5/ 3,85 x 22.5
Con lona
Guardabarros

CON SINFÍN:
Sinfín inoculador con motor hidraúlico multiplicado de 100 cc.
Dotada con brazo para carga y descarga con el sinfín.

CON NORIA
Con correa y baldes con motor hidraúlico directo de 100 cc.
Dotada con brazo para carga y descarga con la noria.";;;GiMetal;AC 14000;2024;;Cignoli Hnos;https://www.mercadolibre.com.ar/perfil/Cignoli Hnos;;;;;;;;;;
MLA1487214633;https://articulo.mercadolibre.com.ar/MLA-1487214633;ok;;;Pauny 125 Parque 30 Hp - US$ 12.510;tractor nuevo, marca Pauny, modelo 125 P, con motor 3 cilindros de 30 hp, levante hidraulico de tres puntos, caja de cuarta alta y baja, bloqueo en el diferencial, barra antivuelco;;;Pauny;125 Parque;2025;;Cignoli Hnos;https://www.mercadolibre.com.ar/perfil/Cignoli Hnos;;;;;;;;;;
MLA2659876118;https://articulo.mercadolibre.com.ar/MLA-2659876118;ok;;;Sembradora De Arrastre Serie   Criolla  Mecanica O Neumatica - $ 11.111.111;"• Serie ""CRIOLLA""

* Sembradoras de arrastre 
* Hasta 4 líneas grano grueso y hasta 7 líneas grano fino
* Dosificación mecánica a placa
* Cuchilla turbo para siembra directa
* Abresurcos con paralelogramo
* Discos dobles de 15""
* Control de profundidad en ruedas tapadoras.
* Tolva de abono en línea. 
*Opcional siembra neumática monograno, con tolvas individuales.
*Opcional monodisco sembrador y tapador
*Opcional doble disco con ruedas adosadas (niveladoras para control de profundidad)
*Opcional doble abono en línea y lateral (en banda incorporado o lateral en superficie)
 Configuraciones adaptables a los requerimientos del usuario";;;NOVA TECNICA;CRIOLLA;2025;;Novatecnicasas;https://www.mercadolibre.com.ar/perfil/Novatecnicasas;;;;;;;;;;
MLA2796122540;https://articulo.mercadolibre.com.ar/MLA-2796122540;ok;;;Tractor Agrale 575 Compact 0km (motor Perkins Brasil) - US$ 47.000;"Tractor Agrale 575 Compact – 

El Agrale 575 Compact es un tractor versátil, robusto y confiable, muy utilizado en la región por su excelente desempeño en fruticultura y trabajos rurales en espacios reducidos. Su tamaño compacto le brinda una gran maniobrabilidad entre hileras, sin resignar potencia ni capacidad de trabajo.

Se destaca por su bajo consumo, mantenimiento sencillo y alta durabilidad, convirtiéndolo en una opción eficiente y rentable para el productor.

Somos concesionario oficial Agrale, lo que garantiza respaldo de fábrica, repuestos originales y servicio técnico especializado.

Financiación exclusiva: hasta 12 pagos sin interés, en pesos y a tipo de cambio cerrado.

Consultanos para más información y disponibilidad.";;;Agrale;575 compact;2025;;Podleschsa;https://www.mercadolibre.com.ar/perfil/Podleschsa;;;;;;;;;;
MLA2781390858;https://articulo.mercadolibre.com.ar/MLA-2781390858;ok;;;Fiat 60, Arranque Eléctrico, Con Levante Hidráulico - $ 12.000.000;Encontrá más productos en Mercado Libre;;;Fiat 60;1963;1963;;Ronaldo I.;https://www.mercadolibre.com.ar/perfil/Ronaldo I.;;;;;;;;;;
MLA1621634805;https://articulo.mercadolibre.com.ar/MLA-1621634805;ok;;;30 Hp, 3 Puntos - US$ 6.000;tractor hanomag 300 de 30 hp, con toma de fuerza y levante de 3 puntos,;;;Hanomag;300 P;2011;;Cignoli Hnos;https://www.mercadolibre.com.ar/perfil/Cignoli Hnos;;;;;;;;;;
MLA2531575712;https://articulo.mercadolibre.com.ar/MLA-2531575712;ok;;;Sembradora Usada Crucianelli Pionera Super Iii 27/17 - US$ 55.000;"Sembradora usada Crucianelli Pionera Super III 27/17

*Alfalfero.

*Monitor.

*Patines.

*Kit de GG 14/35.

CONSULTAS POR WHATSAPP : +54 9 3329 621441 

¡CONSULTANOS!

-Financiación
-Canje por cereal
-Toma de usados

**El precio publicado es de contado. Consulte precio con financiación.- **
-----------------------------------------------------------------------------------------------------------------------

Somos COSECHAR S.A., una empresa que nace a partir del año 1996, producto de una nueva organización societaria de la familia fundadora.

La misma estuvo relacionada al negocio agrícola desde 1962.

Mas de 50 años junto a clientes y proveedores.

Es un grupo societario vinculado a diversas actividades relacionadas con el negocio agropecuario, entre las cuales se destacan:

*El acopio de cereales.
*La explotación Agrícola-Ganadera.
*La ventas de insumos y el transporte de cereales.

Además de constituirnos como concesionario oficial Crucianelli en la región, comercializamos así mismo diferentes marcas destacadas, entre otras: Jacto, Volvo Vial, SDLG y Allochis.";;;Crucianelli;Pionera Super III 27/17;2010;;Cosechar Sa;https://www.mercadolibre.com.ar/perfil/Cosechar Sa;;;;;;;;;;
MLA1541693945;https://articulo.mercadolibre.com.ar/MLA-1541693945;ok;;;Mixer Vertical - Ascanelli - Rs 1600 - Anticipo - US$ 25.000;"~ Potencia Requerida HP con Reductor: 100

~ Sistema de descarga: Acarreador a cadenas integral con regulación de tramo móvil en altura y velocidad de descarga mediante accionamiento hidráulico.

~ Velocidad de Sinfin: Transmisión directa: 35 rpm.

Con caja reductora: 35 rpm-25 rpm

~ Sistema de mezclado: Sinfín central con alas 5/8”, con nueve cuchillas intercambiables de acero al boro, una cuchilla barredora y dos contra-cuchillas forzadoras regulables.

~ Cuchillas de corte: 9

~ Chasis: Tubular abulonado, de un eje simple.

~ Balanza Electrónica Con puntas de ejes desmontables y celdas sobre el eje trasero.

~ Pocas horas de uso

~ Año 2011


* EL PRECIO PUBLICADO CORRESPONDE A UN ANTICIPO A MODO INFORMATIVO

¡Encontrá tu próxima unidad en Rodados Integrales!
• Precio publicado: Anticipo informativo.
• Variedad: usados seleccionados, 0km (semirremolques tanques Indecar, maquinaria agrícola etc.).
• Financiación: Adaptada a tus necesidades, fácil y rápida.
• Gestoría: realizamos todos los trámites, sin complicaciones
• Garantía: Tranquilidad y seguridad en tu compra.
• Atención personalizada: Asesoramiento experto en cada paso.
Más de 30 años de experiencia en el rubro nos avalan. ¡Visitanos en Rosario – Santa Fe y disfruta de una experiencia de compra única!";;;Ascanelli;RS 1600;2011;;Rodadosintegralessarodados;https://www.mercadolibre.com.ar/perfil/Rodadosintegralessarodados;;;;;;;;;;
MLA2123516610;https://articulo.mercadolibre.com.ar/MLA-2123516610;ok;;;"Motocortadora De Césped, Malezas Y Arbustos 5x4 Motor B&amp;s Am - US$ 4.815";"ANCHO DE CORTE: 70CM 
ALTURA DE CORTE: Regulación milimétrica de corte de 0 a 12 cm. 
SISTEMA DE DESACOPLE DE CUCHILLAS. 
SISTEMA DE CORTE: “Discorte” (Disco y Cuchillas de Acero 1045 al Boro) apto para Cortar Césped, Malezas y Arbustos. 
RENDIMIENTO: 4000 M2 de Terreno en 1 Hora y con 1 Lt de Combustible. 
ACELERADOR DE MOTOR MANUAL de 3 velocidades. 
SISTEMA DE SEGURIDAD HOMBRE AL AGUA que apaga el motor en caso de que el operario caiga o se baje del equipo. 
RUEDAS ANCHAS SEMI-MACIZAS con taco. 
TRACCIÓN: En las Cuatro Ruedas Delanteras. 
DIRECCIÓN: Trasera. FRENOS HIDRÁULICOS A DISCO
SISTEMA DE AMORTIGUACIÓN EN EL ASIENTO para la absorción de golpes e irregularidades del Terreno. 
APOYA PIE DERECHO regulable. 
RADIO DE GIRO EQUIVALENTE A 0o: La Dirección Trasera, sumada al Sistema Diferencial Autobloqueante, permite al equipo girar sobre su mismo Eje, dando lugar a una Gran Maniobrabilidad para cortar en espacios reducidos o alrededor de un Árboles, Plantas u Objetos.
 CAJA DE TRANSMISIÓN FLOTANTE INTEGRADA AL PORTACUCHILLAS Facilita: el Desacople de las Cuchillas, y la Regulación de altura de Corte. Optimiza: La Potencia del Motor, El Poder de Desmalezado, y Mejora: la Distribución del Peso de la máquina para su mayor Estabilidad y Maniobrabilidad. 
ENGANCHE REGULABLE EN ALTURA para Tiro de Implementos.

MOTOR B&S ARRANQUE MANUAL
CONSULTAR POR VARIANTES DE MOTOR Y/O ARRANQUE

Precio publicado por pago de contado + IVA

COTIZACION DOLAR BNA, TIPO VENDEDOR";;;Roland;R001 5X4;2025;;Agrovialfernandez;https://www.mercadolibre.com.ar/perfil/Agrovialfernandez;;;;;;;;;;
MLA1586285397;https://articulo.mercadolibre.com.ar/MLA-1586285397;ok;;;Pala Cargadora Liangong 820 Balde 1m3 - US$ 10.000;"Somos VIALCONS

Una empresa con experiencia, dedicada a la comercialización de maquinaria vial y de logística. Representamos marcas líderes en cada una de las líneas en las que trabajamos.

Brindamos un servicio integral de asesoramiento, garantía, post-venta y repuestos.
¡Te invitamos a conocer nuestra línea completa de equipos!

» producto: 
>CARGADORA LIANGOG 820

- Motor  YUNNEI YN4D086-30CR de 80 hp

- Balde de 1 m3.

- Capacidad de levante de 1500 kg.

- Neumaticos de alta traccion.

- Cabina vidriada con vision panoramica

- Aire acondicionado frio / calor

- Peso operativo 5.500 kg

+ Contamos con stock permanente de REPUESTOS.

»Amplia FINANCIACIÓN:
 *PRECIO CORRESPONDE AL VALOR ANTICIPO, + CUOTAS
*CONSULTE PRECIO DE CONTADO
*CONSULTE PLANES DE FINANCIACION CON CHEQUES Y CREDITOS BANCARIOS
- BNA Conecta: 12 / 24 / 36 cuotas en todos los equipos.

» CONTACTO ¦ UBICACIÓN
Nos encontramos en CÓRDOBA CAPITAL.
Contamos con asesoramiento personalizado: Deje su consulta y un teléfono de contacto.
Nuestro equipo de asesores lo contactará para despejar todas sus dudas técnicas y comerciales.

* Ubicación: Córdoba Capital / Juan B. Justo n°4820";;;LIANGONG;820;2025;;Vialcons;https://www.mercadolibre.com.ar/perfil/Vialcons;;;;;;;;;;
MLA2180825164;https://articulo.mercadolibre.com.ar/MLA-2180825164;ok;;;Cargadora Frontal Xcmg Xc938 2 Metros - US$ 68.000;"Pala cargadora frontal XCMG XC938 nueva 2 m3 

______________________________________________
Especificaciones técnicas: 

- Motor: Weichai WP6G125E22

- Potencia: 123 HP (92 kW)

- Transmisión de eje fijo 4 x 3 

- Capacidad de balde: 2 m³ 

- Carga nominal: 3.000 kg

- Peso operativo: 10.400 kg

- Altura máxima de descarga: 3.200 mm

- Neumáticos: 17.5 – 25 – 12PR
______________________________________________

» El valor publicado: USD 68.000 + IVA 10.5%

» Facilidad de pago: CONTADO (consultar por financiamiento)

» Hacemos Factura A

» Ofrecemos Envíos a todo el país y retiro gratis en sucursal en CABA.

» Días y horarios de atención: de lunes a viernes de 8:00 a 13:00 y de 14:00 a 17:00 h

¡Su consulta no molesta, estamos para atenderlo!";;;Xcmg;XC938;2025;;Reyma Arg Sa;https://www.mercadolibre.com.ar/perfil/Reyma Arg Sa;;;;;;;;;;
MLA2181615912;https://articulo.mercadolibre.com.ar/MLA-2181615912;ok;;;Cargadora Frontal Taiyang Mv940 1.8m - US$ 50.000;"Pala cargadora frontal Taiyang MV940 1.8 m3 

______________________________________________
Especificaciones técnicas:

- Motor: WEICHAI WPG6G125E22 de 123 HP (92 kW)

- Capacidad del balde: 1,8 m³ 

- Carga nominal: 3.000 kg

- Peso operativo: 8.260 kg

- Altura máxima de descarga: 3.133 mm

- Radio mínimo de giro: 5.780 mm

- Ángulo máximo de giro: ±32°

Dimensiones totales:

- Largo: 7.098 mm (con balde)

- Ancho: 2.076 mm

- Alto: 3.104 mm

- Distancia entre ejes: 2.619 mm

- Frenos neumáticos (air brake) para mayor seguridad operativa

- Neumáticos estándar: 17.5 – 25

______________________________________________
» Valor Publicado: USD 50.000 + IVA 10.5%

» Forma de pago: CONTADO (consultar por financiamiento) 

» Hacemos Factura A

» Ofrecemos Envíos a todo el país y retiro gratis en sucursal en CABA.

» Días y horarios de atención: de lunes a viernes de 8:00 a 13:00 y de 14:00 a 17:00 h

¡Su consulta no molesta, estamos para atenderlo!";;;Taiyang;MV940;2025;;Reyma Arg Sa;https://www.mercadolibre.com.ar/perfil/Reyma Arg Sa;;;;;;;;;;
MLA2649697256;https://articulo.mercadolibre.com.ar/MLA-2649697256;ok;;;Pala Cargadora Xcmg Zl50g 3m - US$ 65.000;"Pala Cargadora XCMG Zl50g Balde 3 m³ Usada – 220 HP

______________________________________________
Características principales:

- Peso operativo: 18.000 kg.

- Motor SC11CB220G2B1 de 162 Kw / 220 Hp a 2.200 rpm

- Balde de 3 m³ y capacidad de carga de 5.000 kg.

- Transmisión PowerShift: 2X1 (2 marchas adelante y 1 atrás).

- Rodado 23.5×25 L3 

- Año: 2014

______________________________________________

» El valor publicado: USD 65.000 + Impuestos

» Facilidad de pago: FINANCIADO. Consultar facilidades de pago

» Días y horarios de atención: de lunes a viernes de 8:00 a 13:00 y de 14:00 a 17:00 h

¡Su consulta no molesta, estamos para atenderlo!";;;Xcmg;ZL50G;2014;;Reyma Arg Sa;https://www.mercadolibre.com.ar/perfil/Reyma Arg Sa;;;;;;;;;;
MLA2604396748;https://articulo.mercadolibre.com.ar/MLA-2604396748;ok;;;Tractor John Deere 5090e Okm - US$ 83.500;"Motor Powertech 4 cilindros 92 HP
Transmision PowrReverser 12/12 o sincronizada 9/3
Toma de Potencia 540/540Ec Compatibilidad con cargadoras frontales
Capacidad de levante 1530 Kg
Enganche de 3 puntos";;;John Deere;5090E;2025;;Omar Vaccari;https://www.mercadolibre.com.ar/perfil/Omar Vaccari;;;;;;;;;;
MLA1518631137;https://articulo.mercadolibre.com.ar/MLA-1518631137;ok;;;Mini Pala Jcb Robot 190 2009 - US$ 17.900;"Mini pala JCB Robot 190 10500 hs 
cubiertas recapadas nuevas 

hay que hacerle cambio de aceite y filtros aceite - hidraulico y combustible

muy buen estado mecanico e hidraulico 

precio contado mas iva a convenir

podria tomar camioneta Toyota en parte de pago";;;JCB;Robot 190 Usa;2009;10500;Maqvialcamiones Danielromero;https://www.mercadolibre.com.ar/perfil/Maqvialcamiones Danielromero;;;;;;;;;;
MLA2205873764;https://articulo.mercadolibre.com.ar/MLA-2205873764;ok;;;31 A 21 Cm, Monitor De Siembra, Año 2019 - US$ 75.000;sembradora usada, Fercam, modelo F440 año 2019 de 31 lineas a 21 cm con monitor de siembra, muy buen estado.;;;Fercam;F440;2019;;Cignoli Hnos;https://www.mercadolibre.com.ar/perfil/Cignoli Hnos;;;;;;;;;;
MLA1478729279;https://articulo.mercadolibre.com.ar/MLA-1478729279;ok;;;En Venta Cargadora SdLG L918h Nueva - US$ 54.000;"CONSULTANOS!

-Financiación
-Canje por cereal
-Toma de usados

**El precio mostrado es de contado. Consulte precio con financiación.- **
-----------------------------------------------------------------------------------------------------------------------

Somos COSECHAR S.A., una empresa que nace a partir del año 1996, producto de una nueva organización societaria de la familia fundadora.

La misma estuvo relacionada al negocio agrícola desde 1962 y con la marca Massey Ferguson a partir de 1983.

Mas de 50 años junto a clientes y proveedores.

Es un grupo societario vinculado a diversas actividades relacionadas con el negocio agropecuario, entre las cuales se destacan:

*El acopio de cereales.
*La explotación Agrícola-Ganadera.
*La ventas de insumos y el transporte de cereales.

Además de constituirnos como concesionario oficial Crucianelli en la región, comercializamos así mismo diferentes marcas destacadas, entre otras: Volvo vial, SDLG, Jacto y Allochis.";;;SDLG;L918H;2024;;Cosechar Sa;https://www.mercadolibre.com.ar/perfil/Cosechar Sa;;;;;;;;;;
MLA2210553934;https://articulo.mercadolibre.com.ar/MLA-2210553934;ok;;;Rastra Desencontrada Dolzani - $ 36.900.000;"RASTRA DE DISCOS DOBLE ACCIÓN DESENCONTRADA - 52 discos de 26” – 5mm + 2 discos borrasurcos - MODELO LV-225 LP  LARGUEROS PLEGABLES 

CARACTERISTICAS:
•	Chasis construidos de tubo 160x100x6,35mm.
•	Largueros de tubo 140x100x6,35, para regulación con grampas
•	16 Bancadas marca TATU 30212 en baño de aceite. 
•	Separadores de fundición de 225 mm. 
•	Eje de acero redondo 42 mm.
•	Discos dentados marca Ingersoll 26”, espesor 5mm. 
•	Discos borrasurcos 22”
•	Llantas 8,25x22,5” para cubierta radial 285/70.
•	Maza reforzada 30209/11, punta eje 63,5 mm. 
•	Largueros portadiscos plegables hidráulicamente.
•	Sistema hidráulico para levante y transporte con 1 cilindro de 4”.
•	Ancho de corte 5,40 mts.
•	Ancho de transporte 3,40 mts.
•	Peso aproximado 4000 kg. (83 kg/disco)
•	Potencia requerida 140-150HP (aprox.)";;;DOLZANI;DAD 52-26-225;2024;;Luis Dolzani;https://www.mercadolibre.com.ar/perfil/Luis Dolzani;;;;;;;;;;
MLA2094907818;https://articulo.mercadolibre.com.ar/MLA-2094907818;ok;;;Autoelevador Mitsubishi Nafta/gas 2.5 Toneladas - US$ 8.000;"AUTOELEVADOR  MITSUBISHI 2.5 TONELADAS
MOTOR NISSAN K21 NAFTA/GAS
AÑO 2009
TORRE TRIPLE CONTAINERA 
ALTURA MAXIMA DE ELEVACION 4.6 METROS
TRANSMISION AUTOMATICA
CARRO DESPLAZADOR DE UÑAS
CUBIERTAS MACIZAS

MOVITEC SERVICE SRL";;;Mitsubishi;FG25NM-GLP;2009;;Movitec Service;https://www.mercadolibre.com.ar/perfil/Movitec Service;;;;;;;;;;
MLA2638185318;https://articulo.mercadolibre.com.ar/MLA-2638185318;ok;;;Tractor Rh-025 4wd - US$ 12.800;"Motor Tricilíndrico de 25 hp de inyección directa, refrigerado a agua. Tracción simple o doble. Doble embrague, Frenos a disco, Dirección hidráulica,

Bloqueo de diferencial, levante de 3 puntos, toma de fuerza de doble velocidad (540 / 1000 RPM) + bomba hidráulica con caudal de 30 L/Min + Convertidor Mecánico (Sólo en versión 4WD). Dimensiones 3080x1500x1930mm / 3080x1308x1930mm.

Distancia entre ejes 1595 / 1645 mm.

Altura desde el piso 340 / 295 mm. Radio de giro 2.75 / 2.8 mts.

Peso de 1340 / 1440 kg.

Implementos ideales:

PALA FRONTAL 180F.

RETROEXCAVADORA 900R

Carro ROLAND H1000 volcador ó ROLAND H2000

La línea de Desmalezadoras ROLAND H005 (1,50 mts.) o de cortadoras de césped para tractor como la ROLAND H130 (1,30 mts.) y/o la ROLAND H200 PRO (2,00 mts.).

Cotizacion dolar BNA tipo vendedor
Precio contado -> 12.800 U$D + IVA";;;Roland H;RH025 4WD;2025;;Agrovialfernandez;https://www.mercadolibre.com.ar/perfil/Agrovialfernandez;;;;;;;;;;
MLA2523773938;https://articulo.mercadolibre.com.ar/MLA-2523773938;ok;;;Tractor Usado Zanello 500 C - US$ 50.000;"Tractor Usado Zanello 500 C

*18.4x34 DUALES.

*Cummins.

¡CONSULTANOS!

-Financiación
-Canje por cereal
-Toma de usados

**El precio publicado es de contado. Consulte precio con financiación.- **
-----------------------------------------------------------------------------------------------------------------------

Somos COSECHAR S.A., una empresa que nace a partir del año 1996, producto de una nueva organización societaria de la familia fundadora.

La misma estuvo relacionada al negocio agrícola desde 1962.

Mas de 50 años junto a clientes y proveedores.

Es un grupo societario vinculado a diversas actividades relacionadas con el negocio agropecuario, entre las cuales se destacan:

*El acopio de cereales.
*La explotación Agrícola-Ganadera.
*La ventas de insumos y el transporte de cereales.

Además de constituirnos como concesionario oficial Crucianelli en la región, comercializamos así mismo diferentes marcas destacadas, entre otras: Jacto, Volvo Vial, SDLG y Allochis.";;;Zanello;500;1991;;Cosechar Sa;https://www.mercadolibre.com.ar/perfil/Cosechar Sa;;;;;;;;;;
MLA2432893922;https://articulo.mercadolibre.com.ar/MLA-2432893922;ok;;;Pala Y Retro Terex 4x4 C Extensible - US$ 34.500;"Vendo - permuto menor valor camioneta o camion volcador 

Equipo en muy buen estado mecanico e hidrauilico

detalles propios del uso y los años

Precio rebajado p arreglar pernos 
de retro y balde 

precio publicado contado mas iva.";;;Terex;760 4 X 4 Extensible;2008;;Maqvialcamiones Danielromero;https://www.mercadolibre.com.ar/perfil/Maqvialcamiones Danielromero;;;;;;;;;;
MLA2389656198;https://articulo.mercadolibre.com.ar/MLA-2389656198;ok;;;Tractor Cortapasto Giro 0 Bronco Tr500 - Cortadora Pasto - US$ 7.900;Encontrá más productos en Mercado Libre;;;Bronco;TR500;2025;;Grupo Taurus;https://www.mercadolibre.com.ar/perfil/Grupo Taurus;;;;;;;;;;
MLA1487175871;https://articulo.mercadolibre.com.ar/MLA-1487175871;ok;;;Pauny 135 - US$ 17.910;tractor Pauny doble traccion, con motor diesel de 35 hp, levante hidraulico de 3 puntos, doble comando hidraulico, toma de fuerza de 540 y 1000 rpm, jaula antivuelco, techo.;;;Pauny;135A;2024;;Cignoli Hnos;https://www.mercadolibre.com.ar/perfil/Cignoli Hnos;;;;;;;;;;
MLA1594148017;https://articulo.mercadolibre.com.ar/MLA-1594148017;ok;;;Pala Cargadora Ctx 928 - US$ 36.900;Encontrá más productos en Mercado Libre;;;Taurus;CTX 928;2025;;Omar Vaccari;https://www.mercadolibre.com.ar/perfil/Omar Vaccari;;;;;;;;;;
MLA2785895994;https://articulo.mercadolibre.com.ar/MLA-2785895994;ok;;;Grupo Electrogeno Generador Yamaha Ef7200e - US$ 2.470;Encontrá más productos en Mercado Libre;;;Yamaha;EF7200E;2025;;Motosmrsa;https://www.mercadolibre.com.ar/perfil/Motosmrsa;;;;;;;;;;
MLA2529871542;https://articulo.mercadolibre.com.ar/MLA-2529871542;ok;;;Fertilizadora Invezta Air 5000 L - US$ 35.000;"Fertilizadora Invezta Air 5000 L

*Con Balanza y Monitor.

¡CONSULTANOS!

-Financiación
-Canje por cereal
-Toma de usados

**El precio publicado es de contado. Consulte precio con financiación.- **
-----------------------------------------------------------------------------------------------------------------------

Somos COSECHAR S.A., una empresa que nace a partir del año 1996, producto de una nueva organización societaria de la familia fundadora.

La misma estuvo relacionada al negocio agrícola desde 1962.

Mas de 50 años junto a clientes y proveedores.

Es un grupo societario vinculado a diversas actividades relacionadas con el negocio agropecuario, entre las cuales se destacan:

*El acopio de cereales.
*La explotación Agrícola-Ganadera.
*La ventas de insumos y el transporte de cereales.

Además de constituirnos como concesionario oficial Crucianelli en la región, comercializamos así mismo diferentes marcas destacadas, entre otras: Jacto, Volvo Vial, SDLG y Allochis.";;;Invezta;air;2010;;Cosechar Sa;https://www.mercadolibre.com.ar/perfil/Cosechar Sa;;;;;;;;;;
MLA1570825937;https://articulo.mercadolibre.com.ar/MLA-1570825937;ok;;;Tractor Fiat Someca Con Pala Invertida Martin - US$ 14.000;"CONSULTAS POR WHATSAPP : +54 9 3329 621441

¡CONSULTANOS!

-Financiación
-Canje por cereal
-Toma de usados

**El precio publicado es de contado. Consulte precio con financiación.- **
-----------------------------------------------------------------------------------------------------------------------

Somos COSECHAR S.A., una empresa que nace a partir del año 1996, producto de una nueva organización societaria de la familia fundadora.

La misma estuvo relacionada al negocio agrícola desde 1962.

Mas de 50 años junto a clientes y proveedores.

Es un grupo societario vinculado a diversas actividades relacionadas con el negocio agropecuario, entre las cuales se destacan:

*El acopio de cereales.
*La explotación Agrícola-Ganadera.
*La ventas de insumos y el transporte de cereales.

Además de constituirnos como concesionario oficial Crucianelli en la región, comercializamos así mismo diferentes marcas destacadas, entre otras: Jacto, Volvo Vial, SDLG y Allochis.";;;FIAT SOMECA;OM 800;1970;;Cosechar Sa;https://www.mercadolibre.com.ar/perfil/Cosechar Sa;;;;;;;;;;
MLA2149769006;https://articulo.mercadolibre.com.ar/MLA-2149769006;ok;;;Pulverizador Praba Ar 3.4 S2   Consultar Precio!!!!!!! - US$ 251.529;"DIMENSIONES GENERALES

-Tanque: 4000 lt aprox
-Largo: 7,8 mt
-Ancho: 3,75 mt
-Distancia entre ejes: 4,7 mt
-Despeje: 1,55 mt
-Trocha: 2,625 a 2,8 mt (desplazando la llanta)
-Ancho de labor: 32 o 36 mt
-Opcional fibra de carbono: 36 o 40 mt
-Peso aprox: 8100 kg (Vacio)

¡CONSULTANOS!

-Financiación
-Canje por cereal
-Toma de usados

**El precio mostrado es de contado. Consulte precio con financiación.- **
-----------------------------------------------------------------------------------------------------------------------

Somos COSECHAR S.A., una empresa que nace a partir del año 1996, producto de una nueva organización societaria de la familia fundadora.

La misma estuvo relacionada al negocio agrícola desde 1962 y con la marca Massey Ferguson a partir de 1983.

Mas de 50 años junto a clientes y proveedores.

Es un grupo societario vinculado a diversas actividades relacionadas con el negocio agropecuario, entre las cuales se destacan:

*El acopio de cereales.
*La explotación Agrícola-Ganadera.
*La ventas de insumos y el transporte de cereales.

Además de constituirnos como concesionario oficial Massey Ferguson y Crucianelli en la región, comercializamos así mismo diferentes marcas destacadas, entre otras: Jacto y Allochis.";;;Praba;3.4 S2;2023;;Cosechar Sa;https://www.mercadolibre.com.ar/perfil/Cosechar Sa;;;;;;;;;;
MLA1576105401;https://articulo.mercadolibre.com.ar/MLA-1576105401;ok;;;Tractor Dongfeng Df250 Usado - US$ 8.000;"Tractor Dongfeng 30HP usado
Levante de tres puntos
direccion hiraulica 
Comando hidraulico
Rodado parquero
Listo para trabajar
Se toma Tractores y maquinarias usada

El precio publicado es en efectivo +iva 10.5 %";;;Dongfeng;DF250;2022;;Joseagustin20211123124105;https://www.mercadolibre.com.ar/perfil/Joseagustin20211123124105;;;;;;;;;;
MLA2533494802;https://articulo.mercadolibre.com.ar/MLA-2533494802;ok;;;Chimangos Nuevos Tango 8x200 - $ 5.500.000;"Chimangos Nuevos Tango 8x200

*Motor a explosión (abajo).

*13 hp.

*Llantas 16 s/c

¡CONSULTANOS!

-Financiación
-Canje por cereal
-Toma de usados

**El precio publicado es de contado. Consulte precio con financiación.- **
-----------------------------------------------------------------------------------------------------------------------

Somos COSECHAR S.A., una empresa que nace a partir del año 1996, producto de una nueva organización societaria de la familia fundadora.

La misma estuvo relacionada al negocio agrícola desde 1962.

Mas de 50 años junto a clientes y proveedores.

Es un grupo societario vinculado a diversas actividades relacionadas con el negocio agropecuario, entre las cuales se destacan:

*El acopio de cereales.
*La explotación Agrícola-Ganadera.
*La ventas de insumos y el transporte de cereales.

Además de constituirnos como concesionario oficial Crucianelli en la región, comercializamos así mismo diferentes marcas destacadas, entre otras: Jacto, Volvo Vial, SDLG y Allochis.";;;Tango;NOSE;2025;;Cosechar Sa;https://www.mercadolibre.com.ar/perfil/Cosechar Sa;;;;;;;;;;
MLA2662357006;https://articulo.mercadolibre.com.ar/MLA-2662357006;ok;;;Tractor Hanomag 800/4 - $ 46.000.000;Encontrá más productos en Mercado Libre;;;Hanomag;800/4;2026;;Equiposagroindustrialessocie;https://www.mercadolibre.com.ar/perfil/Equiposagroindustrialessocie;;;;;;;;;;
MLA2078068706;https://articulo.mercadolibre.com.ar/MLA-2078068706;ok;;;Pala Cargadora Case 821 E  Unico Dueño - US$ 105.000;"Excelente estado mecanico hidraulico 
precio dolar oficial mas iva a convenir 
pala de 3,25 m3
podria tomar camioneta toyota en parte de pago 
o camion volcador";;;Case;821 E 3,25 M3;2018;;Maqvialcamiones Danielromero;https://www.mercadolibre.com.ar/perfil/Maqvialcamiones Danielromero;;;;;;;;;;
MLA1606738453;https://articulo.mercadolibre.com.ar/MLA-1606738453;ok;;;Niveladora De Arrastre 3mts Codealpa - $ 12.500.000;"Niveladora de arrastre mts. 
Nueva, peso 1000 kg
Potencia requerida 80 HP
ENTREGA INMEDIATA.";;;Codealpa;Niveladora de arrastre;2026;;Equiposagroindustrialessocie;https://www.mercadolibre.com.ar/perfil/Equiposagroindustrialessocie;;;;;;;;;;
MLA2662022716;https://articulo.mercadolibre.com.ar/MLA-2662022716;ok;;;Pala Hanomag 104 - $ 32.400.000;Encontrá más productos en Mercado Libre;;;Hanomag;104;2026;;Equiposagroindustrialessocie;https://www.mercadolibre.com.ar/perfil/Equiposagroindustrialessocie;;;;;;;;;;
MLA1606784719;https://articulo.mercadolibre.com.ar/MLA-1606784719;ok;;;Tractor Hanomag 500/2 P Parquero - $ 22.400.000;"Dirección: Hidráulica
Salida Hidráulica: 2 salidas doble efecto
Fuerza de Levante: 683 Kg
Tipo de Levante: 3 puntos / Categoría 1
Velocidad Toma de Fuerza: --
Eje Toma de Fuerza: 6 estrías / 540/1000 rpm
Largo: 3000 mm
Ancho: 1600 mm
Alto: 1500 mm
Distancia entre Ejes: 1950 mm
Trocha Delantera: 1210 mm
Trocha Trasera: 1190 mm
Despeje del Suelo (desde base transmisión): 295 mm
Peso: 1580 Kg";;;Hanomag;500/2;2026;;Equiposagroindustrialessocie;https://www.mercadolibre.com.ar/perfil/Equiposagroindustrialessocie;;;;;;;;;;
MLA1606760629;https://articulo.mercadolibre.com.ar/MLA-1606760629;ok;;;Tractor Hanomag Frutero Fr500/4 - $ 23.400.000;Encontrá más productos en Mercado Libre;;;Hanomag;FR500/4;2026;;Equiposagroindustrialessocie;https://www.mercadolibre.com.ar/perfil/Equiposagroindustrialessocie;;;;;;;;;;
MLA1606783851;https://articulo.mercadolibre.com.ar/MLA-1606783851;ok;;;Tractor Hanomag 500/4 - $ 24.700.000;Encontrá más productos en Mercado Libre;;;Hanomag;500/4;2026;;Equiposagroindustrialessocie;https://www.mercadolibre.com.ar/perfil/Equiposagroindustrialessocie;;;;;;;;;;
MLA1606760345;https://articulo.mercadolibre.com.ar/MLA-1606760345;ok;;;Tractor Hanomag Tr85 - $ 57.700.000;Encontrá más productos en Mercado Libre;;;Hanomag;TR85;2026;;Equiposagroindustrialessocie;https://www.mercadolibre.com.ar/perfil/Equiposagroindustrialessocie;;;;;;;;;;
MLA2627812912;https://articulo.mercadolibre.com.ar/MLA-2627812912;ok;;;Tractor Chimangos Cintas Fumigadoras Tolvas En Córdoba Emvio - US$ 19.999;"Importantes equipos en gral Deheza Pcia de Córdoba 
Listado en las fotografías 
Envíos a todo el país 
Tractores fumigadoras comederos silos chimangos cintas pulverizadores y otras 
Actualmente en gral Deheza y se hacen envíos a todo el país 
Se ofrece por unidad o por lote a barrer todos los lotes";;;Valmet new hollas;1180 75;2010;;Demaquinas;https://www.mercadolibre.com.ar/perfil/Demaquinas;;;;;;;;;;
MLA2627772724;https://articulo.mercadolibre.com.ar/MLA-2627772724;ok;;;Tractor Valmet 1180 4x4 Cabinado Envíos Al País - $ 29.500.000;"Varios equipos más en venta se ofrecen de campo 
TRACTOR VALMET MODELO: 1180 4X4 - AÑO 1994 CON MOTOR CUMMINS(Nº 30704114 MOD 6B001). 6 CILINDROS. POTENCIA 117HP. 2300RPM.  TOMA DE FUERZA -  4 ENGANCHES HIDRAULICOS - HORA 31.646 CON VIGIA. RODADOS DELANTEROS 14.9-24. TRASEROS 18.4-34 GOOD YEAR
Envíos a todo el país a domicilio";;;Valmet;1180 4x4;2000;;Demaquinas;https://www.mercadolibre.com.ar/perfil/Demaquinas;;;;;;;;;;
MLA2627772560;https://articulo.mercadolibre.com.ar/MLA-2627772560;ok;;;Tractor Valmet 1180 Tracción 4x4 Cabinado En Córdoba Envíos - US$ 25.000;"En gral Deheza Córdoba actualmente 
Envíos a todo el país 
TRACTOR VALMET MODELO: 1180 4X4 - AÑO 1994 CON MOTOR CUMMINS(Nº 30704114 MOD 6B001). 6 CILINDROS. POTENCIA 117HP. 2300RPM.  TOMA DE FUERZA -  4 ENGANCHES HIDRAULICOS - HORA 31.646 CON VIGIA. RODADOS DELANTEROS 14.9-24. TRASEROS 18.4-34 GOOD YEAR";;;Valmet;1180 4x4;2000;;Demaquinas;https://www.mercadolibre.com.ar/perfil/Demaquinas;;;;;;;;;;
MLA1575455205;https://articulo.mercadolibre.com.ar/MLA-1575455205;ok;;;Tractor Ruslan D80 Cabinado Levante 3 Puntos Envíos Al País - $ 9.500.000;"Tractor ruslan D80 diesel cabinado y levante 3 puntos 
Envíos al país";;;Ruslan;D80;2000;;Demaquinas;https://www.mercadolibre.com.ar/perfil/Demaquinas;;;;;;;;;;
MLA1564163867;https://articulo.mercadolibre.com.ar/MLA-1564163867;ok;;;Oport. Precio Unico 0-km. Tractor 4x4 A/a 3puntos Y Toma/f. - US$ 20.000;"ATENCION, GRAN OPORTUNIDAD A UN PRECIO UNICO. CON EL MISMO VALOR DE LA PUBLICACION LE DAMOS DE REGALO EL ROTOCULTIVADOR.

EL TRACTOR ES 0-KM, VIENE SUPER COMPLETO, CON AIRE ACONDICIONADO, DIRECCION HIDRAULICA, TIENE HASTA BOCINA- ES 4X4. VIENE CON TOMA DE FUERZA Y 3 PUNTOS. EL PRECIO NO INCLUYE IVA Y SE LO DESEA SE PUEDE FACTURAR POR EL TOTAL.

                                FICHA TECNICA

Modelo 704
Tracción 4x4
Motor marca: Weifang.
Potencia: 70hp.
Cilindrada: 2.540 cc.
Velocidad de la toma de fuerza, 2 velocidades, 540 y 760 rpm.
6 posiciones de altura de hidráulico.
3 Puntos.
Poder máximo de arrastre mayor a 12 KN
Peso 1600 kg.
Dirección hidráulica.
Aire acondicionado.
Luces Led.
Bocina.
Baliza.
4 marchas hacia adelante y 4 hacia atrás.
Velocidad máxima: 30 km/h.
Medida de las gomas: 7.5-16/11.2-28.
Distancia entre ejes 1.85 metros
Dimensiones: 3.35 m de largo, 1.5 de ancho y2.25 de alto";;;J-D;704 4X4;2025;;Argentinaventas;https://www.mercadolibre.com.ar/perfil/Argentinaventas;;;;;;;;;;
MLA1564051933;https://articulo.mercadolibre.com.ar/MLA-1564051933;ok;;;Tractor Chery Wd1804 4x4  Motor Perkins 180hp  Con Aire - US$ 72.000;"Tractor Chery World 1800 – Potencia, confort y rendimiento para el campo.

En TZADIK, concesionario líder en venta de tractores y maquinaria agrícola en Argentina, te presentamos el Chery World 1800, un equipo de alta potencia diseñado para los trabajos más exigentes del campo argentino.

Este tractor combina tecnología, robustez y comodidad, con el respaldo de Motor Perkins de 180 HP, garantizando confiabilidad y fuerza en cada tarea.

- Características técnicas principales:

•   Motor Perkins 180 HP – Diésel
•   Tracción 4x4
•   Sistema de 3 puntos
•   Cabina climatizada con aire acondicionado
•   Toma de fuerza (TDF)
•   Comando hidráulico de alta respuesta
•   Cubiertas Radiales

 Beneficios exclusivos TZADIK:

•  Capacitación + Service + Repuestos garantizados
•   Envíos a todo el país
•   Financiación en PESOS
•  Entrega inmediata

Con TZADIK, asegurás asesoramiento técnico, respaldo postventa y el mejor precio del mercado en maquinaria agrícola.

Consultanos hoy mismo por disponibilidad, financiación y condiciones de entrega.
TZADIK – Confianza que impulsa al campo.";;;Chery World;Wd1804;2025;;Tzadikargentina;https://www.mercadolibre.com.ar/perfil/Tzadikargentina;;;;;;;;;;
MLA1517804737;https://articulo.mercadolibre.com.ar/MLA-1517804737;ok;;;Pala Cargadora Mountain  Raise Mr920f   De  1.5 Toneladas - US$ 17.500;"MOUNTAIN  RAISE MR920F CARGADOR FRONTAL  DE  1.6 TONELADAS.   
MOTOR YUNNEI YN27 REFRIGERADO POR AGUA 4 CILINDROS DE 60 HP 
TRASMISIÓN AUTOMÁTICA 
TRACCIÓN EN LAS CUATRO RUEDAS 4WD 
PALA CARGADORA DE 0.70 M3
AMPLIA CABINA CON VIDRIOS TEMPLADOS Y CALEFACCIÓN 
ASIENTO HIDRÁULICO REGULABLE 
COLUMNA DE DIRECCIÓN REGULABLE EN POSICIONES Y ALTURA 
FRENO DE AIRE 
LUCES DE LEED Y CÁMARA PARA VISIÓN TRASERA CON PANTALLA EN CABINA 
RODADO 23.5/70/16 
ALTURA DE ELEVACIÓN DEL CUCHARON 4100 ,
ALTURA DE DESCARGA 3350 MM.
CAPACIDAD DE CARGA NOMINAL DE 1.5 TONELADAS.
CONTROL PILOTO HIDRÁULICO.
CÁMARA CON VISIÓN TRASERA.
CABINA DE MODERNO DISEÑO.
CALEFACCIÓN.
LUCES DE LEED.
COLUMNA DE DIRECCIÓN REGULABLE.
BUTACA HIDRÁULICA CON REPOSA BRAZOS.
CAJA DE HERRAMIENTAS.
DIMENSIONES 5540x1880x2740
PESO OPERATIVO 4100 KG.
ANCHO DE CUCHARON 1800 MM
FRENO DE AIRE.
FRENO DE MANO DE ZAPATA TIPO TAMBOR , RESORTE DE AIRE LIBERADO.
ENTREGA INMEDIATA.
COLOR AMARILLO VIAL.
LISTA PARA PATENTAR.
NORMAS DE FABRICACIÓN ISO 9001 CE.

OBS:TODAS LAS MAQUINAS VIENEN EQUIPADAS CON JOYSTICK .
BALIZA Y SIRENA PARA RETROCESO.
CALEFACCIÓN.
LUCES DE LEED.
CÁMARA TRASERA CON PANTALLA EN CABINA.
OPCIONAL BALDE DE 1 M3.
Precio mas iva de 10.5 %.";;;MOUNTAIN RAISE;MR920F;2025;;Nuna2023;https://www.mercadolibre.com.ar/perfil/Nuna2023;;;;;;;;;;
MLA2243982142;https://articulo.mercadolibre.com.ar/MLA-2243982142;ok;;;Minitractor Cortacesped Husqvarna Nuevo Ts 219 Tfm 0km 26hp - $ 15.608.503;"PATRONELLI MOTORSTORE - CONCESIONARIO OFICIAL HUSQVARNA!

TRACTOR CORTACÉSPED HUSQVARNA TS 219 TFM!!

Modelo: TS 219 TFM
0km

Especificaciones técnicas:

Motor
Husqvarna HV 764E
Potencia máxima de motor (HP)
26,3 HP
Cilindrada
764 c.c.
Altura de corte mínimo
2,5 cm
Altura de corte máxima
10 cm
Capacidad de combustible
13 L
Capacidad de aceite
1,7 Lts.
Cantidad de cilindros
Bicilíndrico
Velocidades
Automáticas
Método de conducción
Dos Pedales
Velocidad de desplazamiento
8,4 Km/h
Posiciones de altura
10
Luces delanteras
LED + DRL
Área recomendada
40.000 m2
Peso Bruto
263 Kg

PATRONELLI MOTORSTORE - CONCESIONARIO OFICIAL HUSQVARNA!";;;Husqvarna;TS 219 TFM;2025;;Patronelli Motorstore;https://www.mercadolibre.com.ar/perfil/Patronelli Motorstore;;;;;;;;;;
MLA1502115113;https://articulo.mercadolibre.com.ar/MLA-1502115113;ok;;;Nueva Pala Cargadora Michigan  Modelo R45 Iv  Motor 60 Hp - US$ 24.500;"Línea:  Compact
Capacidad de carga:  1.200 Kg
Capacidad de balde:  1 m3
Cabina:  Si
Calefacción/Aire acondicionado:  Calefacción
Vel. elevación de carga:  4,5 s
Velocidad de trabajo (baja):  8.3 / 45.5 Km/h
Velocidad de traslado (alta):  8.3 / 45.5 Km/h
Motor Marca:  Xinchai
Motor Potencia:  44.7 Kw / 60 Hp
Motor Cilindrada:  2,5 L
Rodado Frontal:  16/70-20 18PR
Rodado Trasero:  16/70-20 18PR
Sistema eléctrico - Voltaje:  24 v

**TRASLADO DE MAQUINARIA Y ENTREGA EN TODOS LOS PUNTOS DEL PAÍS**
**CONTAMOS CON SERVICIO DE POST VENTA Y REPUESTOS ORIGINALES**";;;Michigan;R45IV;2025;;Tzadikargentina;https://www.mercadolibre.com.ar/perfil/Tzadikargentina;;;;;;;;;;
MLA1498535571;https://articulo.mercadolibre.com.ar/MLA-1498535571;ok;;;Pala Cargadora Frontal Hidráulica Komatsu Wa420 3m3 Envíos - US$ 55.000;"COD.GR7969
Pala cargadora frontal hidráulica articulada Komatsu, mod. WA 420-1L, año 1995, horas de trabajo 1.472, tracción 4x4, con motor diésel 6 cilindros turbo, cap. de balde 3 m3.
Envíos al país";;;Komatsu;WA-420-1L;1995;;Demaquinas;https://www.mercadolibre.com.ar/perfil/Demaquinas;;;;;;;;;;
MLA2053383216;https://articulo.mercadolibre.com.ar/MLA-2053383216;ok;;;Pala Cargadora Articulada Cat 924f Balde 1.7m3  - US$ 45.000;"Impecable pala CAT 924F ARTICULADA

Caracteristicas

Peso 9.1 t
Ruedas estandar 17.5-25
Capacidad del balde 1.7 m³
Largo 6.54 m
Ancho 2.32 m
Alto 3.13 m
Motor Caterpillar
Tipo 3114 DIT (4 Cilindros Turbo)
Potencia 111 HP";;;CAT;924F;2001;;Demaquinas;https://www.mercadolibre.com.ar/perfil/Demaquinas;;;;;;;;;;
MLA2715943778;https://articulo.mercadolibre.com.ar/MLA-2715943778;ok;;;Tractor Agrícola Same, Mod. Lame 100 V 2 Wd,envíos Al País - US$ 15.000;"COD.GR7537
Tractor agrícola Same, mod. LAME 100 v 2 wd, tracción 4x2, con motor 5 cil diésel, con toma de fuerza, salida hidráulica, gancho de tiro y levante de 3 puntos mecánico
Envíos al país";;;Same;Lame 100 v 2wd;2002;;Demaquinas;https://www.mercadolibre.com.ar/perfil/Demaquinas;;;;;;;;;;
MLA1596108263;https://articulo.mercadolibre.com.ar/MLA-1596108263;ok;;;Tractor Agrícola John Deere 1420 C/pala Frontal Y Retroexcav - $ 12.500.000;"Tractor agrícola John Deere, mod. 1420, año desconocido, con implemento balde frontal hidráulico, cap. 0,90 m3, brazo hidráulico trasero, con balde excavador, motor diésel de 3 cilindros (desarmado con faltantes), salida hidráulica, gancho de tiro, tracción 4x2, 2 patas estabilizadoras (sin funcionar, en el estado en que se encuentra y exhibe
Envíos al país";;;John Deere;1420;1985;;Demaquinas;https://www.mercadolibre.com.ar/perfil/Demaquinas;;;;;;;;;;
MLA1590299153;https://articulo.mercadolibre.com.ar/MLA-1590299153;ok;;;Picadora  Kemper  Pick-ue2200 Envíos Al País - US$ 18.500;"COD.GR7943
Descripción:
PICADORA MARCA ""KEMPER"" - MOD. PICK-UE2200 - MAQUINA KM2200X107456PICADORA MARCA ""KEMPER"" - MOD. PICK-UE2200 - MAQUINA KM2200X107456 . 
Envíos al país";;;Kemper;Pick-UE2200;2005;;Demaquinas;https://www.mercadolibre.com.ar/perfil/Demaquinas;;;;;;;;;;
MLA1568183293;https://articulo.mercadolibre.com.ar/MLA-1568183293;ok;;;Pala Frontal Michigan Heavy Duty 5tn 3m³ 220hp 2025  - US$ 97.900;"Línea:  
Heavy Duty
Capacidad de carga:  
5000 Kg
Capacidad de balde:  
3 m³ (Aprox.)
Altura máxima de carga:  
5283 mm
Altura máxima de descarga:  
3078 mm
Altura máxima a perno:  
4136 mm
Comando operativo:  
Joystick Hidráulico
Tracción:  
4WD
Caja de cambio:  
Powershift
Presión del sistema hidráulico:  
16 Mpa
Sistema de frenos:  
Caliper - Disco
Cabina:  
Sí
Calefacción/Aire acondicionado:  
Si / Si
Vel. elevación de carga:  
6 s
Ángulo máximo de subida:  
30º
Ángulo de articulación:  
35º
Velocidad de trabajo (baja):  
--
Velocidad de traslado (alta):  
36 Km/h
Peso Operativo:  
15.800 Kg
Largo:  
7760 mm
Ancho:  
3000 mm
Alto:  
3380 mm
Distancia entre ejes:  
2930 mm
Trocha:  
2240 mm
Mínima distancia al piso:  
556 mm
Radio de giro:  
6182 mm
Motor Marca:  
Weichai
Motor Potencia:  
162 Kw / 220 Hp
Motor Torque Máximo:  
860 Nm
Motor Cilindrada:  
9.72 L
Rodado Frontal:  
23.5-25 L-3 16PR TT
Rodado Trasero:  
23.5-25 L-3 16PR TT
Sistema eléctrico - Voltaje:  
24 V";;;Michigan;M95HDII;2025;;Tzadikargentina;https://www.mercadolibre.com.ar/perfil/Tzadikargentina;;;;;;;;;;
MLA1546396023;https://articulo.mercadolibre.com.ar/MLA-1546396023;ok;;;Tractor Chery Wd904 F Con Cabina - US$ 31.000;"Cabina: Original / Aire Acondicionado: Frío - Calor.
Tracción: Doble
Motor: Diesel 4 Cilindros - Tecnología Perkins - Inección Electrónica
Transmisión: Mecánica 12x12 
Dirección: Hidráulica
Frenos: Disco Baño de Aceite
Levante 3 Puntos si

**TRASLADO DE MAQUINARIA Y ENTREGA EN TODOS LOS PUNTOS DEL PAÍS**
**CONTAMOS CON SERVICIO DE POST VENTA Y REPUESTOS ORIGINALES**";;;Chery Word 904 92 hp;904 con cabina;2025;;Tzadikargentina;https://www.mercadolibre.com.ar/perfil/Tzadikargentina;;;;;;;;;;
MLA2715956854;https://articulo.mercadolibre.com.ar/MLA-2715956854;ok;;;Embolsadora De Tiro Martínez Y Staneck Motor 15kw Envio Pais - US$ 9.500;Envíos al país;;;Martínez y Staneck;m&s;2018;;Demaquinas;https://www.mercadolibre.com.ar/perfil/Demaquinas;;;;;;;;;;
MLA1528333899;https://articulo.mercadolibre.com.ar/MLA-1528333899;ok;;;Tractor Radio Cero Husqvarna Z254 F Giro Cero 24hp Kawasaki  - $ 25.174.318;"PATRONELLI MOTORSTORE - CONCESIONARIO OFICIAL HUSQVARNA!

TRACTOR CORTACÉSPED HUSQVARNA RADIO CERO Z254 F!!

Modelo: Z 254 F
0km

El rendimiento y el estilo llegan al césped con el nuevo Radio Cero de la serie Z200. El diseño de vanguardia, el rendimiento probado y las nuevas características innovadoras se combinan para hacer del mantenimiento del césped un evento en lugar de una tarea.

Especificaciones técnicas:

Motor
Kawasaki FR730V-ES13-R
Potencia (HP)
24 HP
Cilindrada
726 c.c.
Cilindros
Bicilíndrico
Capacidad de combustible
13,2 lts
Transmisión
Hidrostática
Modelo de transmisión
Hydro-Gear EZT
Velocidades
Automática
Velocidad de desplazamiento
10,5 Km/h
Cantidad de cuchillas
3
Accionamiento de cuchillas
Eléctrico
Posiciones de altura
6
Altura de corte mín.
1,5 ""
Altura de corte máx.
4 ""
Ancho de Plataforma
54 ""
Sistema de elevación de plataforma
Manual
Tipo de Uso
Rural
Origen USA

PATRONELLI MOTORSTORE - CONCESIONARIO OFICIAL HUSQVARNA!";;;Husqvarna;Z 254 F;2025;;Patronelli Motorstore;https://www.mercadolibre.com.ar/perfil/Patronelli Motorstore;;;;;;;;;;
MLA1528475627;https://articulo.mercadolibre.com.ar/MLA-1528475627;ok;;;Minitractor Cortacesped Husqvarna Nuevo Ts 114 0km 18hp  - $ 10.555.344;"PATRONELLI MOTORSTORE - CONCESIONARIO OFICIAL HUSQVARNA!

TRACTOR CORTACÉSPED HUSQVARNA TS114!!

Modelo: TS 114 (NUEVO)
0km

El Husqvarna TS 114 es un tractor cortacésped compacto y eficiente, especialmente diseñado para ofrecer un rendimiento superior en jardines amplios y terrenos complejos con pasajes estrechos. Su diseño ergonómico garantiza una experiencia de corte cómoda y sin esfuerzo, gracias a sus palancas de control de fácil acceso y pedales ubicados uno al lado del otro para una conducción intuitiva. Este modelo combina maniobrabilidad y potencia en un formato optimizado para facilitar el almacenamiento, el mantenimiento y la operación diaria. Ideal para usuarios que buscan eficiencia, confort y resultados profesionales en cada pasada.

Especificaciones técnicas:

Potencia máxima de motor (HP)
14,8 HP
Cilindrada
452 c.c.
Motor
Husqvarna
Tipo de motor
HV 452AE
Altura de corte mínimo
2,5 cm
Regulación de altura
6 posiciones
Altura de corte máxima
10 cm
Rueda delantera
15x6-6
Rueda trasera
18x8,5-8
Capacidad de tanque de combustible (L)
6 L
Capacidad de aceite
1,2 Lts.
Cantidad de cilindros
Monocilíndrico
Velocidad de desplazamiento
9 Km/h
Ancho de Plataforma ("")
37,5 ""
Ancho de plataforma (cm)
95 cm
Plataforma de corte
Estampada
Área recomendada
20000 m2
Peso (Kg)
184 Kg
Productividad (60%)
5130 m2/h
Origen USA

PATRONELLI MOTORSTORE - CONCESIONARIO OFICIAL HUSQVARNA!";;;Husqvarna;TS 114;2025;;Patronelli Motorstore;https://www.mercadolibre.com.ar/perfil/Patronelli Motorstore;;;;;;;;;;
MLA2065141534;https://articulo.mercadolibre.com.ar/MLA-2065141534;ok;;;Pala Cargadora Cat 924g - US$ 45.000;"Equipo disponible para la venta operativo 
Unidad patentada y se entrega transferido a nombre del comprador 
Engine
Model Caterpillar® 3056E DIT ATAAC
Rated Net Power 96 kW 129 hp
Maximum Net Power 102 kW 137 hp

Buckets
Bucket Capacities 1.7 m3- 2.8 m3

Weights
Maximum Weight 11 340 kg 24,990 lb

Entrega inmediata
Equipo patentado";;;CAT;924G;2006;;Demaquinas;https://www.mercadolibre.com.ar/perfil/Demaquinas;;;;;;;;;;
MLA2091215500;https://articulo.mercadolibre.com.ar/MLA-2091215500;ok;;;Pala Cargadora 2m Liugong 835h Yuchai / Cummins / Zf - US$ 20.000;"PALA CARGADORA LIUGONG CLG 835H

Motor Yuchai YC6J125Z-T22 (opcional Cummins)
Potencia Bruta 92 kW (125 hp) @ 2000 rpm
Cabina ROPS / FOPS 
Capacidad de Balde 1.8 m³
Capacidad de Carga 3000kg
Peso operativo 10125 kg
Transmision Liugong (opcional ZF)
Tanque de combustible 140 L

Valor publicado corresponde al anticipo!!
 
Amplio stock de repuestos y servicios de postventa en todo el pais.
Financiacion!!! Tomamos tu usado!!!
Contamos con toda la linea Liugong e implementos/herramientas.
Su consulta no molesta.

*** Todos los precios están sujetos a posibles modificaciones***

SOMOS EQUIPOS VIALES RUTA 2
Distribuidor Oficial Liugong";;;Liugong;835H;2023;;Equiposvialesr2;https://www.mercadolibre.com.ar/perfil/Equiposvialesr2;;;;;;;;;;
MLA2591393232;https://articulo.mercadolibre.com.ar/MLA-2591393232;ok;;;Pala Planta De Hormigon Betonmac Movil 10m3 C/balanza Envios - US$ 25.000;"envios a todo el pais
vea el video
Opcional silo vertical de 60tn con patas";;;Betonmac;HCI500;1999;;Demaquinas;https://www.mercadolibre.com.ar/perfil/Demaquinas;;;;;;;;;;
MLA1590376915;https://articulo.mercadolibre.com.ar/MLA-1590376915;ok;;;Planta De Aridos Indumix Transportable C/cinta Envio Al Pais - US$ 25.000;"Planta dosificadora de áridos a granel Indumix, modelo SCM18, año 2005, capacidad de tolva 3 m3, capacidad de producción 3 a 5 toneladas, con cinta de transporte inclinable de 13.90 metros de largo x 0.75 metros. de ancho y motor de 10hp 
Envíos a todo el país";;;Indumix;planta aridos;2005;;Demaquinas;https://www.mercadolibre.com.ar/perfil/Demaquinas;;;;;;;;;;
MLA2591046684;https://articulo.mercadolibre.com.ar/MLA-2591046684;ok;;;Hi-vac Aspiradora Limpieza Calles Barrios Cerrados Country  - $ 25.000.000;Encontrá más productos en Mercado Libre;;;hi-vac;475d;2000;;Demaquinas;https://www.mercadolibre.com.ar/perfil/Demaquinas;;;;;;;;;;
MLA1590234747;https://articulo.mercadolibre.com.ar/MLA-1590234747;ok;;;Acoplado Tolva Cerealero Cestari En Santo Tome Envios Pais - $ 4.800.000;"Hay tractores también para la venta 
Envíos al país";;;Cestari;de tiro;2005;;Demaquinas;https://www.mercadolibre.com.ar/perfil/Demaquinas;;;;;;;;;;
MLA2005387098;https://articulo.mercadolibre.com.ar/MLA-2005387098;ok;;;Pala Cargadora Frontal Michigan M75hd Il - US$ 61.900;"Capacidad de carga: 3000 Kg
Capacidad de balde: 2 m3
Altura máxima de carga: 4737 mm
Altura máxima de descarga: 2806 mm
Comando operativo: Joystick Hidráulico
Tracción: 4WD
Caja de cambio:Powershift
Sistema de frenos: Caliper - Disco
Cabina: Sí
Vel. elevación de carga: 5,5 s
Peso Operativo: 10.500 Kg
Largo: 7200 mm
Ancho: 2500 mm
Alto: 3180 mm
Motor Marca: Weichai
Motor Potencia:92 Kw / 125 Hp
Motor Cilindrada: 6.75 L
Sistema eléctrico - Voltaje: 24 V

**CONSULTE POR FINANCIACIÓN**
**ENVÍOS A TODO EL PAÍS**
**CONTAMOS CON SERVICIO DE POST VENTA Y REPUESTOS ORIGINALES**";;;Michigan;M75HDII;2025;;Tzadikargentina;https://www.mercadolibre.com.ar/perfil/Tzadikargentina;;;;;;;;;;
MLA2247161844;https://articulo.mercadolibre.com.ar/MLA-2247161844;ok;;;Tractor Massey Ferguson 1098 Vea Video Funcionando Envios - US$ 25.000;"Massey Ferguson 1098 operativo funcionando 
Vea el vídeo funcionando 
Envíos a todo el país";;;Massey Ferguson;1098;1980;;Demaquinas;https://www.mercadolibre.com.ar/perfil/Demaquinas;;;;;;;;;;
MLA2627758162;https://articulo.mercadolibre.com.ar/MLA-2627758162;ok;;;Tractor 4x4 New Holland Tl75e Año 2011 Envíos Al País - US$ 35.000;"TRACTOR 4X4 ""NEW HOLLAND"" MOD. TL75E (NRO. DE SERIE L7ECR426217) - MOTOR ""MWM"" MOD. D229-4 (NRO. DE SERIE B1N473642) AÑO 2011 - 4 CILINDROS - TOMA DE FUERZA - 4 ENGANCHES HIDRAULICAS Y ENGANCHE DE 3 PUNTOS - 75 HP - 2400 RPM
Envíos a todo el país";;;New Holland;TL75-E;2011;;Demaquinas;https://www.mercadolibre.com.ar/perfil/Demaquinas;;;;;;;;;;
MLA1574362585;https://articulo.mercadolibre.com.ar/MLA-1574362585;ok;;;Pulverizadora Defloradora Segadora Big John Envíos Al País - US$ 25.000;"DEFLORADOR / SEGADORA ""BIG JOHN"" -MODELO AÑO 2008) RADICACION PROV. BS AS - MOD. 670D241F CON VIGIA  Y LLAVE - MOTOR ""JOHN DEERE"" (4045TF250) - 4 CILINDROS TURBO - (KW 93 - HP 124) - RODADO 290/95 R 34 GOODYEAR 
Hay 2 unidades similares a la venta patentadas
Envíos al país";;;Big John;670D241F;2008;;Demaquinas;https://www.mercadolibre.com.ar/perfil/Demaquinas;;;;;;;;;;
MLA2005387112;https://articulo.mercadolibre.com.ar/MLA-2005387112;ok;;;Pala Forrajera Michigan M55hd - US$ 38.000;"Capacidad de carga: 2000kg
Capacidad de balde: 1.2 m3 (Aprox.)
Altura máxima de carga: 4020 mm
Altura máxima de descarga: 3200 mm
Altura máxima a perno: 3980 mm
Comando operativo: Joystick Hidráulico
Tracción: 4WD
Caja de cambio: Powershift
Presión del sistema hidráulico: 16 MPa
Sistema de frenos: Aire
Cabina: Sí
Calefacción/Aire acondicionado: Si / Si
Vel. elevación de carga: 6 s
Ángulo de articulación: 32±3°
Velocidad de traslado (alta): 20 Km/h
Peso Operativo: 6270kg
Largo: 6350 mm
Ancho: 2200 mm
Alto: 2960 mm
Distancia entre ejes: 2750 mm
Trocha: 1730 mm
Mínima distancia al piso: 330 mm
Motor Marca: Kunming YUNNEI
Motor Potencia: 75kW / 100 Hp
Motor Torque Máximo: 414N•m/1800-1600rpm
Rodado Frontal: 16/70-24
Rodado Trasero: 16/70-24


**CONSULTE POR FINANCIACIÓN**
**ENVÍOS A TODO EL PAÍS**
**CONTAMOS CON SERVICIO DE POST VENTA Y REPUESTOS ORIGINALES**";;;Michigan;M55HD;2025;;Tzadikargentina;https://www.mercadolibre.com.ar/perfil/Tzadikargentina;;;;;;;;;;
MLA1503359637;https://articulo.mercadolibre.com.ar/MLA-1503359637;ok;;;Minitractor Cortacesped Husqvarna Nuevo Ts 217 Tm 0km 19hp - $ 12.331.321;"PATRONELLI MOTORSTORE - CONCESIONARIO OFICIAL HUSQVARNA!

TRACTOR CORTACÉSPED HUSQVARNA TS 217 TM!!

Nuevo Modelo: TS 217 TM
0km

El Husqvarna TS 217TM combina uso práctico y corte eficiente con un potente motor para céspedes grandes. Controles accesibles y asiento ajustable ofrecen confort y buena ergonomía. Cuenta con compartimentos para herramientas y una plataforma de corte de 108 cm con ajuste asistido por resorte para diversas alturas. El motor incluye filtro de aceite y cilindro doble, y su diseño robusto con ejes de hierro fundido garantiza durabilidad. El sistema ROS permite corte en reversa, y un parachoques estándar ofrece protección adicional.

Motor Husqvarna 
HV 635E
Cilindrada
635 c.c.
Altura de corte mínimo
2,5 cm
Altura de corte máxima
10 cm
Potencia
19,4 HP
Capacidad de combustible
13 lts
Capacidad de aceite
1,7 Lts.
Cilindros
Bicilíndrico
Velocidades
Automáticas
Método de conducción
Dos Pedales
Velocidad de desplazamiento
10 Km/h
Posiciones de altura
10
Ancho de Plataforma
42 ""
Luces delanteras
LED + DRL
Área recomendada
30.000 m2
Peso Bruto
230 Kg

PATRONELLI MOTORSTORE - CONCESIONARIO OFICIAL HUSQVARNA!";;;Husqvarna;TS 217 TM;2025;;Patronelli Motorstore;https://www.mercadolibre.com.ar/perfil/Patronelli Motorstore;;;;;;;;;;
MLA2078966046;https://articulo.mercadolibre.com.ar/MLA-2078966046;ok;;;Cargadora Frontal John Deere 310a Balde 1m3 C/retro Envios - US$ 25.000;Envíos al país;;;John Deere;310A;1990;;Demaquinas;https://www.mercadolibre.com.ar/perfil/Demaquinas;;;;;;;;;;
MLA2033486426;https://articulo.mercadolibre.com.ar/MLA-2033486426;ok;;;Mini Tractor Giro Cero Cortacesped Kawasaki 22 Hp / 132 Cm  - $ 18.500.000;"TRACTOR GIRO CERO STIGA 
Kawasaki 22 HP / Corte 132 cm

* IDEAL GRANDES PARQUES, COMPLEJOS DEPORTIVOS, ETC...
* RENDIMIENTO Y CONFIABILIDAD
* GRAN POTENCIA!
* VELOCIDAD Y CALIDAD!

Modelo- -GIRO CERO  -  ZT5132T
Ancho de corte-Cm.-132 (52"")
Velocidad óptima corte-Km/H-11,5
Potencia motor-HP-22
Marca - modelo- -KAWASAKI - FR691
Detalles motor-Tipo-2 CIL. - 725 CC - Nafta - 3100 RPM
Tanque combustible-Litros-11
Transmisión-Tipo-Hidrostática
Acople de cuchillas-Tipo-Embrague Electromagnético
Cuchillas cantidad-Cant.-3
Descarga del corte-Tipo-Lateral derecho
Posiciones de corte - 8
Alturas de corte-Cm.-Min. 3,8  /  Max. 11,4
Ruedas-Del / Tras.-11"" + 18""
Radio de giro-Cm.-CERO
Medidas (Largo x Ancho x Alto)-Metros-1,97 x 1,5 x 0,9
PESO NETO-KG.-280
Cuenta horas- -SI
Cinturón de seguridad- -SI";;;Stiga;ZT5132T;2024;;Silver Ton;https://www.mercadolibre.com.ar/perfil/Silver Ton;;;;;;;;;;
MLA2301604332;https://articulo.mercadolibre.com.ar/MLA-2301604332;ok;;;Pala Cargadora 1m Y 2m Usadas Aolite 816 835 Liugong - US$ 10.000;"PALAS CARGADORAS USADAS

PALA CARGADORA LIUGONG 816C 1M
AÑO 2012 CON 8500HS
MOTOR PERKINS
CAPACIDAD DE BALDE 1 M3
MONOCOMANDO JOYSTICK
CABINA DESMONTABLE
PESO OPERATIVO 6.000KG
PRECIO CONTADO $21.000 USD OFICIAL + IVA 

PALA CARGADORA AOLITE 1M ZL-929
AÑO 2014 CON 3000HS
MOTOR QUANCHAI
POTENCIA 100HP
CAPACIDAD DE BALDE 1 M3
MONOCOMANDO JOYSTICK
CABINA DESMONTABLE
CON TERCER VIA HIDRAULICA
PESO OPERATIVO 6.000KG
PRECIO CONTADO $22.000 USD OFICIAL + IVA 

PALA CARGADORA AOLITE 1M AL18
AÑO 2017 CON 2500HS
MOTOR YUCHAI
POTENCIA 100HP
CAPACIDAD DE BALDE 1 M3
MONOCOMANDO JOYSTICK
CABINA DESMONTABLE
CON TERCER VIA HIDRAULICA
PESO OPERATIVO 6.130KG
PRECIO CONTADO $18.000 USD OFICIAL + IVA 

PALA CARGADORA MICHIGAN C55
AÑO 1997
CAPACIDAD DE CARGA 2M
MECANICA MERCEDES BENZ 1114
FABRICACION BRASILERA
BATERIA NUEVA
PRECIO CONTADO $23.000 USD OFICIAL + IVA

PALA CARGADORA LIUGONG CLG 835
Año 2017
Motor Yuchai YC6J125Z-T22 
Potencia Bruta 92 kW (125 hp) @ 2000 rpm
Cabina ROPS / FOPS
Capacidad de Balde 1.8 m3
Capacidad de Carga 3000kg
Peso operativo 10125 kg
Tanque de combustible 140 L
PRECIO CONTADO $40.000 USD OFICIAL + IVA

PALA CARGADORA LIUGONG CLG 835
Año 2007 
Motor Cummins
Cabina ROPS / FOPS
Capacidad de Balde 1.8 m3
Capacidad de Carga 3000kg
Peso operativo 10125 kg
Tanque de combustible 140 L
PRECIO CONTADO $40.000 USD OFICIAL + IVA

Amplio stock de repuestos y servicios de postventa en todo el pais.
Financiacion!!! Tomamos tu usado!!!
Contamos con toda la linea Aolite/Liugong/Jiahe e implementos/herramientas.
Su consulta no molesta.

*** Todos los precios están sujetos a posibles modificaciones***

Valor publicado corresponde al anticipo!!

SOMOS EQUIPOS VIALES RUTA 2
Nos encontramos en zona Oeste de La Plata";;;Aolite;929;2014;8500;Equiposvialesr2;https://www.mercadolibre.com.ar/perfil/Equiposvialesr2;;;;;;;;;;
MLA2581111068;https://articulo.mercadolibre.com.ar/MLA-2581111068;ok;;;Pala Cargadora Caterpillar 938 Pala Cargadora 3m3 Nqnmaq - US$ 75.000;"Caterpillar 938H - Año 2012 

 9.000 hs de uso
 Revisada de punta a punta
 Máquina 100% recomendada
 Service recién realizados
 2 cubiertas nuevas + delanteras al 90%
 Lista para salir a trabajar hoy mismo

 Único titular desde 0km
 Máquina patentada

 Valor: USD 75.000
 Dólar billete o equivalente en pesos
 Entregamos en todo el país
 Tomamos permutas

 Plottier, Neuquén




    Somos NQN VIAL si buscas un camión usado o maquinaria estás en lo correcto.

	•	Recibimos tu camión o maquinaria en parte de pago.
	•	Ofertas reales y precios que marcan la diferencia.
	•	Llevamos la unidad hasta tu domicilio, estés donde estés en Argentina.
	•	Contamos con todas las marcas líderes: Scania, Mercedes, Iveco, Ford, VW, Volvo y más.
	•	Más de 90 camiones en stock listos para trabajar ya.

Con más de 10 años en el rubro, somos especialistas en compra, venta y logística de camiones y maquinarias en todo el país.

Contactanos hoy y hacé el mejor negocio para tu próximo camión.";;;caterpillar;938H;2012;9000;Nqnvial Ventas;https://www.mercadolibre.com.ar/perfil/Nqnvial Ventas;;;;;;;;;;
MLA2269570788;https://articulo.mercadolibre.com.ar/MLA-2269570788;ok;;;Sembradora Directa Sola 395-sd-a 175kg/ha Cebada Envios - $ 28.000.000;"COD.GR7162
Sembradora directa Sola 395-SD-A
Envíos al país 
Vea los detalles técnicos en las fotografías";;;Sola;super 395-sd.A;2000;;Demaquinas;https://www.mercadolibre.com.ar/perfil/Demaquinas;;;;;;;;;;
MLA2671568414;https://articulo.mercadolibre.com.ar/MLA-2671568414;ok;;;Tractor Hanomag Park2 - US$ 8.200;"Neumáticos: 31x9.5x16 tras / 23x8.5x12 del
Dirección: Hidráulica asistida
Salida Hidráulica: 1
Fuerza de Levante: 350 Kg.
Tipo de Levante: 3 Puntos Categoría 0
Velocidad Toma de Fuerza: 540 Rpm.
Eje Toma de Fuerza: 6 Estrías
Largo: 2650 mm.
Ancho: 1220 mm.
Alto: 1235 mm.
Distancia entre Ejes: 1480 mm.
Trocha Delantera: 1020
Trocha Trasera: 970
Despeje del Suelo (desde base transmisión): 240 mm.
Peso: 960
Techo / arco anti-vuelco: No
Potencia Toma de Fuerza (KW/HP): 21 hp.
Velocidades: 6+1 (3 altas + 3 bajas + 1 retroceso)
Marcha 1: 0 - 9 Km/h
Marcha 2: 5 - 16 Km/h
Marcha 3: 6 - 25 Km/h
Reversa 1: 4 Km/h
Motor Modelo: Hanomag
Motor Tipo: Diesel - Refrigerado por Agua
Motor Cilindros: 3
Tipo de cámara de combustión: Inyección directa
Motor carrera de pistones: 100/105
Potencia nominal (KW/HP): 19 Kw / 25.4 Hp
Máximas revoluciones (rpm): 2350
Consumo nominal de Combustible: 4.5 litros/hora
Aspiración nominal: Natural
Transmisión: Parquero Invertido 2WD
Tipo Sistema Eléctrico: 12 volts
Sistema de Arranque: Eléctrico
Tanque: 20 Litros

**TRASLADO DE MAQUINARIA Y ENTREGA EN TODOS LOS PUNTOS DEL PAÍS**
**CONTAMOS CON SERVICIO DE POST VENTA Y REPUESTOS ORIGINALES**";;;Hanomag;STARK PARK2;2025;;Tzadikargentina;https://www.mercadolibre.com.ar/perfil/Tzadikargentina;;;;;;;;;;
MLA2765283106;https://articulo.mercadolibre.com.ar/MLA-2765283106;ok;;;Tractor Agricola 4x4 Con Cabina De 160 Hp 4x4 - US$ 65.000;"Tracción Doble 4x4
Motor tipo: Diesel 6 cilindros, 4 tiempos, Inyeccion Directa. Tecnología Perkins. Refrigerado por Agua.
Potencia: 160 Hp
Desplazamiento: 5800 cm³
Número de marchas: 24 x 8
Rodado: 460-85R30 / 650-70R42
Cap. de tanque de combustible: 330L
Peso: 8000 Kg";;;Chery Bylion;Word 1604;2026;;Tzadikargentina;https://www.mercadolibre.com.ar/perfil/Tzadikargentina;;;;;;;;;;
MLA2402513178;https://articulo.mercadolibre.com.ar/MLA-2402513178;ok;;;Cargadora Hidráulica Frontal Articulada Sobre Neumáticos Hyu - US$ 45.000;"Cargadora hidráulica frontal articulada sobre neumáticos Hyundai, mod. Hl 780-3a, con motor 6 cil. (desarmada, con faltantes en motor, transmisión, interior, electricidad, como se encuentra y exhibe).-	Lote
Unidad patentada 
Envíos al país";;;Hyundai;780-3A;2015;;Demaquinas;https://www.mercadolibre.com.ar/perfil/Demaquinas;;;;;;;;;;
MLA2591341996;https://articulo.mercadolibre.com.ar/MLA-2591341996;ok;;;Rastrilladora Para Tractor 2,6mts Cmz Envíos Al País - $ 9.500.000;"HORQUILA RASTRILLADORA PARA TRACTOR MARCA ""CMZ"" - MEDIDAS: (FRENTE 2,60 MTS - ALTO 1,90 MTS) 
Envíos al país";;;CMZ;Rastrilladora;2005;;Demaquinas;https://www.mercadolibre.com.ar/perfil/Demaquinas;;;;;;;;;;
MLA2134292306;https://articulo.mercadolibre.com.ar/MLA-2134292306;ok;;;Mini Tractor Corta Malezas Y Césped Roland H T-rex 2wd 23hp - US$ 12.943;"TRACTODESMALEZADOR ROLANDH T REX 2WD 23HP 92CM


El Tractor Desmalezador Profesional ROLAND H T-REX es un equipo de alto rendimiento ideal para la limpieza y mantención de espacios verdes y/o agrestes en terrenos llanos, irregulares y hasta escarpados.
Sube pendientes de hasta 22º y resulta muy maniobrable en espacios reducidos.

Posee un Motor Briggs & Stratton Bicilíndrico VANGUARD 23HP.
TRANSMISIÓN HIDROSTÁTICA con TRACCIÓN TRASERA.
BLOQUEO DIFERENCIAL accionado mediante palanca.
Posición de conducción ergonómica con reposabrazos, volante con pomo y pantalla con indicadores de información básicos.
DIMENSIONES: 2350 x 1160 x 1740 mm (L x Ancho x Alto)
PESO: 398 Kg.
Unidad de corte desmalezador de 92 cm de ancho.
Amplia variedad de accesorios disponibles para su uso durante todo el año.

*ORIGEN EUROPEO

-.-.-.-.-.-.-

> IMPORTANTE: 

-EL PRECIO PUBLICADO ES FINAL, INCLUYE EL IVA DEL 10,5%

-LOS PRECIOS ESTÁN EXPRESADOS EN DÓLARES ESTADOUNIDENSES

-TIPO DE CAMBIO A DÓLAR OFICIAL VENTA BNA 

-PRECIO EN FÁBRICA (NO INCLUYE FLETE A CONCESIONARIO NI OTROS TRASLADOS)  

-FOTOS A MODO ILUSTRATIVO

-EL PRECIO PUBLICADO TIENE DESCUENTO QUE CORRESPONDE AL PAGO DE CONTADO

-CONSULTA POR FINANCIACIONES DISPONIBLES Y ENTREGA INMEDIATA EN CONCESIONARIOS";;;Roland H;T-Rex 2WD;2024;;Roland H;https://www.mercadolibre.com.ar/perfil/Roland H;;;;;;;;;;
MLA1974747558;https://articulo.mercadolibre.com.ar/MLA-1974747558;ok;;;Tractor Hanomag 800/4 - US$ 25.700;Encontrá más productos en Mercado Libre;;;Hanomag;800/4;2025;;Tzadikargentina;https://www.mercadolibre.com.ar/perfil/Tzadikargentina;;;;;;;;;;
MLA2576693782;https://articulo.mercadolibre.com.ar/MLA-2576693782;ok;;;Pala Cargadora Frontal Nueva Para Tractores Varios  - $ 6.490.000;"Pala Cargadora Frontal de 3 Cilindros MODELO GS-410

Para Tractor de hasta 70HP, Marca: MASSEY FERGUSON, FIAT, DEUTZ, AGCO ALLIS, APACHE, NEW HOLLAND, PAUNY (modelos varios)

- Brazos: Estructura reforzada tipo doble “C”, realizada en perfiles de chapa espesor 3/16"" plegados y soldados. El plegado interno de los perfiles “C”, aumenta la resistencia de los brazos otorgándole mayor rigidez al sistema.

- Balde: Capacidad aprox. 1/2m3, ancho 1,50m, totalmente reforzado.

- Pernos y Bujes de Acero SAE 1045.

- Refuerzos en chapa de espesores 1/4”, 5/16"" y 3/8"".

- Sistema de hidráulico compuesto por: 3 cilindros.
. Cilindros de 2 1/2”. Vástagos reforzados de 38mm. Levante brazos.
. Cilindro de 2 1/2”. Vástagos reforzados de 38mm. Movimiento balde.

- Mangueras hidráulicas de 3/8"" R2, accesorios hidráulicos y acoples rápidos hasta control remoto.

- Altura de levante máximo aprox. 3,80 metros.

- Soporte Base de la Pala para el Tractor.

Sistema de ACOPLE RAPIDO, para la incorporación de otros accesorios, como Pinche para Rollos, Accesorio Porta Pallet fijo o móvil, Cargador de Big-Bag, entre otros.

Pala de fácil manejo para el operario, y gran versatilidad en usos varios, fabricada con refuerzos internos.

Opcional:
- Accesorio Pinche para Rollos.
- Accesorio Porta Pallet.
- Accesorio Cargador de Big-Bag

Forma de Pago
- Financiación con CHEQUES a plazos 0/30 días.
- CONTADO. 
- Consultar otras formas de pago.";;;GESER;GS-510 y otros modelos;2024;;Geser Metalúrgica;https://www.mercadolibre.com.ar/perfil/Geser Metalúrgica;;;;;;;;;;
MLA2627838978;https://articulo.mercadolibre.com.ar/MLA-2627838978;ok;;;Fertilizadora Altina Chimango Tractor Comedero Cintas Envíos - $ 15.000.000;"Gran cantidad de equipos a la venta en general Deheza por renovación de importante aceitera 
Envíos a todo el país 
En la publicación están las fotografías con el inventario general de bienes a la venta entre ellos tractores pulverizadores cintas chimangos comederos y otras
Hacemos envíos a todo el país";;;Altina;Neumática;2000;;Demaquinas;https://www.mercadolibre.com.ar/perfil/Demaquinas;;;;;;;;;;
MLA1575417583;https://articulo.mercadolibre.com.ar/MLA-1575417583;ok;;;Tractor Massey Ferguson 1045 C/3p Toma Gomas 90% Envíos - US$ 9.500;"COD.GR8412
Tractor operativo y funcionando 
Tiene salida de fuerza hidráulica y salida para Desmalezadora mecánica levante 3 puntos motor Perkins 4 diésel 
Equipo en estado de uso original 
Envíos al país 
Vea el vídeo funcionando";;;Massey Ferguson;1045;1990;;Demaquinas;https://www.mercadolibre.com.ar/perfil/Demaquinas;;;;;;;;;;
MLA2301787498;https://articulo.mercadolibre.com.ar/MLA-2301787498;ok;;;Pala Cargadora Mountain Raise Para 2 Toneladas Mr930e - US$ 27.800;"CARGADOR FRONTAL MOUNTAIN RAISE MR930E  
MARCA MOUNTAIN RAISE MR930E 4WD DOBLE TRACCION LINEA EUROPEA 0KM.
TIPO: CARGADOR FRONTAL 0KM
CAPACIDAD DE CARGA NOMINAL : 2000-2200 KG
CAPACIDAD DE BALDE: 1.10 M3
MOTOR YUNNEI 38GBZ  DE 3298 CC , TURBO DIESEL.
POTENCIA: 102 HP
TRANSMICION AUTOMATICA CON CONVERTIDORT DE PAR.
ALTURA DE ELEVACION: 4500 MM
ALTURA DE DESCARGA: 3420 MM
RADIO DE GIRO: 5000 MM
DIMENSIONES: 5300x1860x2700 MM
RODADO: 16-70-20
CAMARA  VISION TRASERA CON PANTALLA EN CABINA PARA  RETROCESO
CABINA ALECCIONADA CON VIDRIOS TEMPLADOS.
BALIZA Y SIRENA PARA RETROCESO.
FRENOS DE AIRE
OPCIONAL: TERCERA VIA
OBS: TODAS LAS MAQUINAS VIENEN EQUIPADAS CON JOYSTICK 
TERCERA VÍA HIDRÁULICA , CALEFACCIÓN , LUCES DE LEED ,
SIRENA Y BALIZAS AUTOMÁTICAS EN RETROCESO Y CÁMARA TRASERA 180° CON PANTALLA EN CABINA.
OPCIONAL ACOPLE RÁPIDO.
DISPONIBLE EN COLOR AMARILLO Y/O BLANCO.
PRECIO CONTADO MAS IVA DE 10.5%.
ENTREGA INMEDIATA , UNIDADES EN STOCK";;;MOUNTAIN RAISE;MR930E;2025;;Nuna2023;https://www.mercadolibre.com.ar/perfil/Nuna2023;;;;;;;;;;
MLA2134175704;https://articulo.mercadolibre.com.ar/MLA-2134175704;ok;;;Tractor Corta Malezas Y Arbustos H001 5x4 Motor Rh Electrico - US$ 6.557;"H001 5X4 MOTOCORTADORA DE CÉSPED c/ MOTOR RH 15 HP ARRANQUE ELÉCTRICO
 
Roland H te ayuda a equiparte con la más efectiva gama de productos para el Desmalezado y Mantenimiento de áreas verdes: H001 la “Carne ´e Perro” Motocortadoras autopropulsadas que conquistan el mercado latinoamericano.


> CARACTERÍSTICAS:

ANCHO DE CORTE: 70CM
ALTURA DE CORTE: Regulación milimétrica de corte de 0 a 15 cm.
SISTEMA DE DESACOPLE DE CUCHILLAS.
SISTEMA DE CORTE: “Discorte” (disco y cuchillas de acero 1045 al boro) apto para cortar césped, malezas y arbustos.
TRACCIÓN: En las dos ruedas delanteras.
DIRECCIÓN: Trasera con ruedas duales para mayor estabilidad.
SISTEMA DE AMORTIGUACIÓN EN EL ASIENTO para la absorción de golpes e irregularidades del terreno.
RADIO DE GIRO EQUIVALENTE A 0º: La dirección trasera, sumada al sistema diferencial autobloqueante, permite al equipo girar sobre su mismo eje, dando lugar a una gran maniobrabilidad para cortar en espacios reducidos o alrededor de árboles, plantas u objetos.

AHORA con:
_Acelerador manual de motor de 3 velocidades.
_Frenos hidráulicos de doble disco con bloqueo.
_Apoya pie.
_Sistema “hombre al agua” e apagado inmediato y botón cortacorriente.
 

OPCIONALES:

_Motor Roland H de 15hp o Briggs Stratton de 13.5 hp.
_Arranque Manual o Eléctrico.
_Cubiertas neumáticas agrícola semirígida con cámara. Doble ancho.
_Sistema de encanche.
_Babero anti-impacto que potege de posibles elementos expulsados.


IMPLEMENTOS IDEALES: 
_Recolector de Césped o Malezas YF-R1000PROMAX
_Carrito Volcador para Jardín YF-CT100
_Sembradora por Voleo YF-SV1/3M3
_Sembradora Lineal YF-SL1000
_Rolo para Compactación de Suelo YF-RL1000
_Sliser YF-S3EN1
_Pulverizadora YF-P210LTS etc.

 

>> IMPORTANTE: 

-EL PRECIO PUBLICADO ES FINAL, INCLUYE EL IVA DEL 10,5%

-LOS PRECIOS ESTÁN EXPRESADOS EN DÓLARES ESTADOUNIDENSES

-TIPO DE CAMBIO A DÓLAR OFICIAL VENTA BNA 

-PRECIO EN FÁBRICA (NO INCLUYE FLETE A CONCESIONARIO NI OTROS TRASLADOS)  

-FOTOS A MODO ILUSTRATIVO

-EL PRECIO PUBLICADO TIENE DESCUENTO QUE CORRESPONDE AL PAGO DE CONTADO

-CONSULTA POR FINANCIACIONES DISPONIBLES Y ENTREGA INMEDIATA EN CONCESIONARIOS";;;Roland H;H001 5X4;2024;;Roland H;https://www.mercadolibre.com.ar/perfil/Roland H;;;;;;;;;;
MLA1579005825;https://articulo.mercadolibre.com.ar/MLA-1579005825;ok;;;Tractor Hanomag 500/2 Agricola 2025 - $ 18.400.000;"Modelo: 500/2A
Código: 10505046N
Caracteristicas Especiales

Neumáticos: Del 7.50-16 10PR Tras 13.6-24 12PR
Dirección: Hidráulica
Salida Hidráulica: 2 Salidas doble efecto
Fuerza de Levante: 683 Kg
Tipo de Levante: 3 puntos / Categoría 1
Velocidad Toma de Fuerza: --
Eje Toma de Fuerza: 6 estrías / 540-1000 rpm
Largo: 3000 mm
Ancho: 1600 mm
Alto: 1500 mm
Distancia entre Ejes: 1950 mm
Trocha Delantera: 1210 mm
Trocha Trasera: 1190 mm
Despeje del Suelo (desde base transmisión): 295 mm
Peso: 1580 Kg
Techo / arco anti-vuelco: SI
Lastre: No
Torque: --
Potencia Toma de Fuerza (KW/HP): --
Velocidades: 8 Adelante + 2 Atrás (alta y baja)
Marcha 1: --
Marcha 2: --
Marcha 3: --
Marcha 4: --
Marcha 5: --
Reversa 1: --
Reversa 2: --
Motor Modelo: Hanomag
Motor Tipo: Diesel - Refrigerado por Agua
Motor Cilindros: 4
Tipo de cámara de combustión: --
Motor carrera de pistones: --
Potencia nominal (KW/HP): 37.2 Kw / 50 Hp
Máximas revoluciones (rpm): 2400
Consumo nominal de Combustible: --
Aspiración nominal: --
Transmisión: 2WD
Tipo Sistema Eléctrico: --
Sistema de Arranque: --
Tanque: 30 lts";;;Hanomag;500/2;2025;;Jimvaltra;https://www.mercadolibre.com.ar/perfil/Jimvaltra;;;;;;;;;;
MLA2478809902;https://articulo.mercadolibre.com.ar/MLA-2478809902;ok;;;Oferta Cargador De Algodon Gs2100 - US$ 11.900;"Capacidad: 1,20 m3
Adaptable a cualquier potencia y modelo de tractor.
Altura de trabajo: optima para carga de algodón.
Canasto ancho de trabajo de 2. 10 mts
Se estima una altura mínima de trabajos a realizar en 5,20mts, depende del rodado del tractor";;;GESER;GS210;2024;;Geser Metalúrgica;https://www.mercadolibre.com.ar/perfil/Geser Metalúrgica;;;;;;;;;;
MLA2033279008;https://articulo.mercadolibre.com.ar/MLA-2033279008;ok;;;Mini Tractor Giro Cero Cortacesped Profesional 20hp / 122 Cm - $ 13.300.000;"TRACTOR CORTACESPED GIRO CERO Z-BEAST
Briggs Straton 20 HP / Corte 122 cm

* IDEAL GRANDES PARQUES, COMPLEJOS DEPORTIVOS, ETC...
* RENDIMIENTO Y CONFIABILIDAD
* GRAN POTENCIA!
* VELOCIDAD Y CALIDAD!

CONSULTE FINANCIACIÓN!

Marca: Z-BEAST
Modelo GIRO CERO PRO-4820
Ancho de corte (Cm.) 122 (48"")
Velocidad óptima corte (Km/h) 10,8
Potencia motor 20 HP
Marca – modelo BRIGGS STRATON - OHV 
Detalles motor Tipo 2 Cilindros - 655 CC - Nafta - 2200 RPM
Tanque combustible Litros 9
Transmisión Tipo Hidrostática doble diferencial
Acople de cuchillas con embrague electromagnético
Cuchillas cantidad 3
Descarga del corte Tipo Lateral derecho
Posiciones de corte 8
Alturas de corte Min. 3,5 / Max. 12,5 Cm
Ruedas Del / Tras. 13"" (33 cm) + 20"" (51 cm)
Radio de giro Cm. CERO
Medidas (Largo x Ancho x Alto) Metros 1,95 x 1,2 x 1
Peso Kg. 265
Cuenta horas SI
Barra Antivuelco SI
Cinturón de seguridad SI";;;Z-BEAST;PRO-4820;2025;;Silver Ton;https://www.mercadolibre.com.ar/perfil/Silver Ton;;;;;;;;;;
MLA2052452040;https://articulo.mercadolibre.com.ar/MLA-2052452040;ok;;;Acoplado Tanque Plastico | Argenplast - $ 50.000;"EL PRECIO SE LO BRINDAMOS POR PRIVADO. EL PRECIO DE SEÑA ES SIMBOLICO!

CONSULTAR POR FORMAS DE PAGO | ¡FINANCIACION PROPIA!

CARACTERÍSTICAS TÉCNICAS: 

Tanque Plastico: 
Fabricado en Polietileno Virgen 100% con el proceso de Roto Moldeo. La calidad suprema del polietileno con el que se fabrica, lo hacen apto para el trasporte de líquidos para el consumo humano. Totalmente atóxicos. Su superficie suave lo hace resistente a la formación de hongos o sustancias que puedan contaminar el contenido.

Chasis: Plegado con chapas de 3/16 y 1/4 – 2 Ejes cuadrados 3”. Trocha 1.800 – Centro 150. Masas estándar de cinco agujeros, montado sobre cojinetes cónicos regulables. Tren delantero con Aro Giratorio de vuelta entera con aro a bolilla. Elásticos reforzados con pernos de acero. 
Lanza antivuelco con ojo giratorio de acero, con resorte y tuerca. Llantas según rodado Alta Flotación. Guardabarros en los cuatros ruedas. Escalera exterior.

Pintura: Tratamiento de fosfatizado, desengrasado, base primer y pintura poliuretánica industrial

Aptos para: Agua, Lácteos y derivados como permeado de suero, Algunos Productos Químicos, Fertilizantes, Uan, combustibles, glucosa y otros líquidos.";;;Argenplast;1.000 | 2.000 | 3.000 | 3.500 Litros;2024;;Argenplast Srl;https://www.mercadolibre.com.ar/perfil/Argenplast Srl;;;;;;;;;;
MLA2052233312;https://articulo.mercadolibre.com.ar/MLA-2052233312;ok;;;Tanque Subterráneo Prfv Filament | Argenplast - $ 50.000;"EL PRECIO SE LO BRINDAMOS POR PRIVADO. EL PRECIO DE SEÑA ES SIMBOLICO!

CONSULTAR POR FORMAS DE PAGO | ¡FINANCIACION PROPIA!

Descripción Técnica:

Capa Interior: Resina Isoftalica 118: Apto higiénico-sanitario como materia prima para la producción de envases en contacto directo con alimentos, certificado SENASA E-2584 cumpliendo con Mercosur GMC-resolución N°: 3/92

Tanque PRFV: Construido íntegramente en PRFV (poliéster reforzado con fibra de vidrio).
Sistema de Fabricación: Filament Winding (fibras de vidrio pretensadas impregnadas en resina). Según Norma ASTM D3299. Atóxicos (no contaminan el contenido). Liso brillante por Dentro.
Alta resistencia mecánica conferida por la fibra de vidrio. Inhibidor de rayos ultra violetas

Aptos para: Agua, Lácteos y derivados como permeado de suero, Algunos Productos Químicos, Fertilizantes, Uan, Aceite de Soja, gas oíl, biodiesel, glucosa y otros líquidos. Aptos para Intemperie. Temperatura Ambiente.";;;Argenplast;10.000 a 60.000 Ltrs;2024;;Argenplast Srl;https://www.mercadolibre.com.ar/perfil/Argenplast Srl;;;;;;;;;;
MLA1578915461;https://articulo.mercadolibre.com.ar/MLA-1578915461;ok;;;Hanomag Stark 500/4 2025 - $ 20.900.000;"Tractor Agricola 4x4 de 56 hP. Doble salida hidráulica. Toma de fuerza. Levanté tres puntos. Ágil y económico.
Concesionaria oficial Michigan y Hanomag. Implementos Agricolas y Accesorios Viales y Agricolas. Flete propio. Financiación.";;;HANOMAG STARK 500/4;500/4;2025;;Jimvaltra;https://www.mercadolibre.com.ar/perfil/Jimvaltra;;;;;;;;;;
MLA2397554360;https://articulo.mercadolibre.com.ar/MLA-2397554360;ok;;;Pala Cargadora 938h Taurus Linea Premium - 2 Mts3 - 125hp -  - US$ 80.900;"Detalles técnicos:
Capacidad de balde: 1.8m3
Capacidad de carga: 3000kg.
Altura máxima de descarga: 3.900mm.
Motor: DEUTZ 
Potencia del motor: 123hp.
Neumaticos: 17.5-25
Distancia del suelo: 371 mm
Velocidades: 2 adelante / 1 atrás
Peso operativo: 10.500 kg
Dimensiones: 7008x2520x3277 mm";;;Pala cargadora Taurus;Premium 938H;2024;;Grupo Taurus;https://www.mercadolibre.com.ar/perfil/Grupo Taurus;;;;;;;;;;
